yearweek,total_killed,q3,survey_date,intifada,week0ago,week1ago,week2ago,week3ago,week4ago,week5ago,week6ago,week7ago,week8ago
2001-W30,NA,2.192842942,31/07/2001,1,0,0,0,0,0,0,0,0,0
2001-W31,16,NA,NA,1,16,0,0,0,0,0,0,0,0
2001-W32,NA,NA,NA,1,0,16,0,0,0,0,0,0,0
2001-W33,6,NA,NA,1,6,0,16,0,0,0,0,0,0
2001-W34,4,2.38627451,30/08/2001,1,4,6,0,16,0,0,0,0,0
2001-W35,NA,NA,NA,1,0,4,6,0,16,0,0,0,0
2001-W36,9,NA,NA,1,9,0,4,6,0,16,0,0,0
2001-W37,2,NA,NA,1,2,9,0,4,6,0,16,0,0
2001-W38,2,2.28458498,26/09/2001,1,2,2,9,0,4,6,0,16,0
2001-W39,6,NA,NA,1,6,2,2,9,0,4,6,0,16
2001-W40,1,NA,NA,1,1,6,2,2,9,0,4,6,0
2001-W41,2,NA,NA,1,2,1,6,2,2,9,0,4,6
2001-W42,NA,NA,NA,1,0,2,1,6,2,2,9,0,4
2001-W43,6,2.150793651,31/10/2001,1,6,0,2,1,6,2,2,9,0
2001-W44,4,NA,NA,1,4,6,0,2,1,6,2,2,9
2001-W45,1,NA,NA,1,1,4,6,0,2,1,6,2,2
2001-W46,1,NA,NA,1,1,1,4,6,0,2,1,6,2
2001-W47,18,2.17794971,29/11/2001,1,18,1,1,4,6,0,2,1,6
2001-W48,15,NA,NA,1,15,18,1,1,4,6,0,2,1
2001-W49,10,NA,NA,1,10,15,18,1,1,4,6,0,2
2001-W50,NA,NA,NA,1,0,10,15,18,1,1,4,6,0
2001-W51,NA,NA,NA,1,0,0,10,15,18,1,1,4,6
2001-W52,NA,2.18503937,31/12/2001,1,0,0,0,10,15,18,1,1,4
2002-W00,NA,NA,NA,1,0,0,0,0,10,15,18,1,1
2002-W01,4,NA,NA,1,4,0,0,0,0,10,15,18,1
2002-W02,9,NA,NA,1,9,4,0,0,0,0,10,15,18
2002-W03,2,NA,NA,1,2,9,4,0,0,0,0,10,15
2002-W04,1,2.273809524,31/01/2002,1,1,2,9,4,0,0,0,0,10
2002-W05,5,NA,NA,1,5,1,2,9,4,0,0,0,0
2002-W06,8,NA,NA,1,8,5,1,2,9,4,0,0,0
2002-W07,11,NA,NA,1,11,8,5,1,2,9,4,0,0
2002-W08,18,2.09375,28/02/2002,1,18,11,8,5,1,2,9,4,0
2002-W09,35,NA,NA,1,35,18,11,8,5,1,2,9,4
2002-W10,6,NA,NA,1,6,35,18,11,8,5,1,2,9
2002-W11,12,NA,NA,1,12,6,35,18,11,8,5,1,2
2002-W12,41,1.978217822,25/03/2002,1,41,12,6,35,18,11,8,5,1
2002-W13,26,NA,NA,1,26,41,12,6,35,18,11,8,5
2002-W14,29,NA,NA,1,29,26,41,12,6,35,18,11,8
2002-W15,1,NA,NA,1,1,29,26,41,12,6,35,18,11
2002-W16,5,NA,25/04/2002,1,5,1,29,26,41,12,6,35,18
2002-W17,1,NA,NA,1,1,5,1,29,26,41,12,6,35
2002-W18,15,NA,NA,1,15,1,5,1,29,26,41,12,6
2002-W19,1,NA,NA,1,1,15,1,5,1,29,26,41,12
2002-W20,6,NA,NA,1,6,1,15,1,5,1,29,26,41
2002-W21,6,2.181818182,31/05/2002,1,6,6,1,15,1,5,1,29,26
2002-W22,21,NA,NA,1,21,6,6,1,15,1,5,1,29
2002-W23,4,NA,NA,1,4,21,6,6,1,15,1,5,1
2002-W24,32,NA,NA,1,32,4,21,6,6,1,15,1,5
2002-W25,NA,NA,NA,1,0,32,4,21,6,6,1,15,1
2002-W26,NA,2.323353293,30/06/2002,1,0,0,32,4,21,6,6,1,15
2002-W27,1,NA,NA,1,1,0,0,32,4,21,6,6,1
2002-W28,12,NA,NA,1,12,1,0,0,32,4,21,6,6
2002-W29,5,NA,NA,1,5,12,1,0,0,32,4,21,6
2002-W30,8,2.113948919,31/07/2002,1,8,5,12,1,0,0,32,4,21
2002-W31,11,NA,NA,1,11,8,5,12,1,0,0,32,4
2002-W32,NA,NA,NA,1,0,11,8,5,12,1,0,0,32
2002-W33,1,NA,NA,1,1,0,11,8,5,12,1,0,0
2002-W34,NA,2.131782946,31/08/2002,1,0,1,0,11,8,5,12,1,0
2002-W35,2,NA,NA,1,2,0,1,0,11,8,5,12,1
2002-W36,NA,NA,NA,1,0,2,0,1,0,11,8,5,12
2002-W37,8,NA,NA,1,8,0,2,0,1,0,11,8,5
2002-W38,2,NA,NA,1,2,8,0,2,0,1,0,11,8
2002-W39,1,NA,30/09/2002,1,1,2,8,0,2,0,1,0,11
2002-W40,2,NA,NA,1,2,1,2,8,0,2,0,1,0
2002-W41,NA,NA,NA,1,0,2,1,2,8,0,2,0,1
2002-W42,13,NA,NA,1,13,0,2,1,2,8,0,2,0
2002-W43,6,2.187747036,30/10/2002,1,6,13,0,2,1,2,8,0,2
2002-W44,5,NA,NA,1,5,6,13,0,2,1,2,8,0
2002-W45,17,NA,NA,1,17,5,6,13,0,2,1,2,8
2002-W46,12,NA,NA,1,12,17,5,6,13,0,2,1,2
2002-W47,6,2.13243762,30/11/2002,1,6,12,17,5,6,13,0,2,1
2002-W48,NA,NA,NA,1,0,6,12,17,5,6,13,0,2
2002-W49,2,NA,NA,1,2,0,6,12,17,5,6,13,0
2002-W50,1,NA,NA,1,1,2,0,6,12,17,5,6,13
2002-W51,4,NA,NA,1,4,1,2,0,6,12,17,5,6
2002-W52,NA,2.156435644,31/12/2002,1,0,4,1,2,0,6,12,17,5
2003-W00,1,NA,NA,1,1,0,4,1,2,0,6,12,17
2003-W01,15,NA,NA,1,15,1,0,4,1,2,0,6,12
2003-W02,3,NA,NA,1,3,15,1,0,4,1,2,0,6
2003-W03,3,NA,NA,1,3,3,15,1,0,4,1,2,0
2003-W04,NA,2.131212724,31/01/2003,1,0,3,3,15,1,0,4,1,2
2003-W05,2,NA,NA,1,2,0,3,3,15,1,0,4,1
2003-W06,6,NA,NA,1,6,2,0,3,3,15,1,0,4
2003-W07,NA,NA,NA,1,0,6,2,0,3,3,15,1,0
2003-W08,1,2.075098814,28/02/2003,1,1,0,6,2,0,3,3,15,1
2003-W09,19,NA,NA,1,19,1,0,6,2,0,3,3,15
2003-W10,2,NA,NA,1,2,19,1,0,6,2,0,3,3
2003-W11,2,NA,NA,1,2,2,19,1,0,6,2,0,3
2003-W12,NA,NA,NA,1,0,2,2,19,1,0,6,2,0
2003-W13,NA,2.12749004,31/03/2003,1,0,0,2,2,19,1,0,6,2
2003-W14,2,NA,NA,1,2,0,0,2,2,19,1,0,6
2003-W15,2,NA,NA,1,2,2,0,0,2,2,19,1,0
2003-W16,2,NA,NA,1,2,2,2,0,0,2,2,19,1
2003-W17,NA,1.962745098,30/04/2003,1,0,2,2,2,0,0,2,2,19
2003-W18,1,NA,NA,1,1,0,2,2,2,0,0,2,2
2003-W19,3,NA,NA,1,3,1,0,2,2,2,0,0,2
2003-W20,9,NA,NA,1,9,3,1,0,2,2,2,0,0
2003-W21,NA,NA,30/05/2003,1,0,9,3,1,0,2,2,2,0
2003-W22,NA,NA,NA,1,0,0,9,3,1,0,2,2,2
2003-W23,24,NA,NA,1,24,0,0,9,3,1,0,2,2
2003-W24,3,NA,NA,1,3,24,0,0,9,3,1,0,2
2003-W25,2,NA,NA,1,2,3,24,0,0,9,3,1,0
2003-W26,NA,NA,30/06/2003,1,0,2,3,24,0,0,9,3,1
2003-W27,1,NA,NA,1,1,0,2,3,24,0,0,9,3
2003-W28,1,NA,NA,1,1,1,0,2,3,24,0,0,9
2003-W29,NA,NA,NA,1,0,1,1,0,2,3,24,0,0
2003-W30,NA,1.938735178,31/07/2003,1,0,0,1,1,0,2,3,24,0
2003-W31,1,NA,NA,1,1,0,0,1,1,0,2,3,24
2003-W32,3,NA,NA,1,3,1,0,0,1,1,0,2,3
2003-W33,23,NA,NA,1,23,3,1,0,0,1,1,0,2
2003-W34,1,NA,NA,1,1,23,3,1,0,0,1,1,0
2003-W35,2,2.150390625,31/08/2003,1,2,1,23,3,1,0,0,1,1
2003-W36,16,NA,NA,1,16,2,1,23,3,1,0,0,1
2003-W37,NA,NA,NA,1,0,16,2,1,23,3,1,0,0
2003-W38,3,NA,NA,1,3,0,16,2,1,23,3,1,0
2003-W39,21,2.087548638,30/09/2003,1,21,3,0,16,2,1,23,3,1
2003-W40,NA,NA,NA,1,0,21,3,0,16,2,1,23,3
2003-W41,NA,NA,NA,1,0,0,21,3,0,16,2,1,23
2003-W42,6,NA,NA,1,6,0,0,21,3,0,16,2,1
2003-W43,NA,2.035714286,30/10/2003,1,0,6,0,0,21,3,0,16,2
2003-W44,NA,NA,NA,1,0,0,6,0,0,21,3,0,16
2003-W45,NA,NA,NA,1,0,0,0,6,0,0,21,3,0
2003-W46,4,NA,NA,1,4,0,0,0,6,0,0,21,3
2003-W47,NA,NA,NA,1,0,4,0,0,0,6,0,0,21
2003-W48,NA,1.880626223,30/11/2003,1,0,0,4,0,0,0,6,0,0
2003-W49,NA,NA,NA,1,0,0,0,4,0,0,0,6,0
2003-W50,NA,NA,NA,1,0,0,0,0,4,0,0,0,6
2003-W51,6,NA,NA,1,6,0,0,0,0,4,0,0,0
2003-W52,NA,2.015717092,31/12/2003,1,0,6,0,0,0,0,4,0,0
2004-W00,NA,NA,NA,1,0,0,6,0,0,0,0,4,0
2004-W01,NA,NA,NA,1,0,0,0,6,0,0,0,0,4
2004-W02,5,NA,NA,1,5,0,0,0,6,0,0,0,0
2004-W03,NA,NA,NA,1,0,5,0,0,0,6,0,0,0
2004-W04,11,1.942345924,29/01/2004,1,11,0,5,0,0,0,6,0,0
2004-W05,NA,NA,NA,1,0,11,0,5,0,0,0,6,0
2004-W06,NA,NA,NA,1,0,0,11,0,5,0,0,0,6
2004-W07,NA,NA,NA,1,0,0,0,11,0,5,0,0,0
2004-W08,11,NA,NA,1,11,0,0,0,11,0,5,0,0
2004-W09,NA,2.121568627,29/02/2004,1,0,11,0,0,0,11,0,5,0
2004-W10,NA,NA,NA,1,0,0,11,0,0,0,11,0,5
2004-W11,11,NA,NA,1,11,0,0,11,0,0,0,11,0
2004-W12,NA,NA,NA,1,0,11,0,0,11,0,0,0,11
2004-W13,1,2.118577075,31/03/2004,1,1,0,11,0,0,11,0,0,0
2004-W14,NA,NA,NA,1,0,1,0,11,0,0,11,0,0
2004-W15,1,NA,NA,1,1,0,1,0,11,0,0,11,0
2004-W16,NA,NA,NA,1,0,1,0,1,0,11,0,0,11
2004-W17,1,2.137254902,30/04/2004,1,1,0,1,0,1,0,11,0,0
2004-W18,5,NA,NA,1,5,1,0,1,0,1,0,11,0
2004-W19,13,NA,NA,1,13,5,1,0,1,0,1,0,11
2004-W20,NA,NA,NA,1,0,13,5,1,0,1,0,1,0
2004-W21,1,NA,NA,1,1,0,13,5,1,0,1,0,1
2004-W22,NA,1.986512524,31/05/2004,1,0,1,0,13,5,1,0,1,0
2004-W23,NA,NA,NA,1,0,0,1,0,13,5,1,0,1
2004-W24,NA,NA,NA,1,0,0,0,1,0,13,5,1,0
2004-W25,NA,NA,NA,1,0,0,0,0,1,0,13,5,1
2004-W26,4,1.966601179,30/06/2004,1,4,0,0,0,0,1,0,13,5
2004-W27,2,NA,NA,1,2,4,0,0,0,0,1,0,13
2004-W28,1,NA,NA,1,1,2,4,0,0,0,0,1,0
2004-W29,NA,NA,NA,1,0,1,2,4,0,0,0,0,1
2004-W30,NA,2.186138614,31/07/2004,1,0,0,1,2,4,0,0,0,0
2004-W31,NA,NA,NA,1,0,0,0,1,2,4,0,0,0
2004-W32,1,NA,NA,1,1,0,0,0,1,2,4,0,0
2004-W33,NA,NA,NA,1,0,1,0,0,0,1,2,4,0
2004-W34,NA,NA,NA,1,0,0,1,0,0,0,1,2,4
2004-W35,16,2.041666667,31/08/2004,1,16,0,0,1,0,0,0,1,2
2004-W36,NA,NA,NA,1,0,16,0,0,1,0,0,0,1
2004-W37,NA,NA,NA,1,0,0,16,0,0,1,0,0,0
2004-W38,6,NA,NA,1,6,0,0,16,0,0,1,0,0
2004-W39,5,2.007575758,28/09/2004,1,5,6,0,0,16,0,0,1,0
2004-W40,NA,NA,NA,1,0,5,6,0,0,16,0,0,1
2004-W41,NA,NA,NA,1,0,0,5,6,0,0,16,0,0
2004-W42,2,NA,NA,1,2,0,0,5,6,0,0,16,0
2004-W43,1,2.003944773,30/10/2004,1,1,2,0,0,5,6,0,0,16
2004-W44,3,NA,NA,1,3,1,2,0,0,5,6,0,0
2004-W45,NA,NA,NA,1,0,3,1,2,0,0,5,6,0
2004-W46,NA,NA,NA,1,0,0,3,1,2,0,0,5,6
2004-W47,NA,NA,NA,1,0,0,0,3,1,2,0,0,5
2004-W48,NA,1.92745098,30/11/2004,1,0,0,0,0,3,1,2,0,0
2004-W49,1,NA,NA,1,1,0,0,0,0,3,1,2,0
2004-W50,5,NA,NA,1,5,1,0,0,0,0,3,1,2
2004-W51,2,NA,NA,1,2,5,1,0,0,0,0,3,1
2004-W52,NA,1.878612717,29/12/2004,1,0,2,5,1,0,0,0,0,3
2005-W00,NA,NA,NA,1,0,0,2,5,1,0,0,0,0
2005-W01,4,NA,NA,1,4,0,0,2,5,1,0,0,0
2005-W02,8,NA,NA,1,8,4,0,0,2,5,1,0,0
2005-W03,1,NA,NA,1,1,8,4,0,0,2,5,1,0
2005-W04,NA,NA,NA,1,0,1,8,4,0,0,2,5,1
2005-W05,NA,1.781496063,31/01/2005,1,0,0,1,8,4,0,0,2,5
2005-W06,NA,NA,NA,1,0,0,0,1,8,4,0,0,2
2005-W07,NA,NA,NA,0,0,0,0,0,1,8,4,0,0
2005-W08,5,NA,NA,0,5,0,0,0,0,1,8,4,0
2005-W09,NA,1.848425197,27/02/2005,0,0,5,0,0,0,0,1,8,4
2005-W10,NA,NA,NA,0,0,0,5,0,0,0,0,1,8
2005-W11,NA,NA,NA,0,0,0,0,5,0,0,0,0,1
2005-W12,NA,NA,NA,0,0,0,0,0,5,0,0,0,0
2005-W13,NA,1.861056751,31/03/2005,0,0,0,0,0,0,5,0,0,0
2005-W14,NA,NA,NA,0,0,0,0,0,0,0,5,0,0
2005-W15,NA,NA,NA,0,0,0,0,0,0,0,0,5,0
2005-W16,NA,NA,NA,0,0,0,0,0,0,0,0,0,5
2005-W17,NA,1.952662722,30/04/2005,0,0,0,0,0,0,0,0,0,0
2005-W18,1,NA,NA,0,1,0,0,0,0,0,0,0,0
2005-W19,NA,NA,NA,0,0,1,0,0,0,0,0,0,0
2005-W20,NA,NA,NA,0,0,0,1,0,0,0,0,0,0
2005-W21,NA,NA,NA,0,0,0,0,1,0,0,0,0,0
2005-W22,NA,1.87007874,31/05/2005,0,0,0,0,0,1,0,0,0,0
2005-W23,NA,NA,NA,0,0,0,0,0,0,1,0,0,0
2005-W24,NA,NA,NA,0,0,0,0,0,0,0,1,0,0
2005-W25,4,NA,NA,0,4,0,0,0,0,0,0,1,0
2005-W26,NA,1.908366534,30/06/2005,0,0,4,0,0,0,0,0,0,1
2005-W27,NA,NA,NA,0,0,0,4,0,0,0,0,0,0
2005-W28,6,NA,NA,0,6,0,0,4,0,0,0,0,0
2005-W29,NA,NA,NA,0,0,6,0,0,4,0,0,0,0
2005-W30,2,NA,NA,0,2,0,6,0,0,4,0,0,0
2005-W31,NA,2.047524752,31/07/2005,0,0,2,0,6,0,0,4,0,0
2005-W32,NA,NA,NA,0,0,0,2,0,6,0,0,4,0
2005-W33,NA,NA,NA,0,0,0,0,2,0,6,0,0,4
2005-W34,NA,NA,NA,0,0,0,0,0,2,0,6,0,0
2005-W35,NA,1.966336634,31/08/2005,0,0,0,0,0,0,2,0,6,0
2005-W36,NA,NA,NA,0,0,0,0,0,0,0,2,0,6
2005-W37,NA,NA,NA,0,0,0,0,0,0,0,0,2,0
2005-W38,1,NA,NA,0,1,0,0,0,0,0,0,0,2
2005-W39,NA,1.956862745,29/09/2005,0,0,1,0,0,0,0,0,0,0
2005-W40,NA,NA,NA,0,0,0,1,0,0,0,0,0,0
2005-W41,NA,NA,NA,0,0,0,0,1,0,0,0,0,0
2005-W42,3,NA,NA,0,3,0,0,0,1,0,0,0,0
2005-W43,7,NA,NA,0,7,3,0,0,0,1,0,0,0
2005-W44,1,1.947572816,31/10/2005,0,1,7,3,0,0,0,1,0,0
2005-W45,NA,NA,NA,0,0,1,7,3,0,0,0,1,0
2005-W46,NA,NA,NA,0,0,0,1,7,3,0,0,0,1
2005-W47,NA,NA,NA,0,0,0,0,1,7,3,0,0,0
2005-W48,NA,NA,NA,0,0,0,0,0,1,7,3,0,0
2005-W49,6,NA,NA,0,6,0,0,0,0,1,7,3,0
2005-W50,1,NA,NA,0,1,6,0,0,0,0,1,7,3
2005-W51,NA,NA,NA,0,0,1,6,0,0,0,0,1,7
2005-W52,1,1.938735178,28/12/2005,0,1,0,1,6,0,0,0,0,1
2006-W01,NA,NA,NA,0,0,1,0,1,6,0,0,0,0
2006-W02,NA,NA,NA,0,0,0,1,0,1,6,0,0,0
2006-W03,NA,NA,NA,0,0,0,0,1,0,1,6,0,0
2006-W04,NA,NA,NA,0,0,0,0,0,1,0,1,6,0
2006-W05,NA,NA,31/01/2006,0,0,0,0,0,0,1,0,1,6
2006-W06,1,NA,NA,0,1,0,0,0,0,0,1,0,1
2006-W07,NA,NA,NA,0,0,1,0,0,0,0,0,1,0
2006-W08,NA,NA,NA,0,0,0,1,0,0,0,0,0,1
2006-W09,1,2.149700599,28/02/2006,0,1,0,0,1,0,0,0,0,0
2006-W10,NA,NA,NA,0,0,1,0,0,1,0,0,0,0
2006-W11,NA,NA,NA,0,0,0,1,0,0,1,0,0,0
2006-W12,NA,NA,NA,0,0,0,0,1,0,0,1,0,0
2006-W13,4,2.003937008,31/03/2006,0,4,0,0,0,1,0,0,1,0
2006-W14,NA,NA,NA,0,0,4,0,0,0,1,0,0,1
2006-W15,NA,NA,NA,0,0,0,4,0,0,0,1,0,0
2006-W16,7,NA,NA,0,7,0,0,4,0,0,0,1,0
2006-W17,NA,NA,NA,0,0,7,0,0,4,0,0,0,1
2006-W18,NA,2.091633466,30/04/2006,0,0,0,7,0,0,4,0,0,0
2006-W19,NA,NA,NA,0,0,0,0,7,0,0,4,0,0
2006-W20,NA,NA,NA,0,0,0,0,0,7,0,0,4,0
2006-W21,NA,NA,NA,0,0,0,0,0,0,7,0,0,4
2006-W22,NA,2.139489194,31/05/2006,0,0,0,0,0,0,0,7,0,0
2006-W23,NA,NA,NA,0,0,0,0,0,0,0,0,7,0
2006-W24,NA,NA,NA,0,0,0,0,0,0,0,0,0,7
2006-W25,NA,NA,NA,0,0,0,0,0,0,0,0,0,0
2006-W26,3,2.263779528,30/06/2006,0,3,0,0,0,0,0,0,0,0
2006-W27,NA,NA,NA,0,0,3,0,0,0,0,0,0,0
2006-W28,NA,NA,NA,0,0,0,3,0,0,0,0,0,0
2006-W29,1,NA,NA,0,1,0,0,3,0,0,0,0,0
2006-W30,1,NA,NA,0,1,1,0,0,3,0,0,0,0
2006-W31,NA,2.334622824,31/07/2006,0,0,1,1,0,0,3,0,0,0
2006-W32,NA,NA,NA,0,0,0,1,1,0,0,3,0,0
2006-W33,1,NA,NA,0,1,0,0,1,1,0,0,3,0
2006-W34,NA,NA,NA,0,0,1,0,0,1,1,0,0,3
2006-W35,NA,2.242063492,31/08/2006,0,0,0,1,0,0,1,1,0,0
2006-W36,NA,NA,NA,0,0,0,0,1,0,0,1,1,0
2006-W37,1,NA,NA,0,1,0,0,0,1,0,0,1,1
2006-W38,NA,NA,NA,0,0,1,0,0,0,1,0,0,1
2006-W39,NA,2.264761905,26/09/2006,0,0,0,1,0,0,0,1,0,0
2006-W40,NA,NA,NA,0,0,0,0,1,0,0,0,1,0
2006-W41,NA,NA,NA,0,0,0,0,0,1,0,0,0,1
2006-W42,NA,NA,NA,0,0,0,0,0,0,1,0,0,0
2006-W43,NA,NA,NA,0,0,0,0,0,0,0,1,0,0
2006-W44,1,NA,31/10/2006,0,1,0,0,0,0,0,0,1,0
2006-W45,NA,NA,NA,0,0,1,0,0,0,0,0,0,1
2006-W46,1,NA,NA,0,1,0,1,0,0,0,0,0,0
2006-W47,1,NA,NA,0,1,1,0,1,0,0,0,0,0
2006-W48,NA,1.972386588,30/11/2006,0,0,1,1,0,1,0,0,0,0
2006-W49,NA,NA,NA,0,0,0,1,1,0,1,0,0,0
2006-W50,NA,NA,NA,0,0,0,0,1,1,0,1,0,0
2006-W51,NA,NA,NA,0,0,0,0,0,1,1,0,1,0
2006-W52,NA,2.00204918,30/12/2006,0,0,0,0,0,0,1,1,0,1
2006-W53,NA,NA,NA,0,0,0,0,0,0,0,1,1,0
2007-W00,NA,NA,NA,0,0,0,0,0,0,0,0,1,1
2007-W01,NA,NA,NA,0,0,0,0,0,0,0,0,0,1
2007-W02,NA,NA,NA,0,0,0,0,0,0,0,0,0,0
2007-W03,NA,NA,NA,0,0,0,0,0,0,0,0,0,0
2007-W04,3,2.099415205,31/01/2007,0,3,0,0,0,0,0,0,0,0
2007-W05,NA,NA,NA,0,0,3,0,0,0,0,0,0,0
2007-W06,NA,NA,NA,0,0,0,3,0,0,0,0,0,0
2007-W07,NA,NA,NA,0,0,0,0,3,0,0,0,0,0
2007-W08,1,2.150793651,28/02/2007,0,1,0,0,0,3,0,0,0,0
2007-W09,NA,NA,NA,0,0,1,0,0,0,3,0,0,0
2007-W10,NA,NA,NA,0,0,0,1,0,0,0,3,0,0
2007-W11,NA,NA,NA,0,0,0,0,1,0,0,0,3,0
2007-W12,NA,1.988235294,28/03/2007,0,0,0,0,0,1,0,0,0,3
2007-W13,NA,NA,NA,0,0,0,0,0,0,1,0,0,0
2007-W14,NA,NA,NA,0,0,0,0,0,0,0,1,0,0
2007-W15,NA,NA,NA,0,0,0,0,0,0,0,0,1,0
2007-W16,NA,NA,NA,0,0,0,0,0,0,0,0,0,1
2007-W17,NA,2.124074074,30/04/2007,0,0,0,0,0,0,0,0,0,0
2007-W18,NA,NA,NA,0,0,0,0,0,0,0,0,0,0
2007-W19,NA,NA,NA,0,0,0,0,0,0,0,0,0,0
2007-W20,1,NA,NA,0,1,0,0,0,0,0,0,0,0
2007-W21,1,2.2421875,31/05/2007,0,1,1,0,0,0,0,0,0,0
2007-W22,NA,NA,NA,0,0,1,1,0,0,0,0,0,0
2007-W23,NA,NA,NA,0,0,0,1,1,0,0,0,0,0
2007-W24,NA,NA,NA,0,0,0,0,1,1,0,0,0,0
2007-W25,NA,2.100790514,30/06/2007,0,0,0,0,0,1,1,0,0,0
2007-W26,NA,NA,NA,0,0,0,0,0,0,1,1,0,0
2007-W27,1,NA,NA,0,1,0,0,0,0,0,1,1,0
2007-W28,NA,NA,NA,0,0,1,0,0,0,0,0,1,1
2007-W29,NA,NA,NA,0,0,0,1,0,0,0,0,0,1
2007-W30,NA,2.157170923,31/07/2007,0,0,0,0,1,0,0,0,0,0
2007-W31,NA,NA,NA,0,0,0,0,0,1,0,0,0,0
2007-W32,NA,NA,NA,0,0,0,0,0,0,1,0,0,0
2007-W33,NA,NA,NA,0,0,0,0,0,0,0,1,0,0
2007-W34,NA,2.216269841,31/08/2007,0,0,0,0,0,0,0,0,1,0
2007-W35,NA,NA,NA,0,0,0,0,0,0,0,0,0,1
2007-W36,NA,NA,NA,0,0,0,0,0,0,0,0,0,0
2007-W37,1,NA,NA,0,1,0,0,0,0,0,0,0,0
2007-W38,NA,NA,NA,0,0,1,0,0,0,0,0,0,0
2007-W39,NA,2.026422764,30/09/2007,0,0,0,1,0,0,0,0,0,0
2007-W40,NA,NA,NA,0,0,0,0,1,0,0,0,0,0
2007-W41,1,NA,NA,0,1,0,0,0,1,0,0,0,0
2007-W42,NA,NA,NA,0,0,1,0,0,0,1,0,0,0
2007-W43,1,2.091816367,31/10/2007,0,1,0,1,0,0,0,1,0,0
2007-W44,NA,NA,NA,0,0,1,0,1,0,0,0,1,0
2007-W45,NA,NA,NA,0,0,0,1,0,1,0,0,0,1
2007-W46,1,NA,NA,0,1,0,0,1,0,1,0,0,0
2007-W47,NA,2.04,30/11/2007,0,0,1,0,0,1,0,1,0,0
2007-W48,NA,NA,NA,0,0,0,1,0,0,1,0,1,0
2007-W49,NA,NA,NA,0,0,0,0,1,0,0,1,0,1
2007-W50,NA,NA,NA,0,0,0,0,0,1,0,0,1,0
2007-W51,2,NA,NA,0,2,0,0,0,0,1,0,0,1
2007-W52,NA,2.015873016,31/12/2007,0,0,2,0,0,0,0,1,0,0
2008-W00,NA,NA,NA,0,0,0,2,0,0,0,0,1,0
2008-W01,NA,NA,NA,0,0,0,0,2,0,0,0,0,1
2008-W02,NA,NA,NA,0,0,0,0,0,2,0,0,0,0
2008-W03,1,NA,NA,0,1,0,0,0,0,2,0,0,0
2008-W04,NA,2.299009901,31/01/2008,0,0,1,0,0,0,0,2,0,0
2008-W05,1,NA,NA,0,1,0,1,0,0,0,0,2,0
2008-W06,NA,NA,NA,0,0,1,0,1,0,0,0,0,2
2008-W07,NA,NA,NA,0,0,0,1,0,1,0,0,0,0
2008-W08,3,2.289421158,29/02/2008,0,3,0,0,1,0,1,0,0,0
2008-W09,10,NA,NA,0,10,3,0,0,1,0,1,0,0
2008-W10,NA,NA,NA,0,0,10,3,0,0,1,0,1,0
2008-W11,NA,NA,NA,0,0,0,10,3,0,0,1,0,1
2008-W12,NA,NA,NA,0,0,0,0,10,3,0,0,1,0
2008-W13,NA,2.106854839,31/03/2008,0,0,0,0,0,10,3,0,0,1
2008-W14,3,NA,NA,0,3,0,0,0,0,10,3,0,0
2008-W15,3,NA,NA,0,3,3,0,0,0,0,10,3,0
2008-W16,2,NA,NA,0,2,3,3,0,0,0,0,10,3
2008-W17,NA,2.116981132,30/04/2008,0,0,2,3,3,0,0,0,0,10
2008-W18,1,NA,NA,0,1,0,2,3,3,0,0,0,0
2008-W19,1,NA,NA,0,1,1,0,2,3,3,0,0,0
2008-W20,NA,NA,NA,0,0,1,1,0,2,3,3,0,0
2008-W21,NA,2.063116371,31/05/2008,0,0,0,1,1,0,2,3,3,0
2008-W22,1,NA,NA,0,1,0,0,1,1,0,2,3,3
2008-W23,NA,NA,NA,0,0,1,0,0,1,1,0,2,3
2008-W24,NA,NA,NA,0,0,0,1,0,0,1,1,0,2
2008-W25,NA,NA,NA,0,0,0,0,1,0,0,1,1,0
2008-W26,2,2.186878728,30/06/2008,0,2,0,0,0,1,0,0,1,1
2008-W27,1,NA,NA,0,1,2,0,0,0,1,0,0,1
2008-W28,NA,NA,NA,0,0,1,2,0,0,0,1,0,0
2008-W29,NA,NA,NA,0,0,0,1,2,0,0,0,1,0
2008-W30,NA,2.176237624,31/07/2008,0,0,0,0,1,2,0,0,0,1
2008-W31,NA,NA,NA,0,0,0,0,0,1,2,0,0,0
2008-W32,NA,NA,NA,0,0,0,0,0,0,1,2,0,0
2008-W33,NA,NA,NA,0,0,0,0,0,0,0,1,2,0
2008-W34,NA,NA,NA,0,0,0,0,0,0,0,0,1,2
2008-W35,NA,2.190944882,31/08/2008,0,0,0,0,0,0,0,0,0,1
2008-W36,NA,NA,NA,0,0,0,0,0,0,0,0,0,0
2008-W37,NA,NA,NA,0,0,0,0,0,0,0,0,0,0
2008-W38,NA,NA,NA,0,0,0,0,0,0,0,0,0,0
2008-W39,NA,2.073705179,30/09/2008,0,0,0,0,0,0,0,0,0,0
2008-W40,NA,NA,NA,0,0,0,0,0,0,0,0,0,0
2008-W41,NA,NA,NA,0,0,0,0,0,0,0,0,0,0
2008-W42,1,NA,NA,0,1,0,0,0,0,0,0,0,0
2008-W43,NA,2.197211155,31/10/2008,0,0,1,0,0,0,0,0,0,0
2008-W44,NA,NA,NA,0,0,0,1,0,0,0,0,0,0
2008-W45,NA,NA,NA,0,0,0,0,1,0,0,0,0,0
2008-W46,NA,NA,NA,0,0,0,0,0,1,0,0,0,0
2008-W47,NA,NA,NA,0,0,0,0,0,0,1,0,0,0
2008-W48,NA,2.032,30/11/2008,0,0,0,0,0,0,0,1,0,0
2008-W49,NA,NA,NA,0,0,0,0,0,0,0,0,1,0
2008-W50,NA,NA,NA,0,0,0,0,0,0,0,0,0,1
2008-W51,NA,NA,NA,0,0,0,0,0,0,0,0,0,0
2008-W52,NA,2.244532803,31/12/2008,0,0,0,0,0,0,0,0,0,0
2009-W00,NA,NA,NA,0,0,0,0,0,0,0,0,0,0
2009-W01,NA,NA,NA,0,0,0,0,0,0,0,0,0,0
2009-W02,NA,NA,NA,0,0,0,0,0,0,0,0,0,0
2009-W03,NA,NA,NA,0,0,0,0,0,0,0,0,0,0
2009-W04,1,2.033464567,31/01/2009,0,1,0,0,0,0,0,0,0,0
2009-W05,NA,NA,NA,0,0,1,0,0,0,0,0,0,0
2009-W06,NA,NA,NA,0,0,0,1,0,0,0,0,0,0
2009-W07,NA,NA,NA,0,0,0,0,1,0,0,0,0,0
2009-W08,NA,NA,NA,0,0,0,0,0,1,0,0,0,0
2009-W09,NA,NA,NA,0,0,0,0,0,0,1,0,0,0
2009-W10,NA,NA,NA,0,0,0,0,0,0,0,1,0,0
2009-W11,NA,NA,NA,0,0,0,0,0,0,0,0,1,0
2009-W12,NA,NA,NA,0,0,0,0,0,0,0,0,0,1
2009-W13,1,2.037623762,31/03/2009,0,1,0,0,0,0,0,0,0,0
2009-W14,NA,NA,NA,0,0,1,0,0,0,0,0,0,0
2009-W15,NA,NA,NA,0,0,0,1,0,0,0,0,0,0
2009-W16,NA,NA,NA,0,0,0,0,1,0,0,0,0,0
2009-W17,NA,1.988235294,30/04/2009,0,0,0,0,0,1,0,0,0,0
2009-W18,NA,NA,NA,0,0,0,0,0,0,1,0,0,0
2009-W19,1,NA,NA,0,1,0,0,0,0,0,1,0,0
2009-W20,NA,NA,NA,0,0,1,0,0,0,0,0,1,0
2009-W21,NA,NA,NA,0,0,0,1,0,0,0,0,0,1
2009-W22,NA,1.942528736,31/05/2009,0,0,0,0,1,0,0,0,0,0
2009-W23,NA,NA,NA,0,0,0,0,0,1,0,0,0,0
2009-W24,NA,NA,NA,0,0,0,0,0,0,1,0,0,0
2009-W25,NA,NA,NA,0,0,0,0,0,0,0,1,0,0
2009-W26,NA,1.951276102,30/06/2009,0,0,0,0,0,0,0,0,1,0
2009-W27,NA,NA,NA,0,0,0,0,0,0,0,0,0,1
2009-W28,NA,NA,NA,0,0,0,0,0,0,0,0,0,0
2009-W29,NA,NA,NA,0,0,0,0,0,0,0,0,0,0
2009-W30,NA,1.944315545,31/07/2009,0,0,0,0,0,0,0,0,0,0
2009-W31,NA,NA,NA,0,0,0,0,0,0,0,0,0,0
2009-W32,NA,NA,NA,0,0,0,0,0,0,0,0,0,0
2009-W33,NA,NA,NA,0,0,0,0,0,0,0,0,0,0
2009-W34,NA,NA,NA,0,0,0,0,0,0,0,0,0,0
2009-W35,NA,1.89569161,31/08/2009,0,0,0,0,0,0,0,0,0,0
2009-W36,NA,NA,NA,0,0,0,0,0,0,0,0,0,0
2009-W37,NA,NA,NA,0,0,0,0,0,0,0,0,0,0
2009-W38,NA,NA,NA,0,0,0,0,0,0,0,0,0,0
2009-W39,NA,1.879907621,30/09/2009,0,0,0,0,0,0,0,0,0,0
2009-W40,NA,NA,NA,0,0,0,0,0,0,0,0,0,0
2009-W41,NA,NA,NA,0,0,0,0,0,0,0,0,0,0
2009-W42,NA,NA,NA,0,0,0,0,0,0,0,0,0,0
2009-W43,NA,1.902325581,31/10/2009,0,0,0,0,0,0,0,0,0,0
2009-W44,NA,NA,NA,0,0,0,0,0,0,0,0,0,0
2009-W45,NA,NA,NA,0,0,0,0,0,0,0,0,0,0
2009-W46,NA,NA,NA,0,0,0,0,0,0,0,0,0,0
2009-W47,NA,NA,NA,0,0,0,0,0,0,0,0,0,0
2009-W48,NA,1.947004608,30/11/2009,0,0,0,0,0,0,0,0,0,0
2009-W49,NA,NA,NA,0,0,0,0,0,0,0,0,0,0
2009-W50,NA,NA,NA,0,0,0,0,0,0,0,0,0,0
2009-W51,1,NA,NA,0,1,0,0,0,0,0,0,0,0
2009-W52,NA,1.826185102,31/12/2009,0,0,1,0,0,0,0,0,0,0
2010-W00,NA,NA,NA,0,0,0,1,0,0,0,0,0,0
2010-W01,NA,NA,NA,0,0,0,0,1,0,0,0,0,0
2010-W02,NA,NA,NA,0,0,0,0,0,1,0,0,0,0
2010-W03,NA,NA,NA,0,0,0,0,0,0,1,0,0,0
2010-W04,NA,NA,NA,0,0,0,0,0,0,0,1,0,0
2010-W05,NA,1.850117096,31/01/2010,0,0,0,0,0,0,0,0,1,0
2010-W06,1,NA,NA,0,1,0,0,0,0,0,0,0,1
2010-W07,NA,NA,NA,0,0,1,0,0,0,0,0,0,0
2010-W08,1,NA,NA,0,1,0,1,0,0,0,0,0,0
2010-W09,NA,1.697399527,28/02/2010,0,0,1,0,1,0,0,0,0,0
2010-W10,NA,NA,NA,0,0,0,1,0,1,0,0,0,0
2010-W11,NA,NA,NA,0,0,0,0,1,0,1,0,0,0
2010-W12,2,NA,NA,0,2,0,0,0,1,0,1,0,0
2010-W13,NA,NA,NA,0,0,2,0,0,0,1,0,1,0
2010-W14,NA,NA,NA,0,0,0,2,0,0,0,1,0,1
2010-W15,NA,NA,NA,0,0,0,0,2,0,0,0,1,0
2010-W16,NA,NA,NA,0,0,0,0,0,2,0,0,0,1
2010-W17,NA,1.684210526,30/04/2010,0,0,0,0,0,0,2,0,0,0
2010-W18,NA,NA,NA,0,0,0,0,0,0,0,2,0,0
2010-W19,NA,NA,NA,0,0,0,0,0,0,0,0,2,0
2010-W20,NA,NA,NA,0,0,0,0,0,0,0,0,0,2
2010-W21,NA,NA,NA,0,0,0,0,0,0,0,0,0,0
2010-W22,NA,2.064202335,30/05/2010,0,0,0,0,0,0,0,0,0,0
2010-W23,NA,1.906066536,08/06/2010,0,0,0,0,0,0,0,0,0,0
2010-W24,1,NA,NA,0,1,0,0,0,0,0,0,0,0
2010-W25,NA,NA,NA,0,0,1,0,0,0,0,0,0,0
2010-W26,NA,NA,NA,0,0,0,1,0,0,0,0,0,0
2010-W27,NA,2,07/07/2010,0,0,0,0,1,0,0,0,0,0
2010-W28,NA,NA,NA,0,0,0,0,0,1,0,0,0,0
2010-W29,NA,NA,NA,0,0,0,0,0,0,1,0,0,0
2010-W30,NA,NA,NA,0,0,0,0,0,0,0,1,0,0
2010-W31,NA,NA,NA,0,0,0,0,0,0,0,0,1,0
2010-W32,NA,NA,NA,0,0,0,0,0,0,0,0,0,1
2010-W33,NA,NA,NA,0,0,0,0,0,0,0,0,0,0
2010-W34,NA,NA,NA,0,0,0,0,0,0,0,0,0,0
2010-W35,4,NA,NA,0,4,0,0,0,0,0,0,0,0
2010-W36,NA,NA,NA,0,0,4,0,0,0,0,0,0,0
2010-W37,NA,1.89860835,14/09/2010,0,0,0,4,0,0,0,0,0,0
2010-W38,NA,NA,NA,0,0,0,0,4,0,0,0,0,0
2010-W39,NA,NA,NA,0,0,0,0,0,4,0,0,0,0
2010-W40,NA,NA,NA,0,0,0,0,0,0,4,0,0,0
2010-W41,NA,NA,NA,0,0,0,0,0,0,0,4,0,0
2010-W42,NA,1.919765166,20/10/2010,0,0,0,0,0,0,0,0,4,0
2010-W43,NA,NA,NA,0,0,0,0,0,0,0,0,0,4
2010-W44,NA,NA,NA,0,0,0,0,0,0,0,0,0,0
2010-W45,NA,NA,NA,0,0,0,0,0,0,0,0,0,0
2010-W46,NA,1.962745098,16/11/2010,0,0,0,0,0,0,0,0,0,0
2010-W47,NA,NA,NA,0,0,0,0,0,0,0,0,0,0
2010-W48,NA,NA,NA,0,0,0,0,0,0,0,0,0,0
2010-W49,NA,NA,NA,0,0,0,0,0,0,0,0,0,0
2010-W50,NA,1.935420744,13/12/2010,0,0,0,0,0,0,0,0,0,0
2010-W51,NA,NA,NA,0,0,0,0,0,0,0,0,0,0
2010-W52,NA,NA,NA,0,0,0,0,0,0,0,0,0,0
2011-W00,NA,NA,NA,0,0,0,0,0,0,0,0,0,0
2011-W01,NA,NA,NA,0,0,0,0,0,0,0,0,0,0
2011-W02,NA,NA,NA,0,0,0,0,0,0,0,0,0,0
2011-W03,NA,1.968627451,19/01/2011,0,0,0,0,0,0,0,0,0,0
2011-W04,NA,NA,NA,0,0,0,0,0,0,0,0,0,0
2011-W05,NA,NA,NA,0,0,0,0,0,0,0,0,0,0
2011-W06,NA,NA,NA,0,0,0,0,0,0,0,0,0,0
2011-W07,NA,NA,NA,0,0,0,0,0,0,0,0,0,0
2011-W08,NA,1.952941176,22/02/2011,0,0,0,0,0,0,0,0,0,0
2011-W09,NA,NA,NA,0,0,0,0,0,0,0,0,0,0
2011-W10,5,NA,NA,0,5,0,0,0,0,0,0,0,0
2011-W11,NA,NA,NA,0,0,5,0,0,0,0,0,0,0
2011-W12,2,2.145098039,24/03/2011,0,2,0,5,0,0,0,0,0,0
2011-W13,NA,NA,NA,0,0,2,0,5,0,0,0,0,0
2011-W14,1,NA,NA,0,1,0,2,0,5,0,0,0,0
2011-W15,NA,NA,NA,0,0,1,0,2,0,5,0,0,0
2011-W16,NA,NA,NA,0,0,0,1,0,2,0,5,0,0
2011-W17,1,NA,NA,0,1,0,0,1,0,2,0,5,0
2011-W18,NA,NA,NA,0,0,1,0,0,1,0,2,0,5
2011-W19,NA,NA,NA,0,0,0,1,0,0,1,0,2,0
2011-W20,NA,NA,NA,0,0,0,0,1,0,0,1,0,2
2011-W21,NA,NA,NA,0,0,0,0,0,1,0,0,1,0
2011-W22,NA,2.121568627,30/05/2011,0,0,0,0,0,0,1,0,0,1
2011-W23,NA,NA,NA,0,0,0,0,0,0,0,1,0,0
2011-W24,NA,NA,NA,0,0,0,0,0,0,0,0,1,0
2011-W25,NA,NA,NA,0,0,0,0,0,0,0,0,0,1
2011-W26,NA,1.984313725,28/06/2011,0,0,0,0,0,0,0,0,0,0
2011-W27,NA,NA,NA,0,0,0,0,0,0,0,0,0,0
2011-W28,NA,NA,NA,0,0,0,0,0,0,0,0,0,0
2011-W29,NA,NA,NA,0,0,0,0,0,0,0,0,0,0
2011-W30,NA,2.062745098,27/07/2011,0,0,0,0,0,0,0,0,0,0
2011-W31,NA,NA,NA,0,0,0,0,0,0,0,0,0,0
2011-W32,NA,NA,NA,0,0,0,0,0,0,0,0,0,0
2011-W33,1,NA,NA,0,1,0,0,0,0,0,0,0,0
2011-W34,NA,2.040076336,24/08/2011,0,0,1,0,0,0,0,0,0,0
2011-W35,NA,NA,NA,0,0,0,1,0,0,0,0,0,0
2011-W36,NA,NA,NA,0,0,0,0,1,0,0,0,0,0
2011-W37,NA,NA,NA,0,0,0,0,0,1,0,0,0,0
2011-W38,2,NA,NA,0,2,0,0,0,0,1,0,0,0
2011-W39,NA,NA,NA,0,0,2,0,0,0,0,1,0,0
2011-W40,NA,1.935294118,02/10/2011,0,0,0,2,0,0,0,0,1,0
2011-W41,NA,NA,NA,0,0,0,0,2,0,0,0,0,1
2011-W42,NA,NA,NA,0,0,0,0,0,2,0,0,0,0
2011-W43,1,NA,NA,0,1,0,0,0,0,2,0,0,0
2011-W44,NA,1.920542636,01/11/2011,0,0,1,0,0,0,0,2,0,0
2011-W45,NA,NA,NA,0,0,0,1,0,0,0,0,2,0
2011-W46,NA,NA,NA,0,0,0,0,1,0,0,0,0,2
2011-W47,NA,NA,NA,0,0,0,0,0,1,0,0,0,0
2011-W48,NA,NA,NA,0,0,0,0,0,0,1,0,0,0
2011-W49,NA,2.017175573,06/12/2011,0,0,0,0,0,0,0,1,0,0
2011-W50,NA,NA,NA,0,0,0,0,0,0,0,0,1,0
2011-W51,NA,NA,NA,0,0,0,0,0,0,0,0,0,1
2011-W52,NA,2.064705882,28/12/2011,0,0,0,0,0,0,0,0,0,0
2012-W01,NA,NA,NA,0,0,0,0,0,0,0,0,0,0
2012-W02,NA,NA,NA,0,0,0,0,0,0,0,0,0,0
2012-W03,NA,NA,NA,0,0,0,0,0,0,0,0,0,0
2012-W04,NA,NA,NA,0,0,0,0,0,0,0,0,0,0
2012-W05,NA,2.009784736,31/01/2012,0,0,0,0,0,0,0,0,0,0
2012-W06,NA,NA,NA,0,0,0,0,0,0,0,0,0,0
2012-W07,NA,NA,NA,0,0,0,0,0,0,0,0,0,0
2012-W08,NA,NA,NA,0,0,0,0,0,0,0,0,0,0
2012-W09,NA,2.005882353,29/02/2012,0,0,0,0,0,0,0,0,0,0
2012-W10,NA,NA,NA,0,0,0,0,0,0,0,0,0,0
2012-W11,NA,NA,NA,0,0,0,0,0,0,0,0,0,0
2012-W12,NA,NA,NA,0,0,0,0,0,0,0,0,0,0
2012-W13,NA,NA,NA,0,0,0,0,0,0,0,0,0,0
2012-W14,NA,NA,NA,0,0,0,0,0,0,0,0,0,0
2012-W15,NA,NA,NA,0,0,0,0,0,0,0,0,0,0
2012-W16,NA,NA,NA,0,0,0,0,0,0,0,0,0,0
2012-W17,NA,NA,NA,0,0,0,0,0,0,0,0,0,0
2012-W18,NA,1.994117647,02/05/2012,0,0,0,0,0,0,0,0,0,0
2012-W19,NA,NA,NA,0,0,0,0,0,0,0,0,0,0
2012-W20,NA,NA,NA,0,0,0,0,0,0,0,0,0,0
2012-W21,NA,NA,NA,0,0,0,0,0,0,0,0,0,0
2012-W22,1,1.98627451,31/05/2012,0,1,0,0,0,0,0,0,0,0
2012-W23,NA,2.011764706,05/06/2012,0,0,1,0,0,0,0,0,0,0
2012-W24,NA,NA,NA,0,0,0,1,0,0,0,0,0,0
2012-W25,NA,NA,NA,0,0,0,0,1,0,0,0,0,0
2012-W26,NA,NA,NA,0,0,0,0,0,1,0,0,0,0
2012-W27,NA,NA,NA,0,0,0,0,0,0,1,0,0,0
2012-W28,NA,NA,NA,0,0,0,0,0,0,0,1,0,0
2012-W29,NA,NA,NA,0,0,0,0,0,0,0,0,1,0
2012-W30,NA,NA,NA,0,0,0,0,0,0,0,0,0,1
2012-W31,NA,NA,NA,0,0,0,0,0,0,0,0,0,0
2012-W32,NA,2.070588235,06/08/2012,0,0,0,0,0,0,0,0,0,0
2012-W32,NA,2.019379845,08/08/2012,0,0,0,0,0,0,0,0,0,0
2012-W33,NA,NA,NA,0,0,0,0,0,0,0,0,0,0
2012-W34,NA,NA,NA,0,0,0,0,0,0,0,0,0,0
2012-W35,NA,NA,NA,0,0,0,0,0,0,0,0,0,0
2012-W36,NA,NA,NA,0,0,0,0,0,0,0,0,0,0
2012-W37,NA,NA,NA,0,0,0,0,0,0,0,0,0,0
2012-W38,NA,NA,NA,0,0,0,0,0,0,0,0,0,0
2012-W39,NA,NA,NA,0,0,0,0,0,0,0,0,0,0
2012-W40,NA,NA,NA,0,0,0,0,0,0,0,0,0,0
2012-W41,NA,NA,NA,0,0,0,0,0,0,0,0,0,0
2012-W42,NA,NA,NA,0,0,0,0,0,0,0,0,0,0
2012-W43,NA,2.001919386,24/10/2012,0,0,0,0,0,0,0,0,0,0
2012-W44,NA,NA,NA,0,0,0,0,0,0,0,0,0,0
2012-W45,NA,NA,NA,0,0,0,0,0,0,0,0,0,0
2012-W46,3,NA,NA,0,3,0,0,0,0,0,0,0,0
2012-W47,3,NA,NA,0,3,3,0,0,0,0,0,0,0
2012-W48,NA,NA,NA,0,0,3,3,0,0,0,0,0,0
2012-W49,NA,2.035225049,02/12/2012,0,0,0,3,3,0,0,0,0,0
2012-W50,NA,NA,NA,0,0,0,0,3,3,0,0,0,0
2012-W51,NA,NA,NA,0,0,0,0,0,3,3,0,0,0
2012-W52,NA,NA,NA,0,0,0,0,0,0,3,3,0,0
2012-W53,NA,NA,NA,0,0,0,0,0,0,0,3,3,0
2013-W00,NA,1.93957115,02/01/2013,0,0,0,0,0,0,0,0,3,3
2013-W00,NA,1.953488372,04/01/2013,0,0,0,0,0,0,0,0,0,3
2013-W01,NA,NA,NA,0,0,0,0,0,0,0,0,0,0
2013-W02,NA,NA,NA,0,0,0,0,0,0,0,0,0,0
2013-W03,NA,NA,NA,0,0,0,0,0,0,0,0,0,0
2013-W04,NA,NA,NA,0,0,0,0,0,0,0,0,0,0
2013-W05,NA,NA,NA,0,0,0,0,0,0,0,0,0,0
2013-W06,NA,NA,NA,0,0,0,0,0,0,0,0,0,0
2013-W07,NA,NA,NA,0,0,0,0,0,0,0,0,0,0
2013-W08,NA,NA,NA,0,0,0,0,0,0,0,0,0,0
2013-W09,NA,NA,NA,0,0,0,0,0,0,0,0,0,0
2013-W10,NA,NA,NA,0,0,0,0,0,0,0,0,0,0
2013-W11,NA,NA,NA,0,0,0,0,0,0,0,0,0,0
2013-W12,NA,NA,NA,0,0,0,0,0,0,0,0,0,0
2013-W13,NA,1.984282908,31/03/2013,0,0,0,0,0,0,0,0,0,0
2013-W14,NA,NA,NA,0,0,0,0,0,0,0,0,0,0
2013-W15,NA,NA,NA,0,0,0,0,0,0,0,0,0,0
2013-W16,NA,NA,NA,0,0,0,0,0,0,0,0,0,0
2013-W17,1,1.834331337,30/04/2013,0,1,0,0,0,0,0,0,0,0
2013-W18,NA,NA,NA,0,0,1,0,0,0,0,0,0,0
2013-W19,NA,NA,NA,0,0,0,1,0,0,0,0,0,0
2013-W20,NA,NA,NA,0,0,0,0,1,0,0,0,0,0
2013-W21,NA,1.994129159,30/05/2013,0,0,0,0,0,1,0,0,0,0
2013-W22,NA,NA,NA,0,0,0,0,0,0,1,0,0,0
2013-W23,NA,NA,NA,0,0,0,0,0,0,0,1,0,0
2013-W24,NA,NA,NA,0,0,0,0,0,0,0,0,1,0
2013-W25,NA,NA,NA,0,0,0,0,0,0,0,0,0,1
2013-W26,NA,2.444174757,03/07/2013,0,0,0,0,0,0,0,0,0,0
2013-W27,NA,NA,NA,0,0,0,0,0,0,0,0,0,0
2013-W28,NA,NA,NA,0,0,0,0,0,0,0,0,0,0
2013-W29,NA,NA,NA,0,0,0,0,0,0,0,0,0,0
2013-W30,NA,2.001992032,30/07/2013,0,0,0,0,0,0,0,0,0,0
2013-W31,NA,NA,NA,0,0,0,0,0,0,0,0,0,0
2013-W32,NA,NA,NA,0,0,0,0,0,0,0,0,0,0
2013-W33,NA,NA,NA,0,0,0,0,0,0,0,0,0,0
2013-W34,NA,2.005964215,28/08/2013,0,0,0,0,0,0,0,0,0,0
2013-W35,NA,NA,NA,0,0,0,0,0,0,0,0,0,0
2013-W36,NA,NA,NA,0,0,0,0,0,0,0,0,0,0
2013-W37,1,NA,NA,0,1,0,0,0,0,0,0,0,0
2013-W38,1,NA,NA,0,1,1,0,0,0,0,0,0,0
2013-W39,NA,2.093625498,01/10/2013,0,0,1,1,0,0,0,0,0,0
2013-W40,1,NA,NA,0,1,0,1,1,0,0,0,0,0
2013-W41,NA,NA,NA,0,0,1,0,1,1,0,0,0,0
2013-W42,NA,NA,NA,0,0,0,1,0,1,1,0,0,0
2013-W43,NA,2.066,29/10/2013,0,0,0,0,1,0,1,1,0,0
2013-W44,NA,NA,NA,0,0,0,0,0,1,0,1,1,0
2013-W45,1,NA,NA,0,1,0,0,0,0,1,0,1,1
2013-W46,NA,NA,NA,0,0,1,0,0,0,0,1,0,1
2013-W47,NA,2.004,28/11/2013,0,0,0,1,0,0,0,0,1,0
2013-W48,NA,NA,NA,0,0,0,0,1,0,0,0,0,1
2013-W49,NA,NA,NA,0,0,0,0,0,1,0,0,0,0
2013-W50,NA,NA,NA,0,0,0,0,0,0,1,0,0,0
2013-W51,1,NA,NA,0,1,0,0,0,0,0,1,0,0
2013-W52,NA,2.083499006,31/12/2013,0,0,1,0,0,0,0,0,1,0
2014-W00,NA,NA,NA,0,0,0,1,0,0,0,0,0,1
2014-W01,NA,NA,NA,0,0,0,0,1,0,0,0,0,0
2014-W02,NA,NA,NA,0,0,0,0,0,1,0,0,0,0
2014-W03,NA,NA,NA,0,0,0,0,0,0,1,0,0,0
2014-W04,NA,1.98816568,29/01/2014,0,0,0,0,0,0,0,1,0,0
2014-W05,NA,NA,NA,0,0,0,0,0,0,0,0,1,0
2014-W06,NA,NA,NA,0,0,0,0,0,0,0,0,0,1
2014-W07,NA,NA,NA,0,0,0,0,0,0,0,0,0,0
2014-W08,NA,NA,NA,0,0,0,0,0,0,0,0,0,0
2014-W09,NA,2,04/03/2014,0,0,0,0,0,0,0,0,0,0
2014-W10,NA,NA,NA,0,0,0,0,0,0,0,0,0,0
2014-W11,NA,NA,NA,0,0,0,0,0,0,0,0,0,0
2014-W12,NA,NA,NA,0,0,0,0,0,0,0,0,0,0
2014-W13,NA,2.128,31/03/2014,0,0,0,0,0,0,0,0,0,0
2014-W14,NA,NA,NA,0,0,0,0,0,0,0,0,0,0
2014-W15,2,NA,NA,0,2,0,0,0,0,0,0,0,0
2014-W16,NA,NA,NA,0,0,2,0,0,0,0,0,0,0
2014-W17,NA,2.078,29/04/2014,0,0,0,2,0,0,0,0,0,0
2014-W18,NA,NA,NA,0,0,0,0,2,0,0,0,0,0
2014-W19,NA,NA,NA,0,0,0,0,0,2,0,0,0,0
2014-W20,NA,NA,NA,0,0,0,0,0,0,2,0,0,0
2014-W21,NA,1.893069307,29/05/2014,0,0,0,0,0,0,0,2,0,0
2014-W22,NA,NA,NA,0,0,0,0,0,0,0,0,2,0
2014-W23,3,NA,NA,0,3,0,0,0,0,0,0,0,2
2014-W24,NA,NA,NA,0,0,3,0,0,0,0,0,0,0
2014-W25,NA,NA,NA,0,0,0,3,0,0,0,0,0,0
2014-W26,NA,2.023904382,30/06/2014,0,0,0,0,3,0,0,0,0,0
2014-W27,NA,NA,NA,0,0,0,0,0,3,0,0,0,0
2014-W28,6,NA,NA,0,6,0,0,0,0,3,0,0,0
2014-W29,36,2.24537037,23/07/2014,0,36,6,0,0,0,0,3,0,0
2014-W30,21,NA,NA,0,21,36,6,0,0,0,0,3,0
2014-W31,1,NA,NA,0,1,21,36,6,0,0,0,0,3
2014-W32,NA,1.3,12/08/2014,0,0,1,21,36,6,0,0,0,0
2014-W33,2,NA,NA,0,2,0,1,21,36,6,0,0,0
2014-W34,2,NA,NA,0,2,2,0,1,21,36,6,0,0
2014-W35,NA,NA,NA,0,0,2,2,0,1,21,36,6,0
2014-W36,NA,NA,NA,0,0,0,2,2,0,1,21,36,6
2014-W37,NA,2.142034549,18/09/2014,0,0,0,0,2,2,0,1,21,36
2014-W38,NA,NA,NA,0,0,0,0,0,2,2,0,1,21
2014-W39,NA,NA,NA,0,0,0,0,0,0,2,2,0,1
2014-W40,NA,NA,NA,0,0,0,0,0,0,0,2,2,0
2014-W41,NA,NA,NA,0,0,0,0,0,0,0,0,2,2
2014-W42,2,NA,NA,0,2,0,0,0,0,0,0,0,2
2014-W43,NA,NA,NA,0,0,2,0,0,0,0,0,0,0
2014-W44,4,2.001988072,05/11/2014,0,4,0,2,0,0,0,0,0,0
2014-W45,2,NA,NA,0,2,4,0,2,0,0,0,0,0
2014-W46,6,NA,NA,0,6,2,4,0,2,0,0,0,0
2014-W47,NA,NA,NA,0,0,6,2,4,0,2,0,0,0
2014-W48,NA,2.079681275,03/12/2014,0,0,0,6,2,4,0,2,0,0
2014-W49,NA,NA,NA,0,0,0,0,6,2,4,0,2,0
2014-W50,NA,NA,NA,0,0,0,0,0,6,2,4,0,2
2014-W51,NA,NA,NA,0,0,0,0,0,0,6,2,4,0
2014-W52,NA,1.908183633,31/12/2014,0,0,0,0,0,0,0,6,2,4
2015-W00,NA,NA,NA,0,0,0,0,0,0,0,0,6,2
2015-W01,NA,NA,NA,0,0,0,0,0,0,0,0,0,6
2015-W02,NA,NA,NA,0,0,0,0,0,0,0,0,0,0
2015-W03,NA,NA,NA,0,0,0,0,0,0,0,0,0,0
2015-W04,NA,NA,NA,0,0,0,0,0,0,0,0,0,0
2015-W05,NA,NA,NA,0,0,0,0,0,0,0,0,0,0
2015-W06,NA,NA,NA,0,0,0,0,0,0,0,0,0,0
2015-W07,NA,NA,NA,0,0,0,0,0,0,0,0,0,0
2015-W08,NA,NA,NA,0,0,0,0,0,0,0,0,0,0
2015-W09,NA,1.928143713,03/03/2015,0,0,0,0,0,0,0,0,0,0
2015-W10,NA,NA,NA,0,0,0,0,0,0,0,0,0,0
2015-W11,NA,NA,NA,0,0,0,0,0,0,0,0,0,0
2015-W12,NA,NA,NA,0,0,0,0,0,0,0,0,0,0
2015-W13,NA,1.984063745,30/03/2015,0,0,0,0,0,0,0,0,0,0
2015-W14,NA,NA,NA,0,0,0,0,0,0,0,0,0,0
2015-W15,1,NA,NA,0,1,0,0,0,0,0,0,0,0
2015-W16,NA,NA,NA,0,0,1,0,0,0,0,0,0,0
2015-W17,NA,NA,NA,0,0,0,1,0,0,0,0,0,0
2015-W18,NA,2.019685039,05/05/2015,0,0,0,0,1,0,0,0,0,0
2015-W19,NA,NA,NA,0,0,0,0,0,1,0,0,0,0
2015-W20,NA,NA,NA,0,0,0,0,0,0,1,0,0,0
2015-W21,NA,NA,NA,0,0,0,0,0,0,0,1,0,0
2015-W22,NA,2.02745098,04/06/2015,0,0,0,0,0,0,0,0,1,0
2015-W23,NA,NA,NA,0,0,0,0,0,0,0,0,0,1
2015-W24,1,NA,NA,0,1,0,0,0,0,0,0,0,0
2015-W25,NA,NA,NA,0,0,1,0,0,0,0,0,0,0
2015-W26,1,2.126459144,01/07/2015,0,1,0,1,0,0,0,0,0,0
2015-W27,NA,NA,NA,0,0,1,0,1,0,0,0,0,0
2015-W28,NA,NA,NA,0,0,0,1,0,1,0,0,0,0
2015-W29,NA,NA,NA,0,0,0,0,1,0,1,0,0,0
2015-W30,NA,2.112621359,30/07/2015,0,0,0,0,0,1,0,1,0,0
2015-W31,NA,NA,NA,0,0,0,0,0,0,1,0,1,0
2015-W32,NA,NA,NA,0,0,0,0,0,0,0,1,0,1
2015-W33,NA,NA,NA,0,0,0,0,0,0,0,0,1,0
2015-W34,NA,NA,NA,0,0,0,0,0,0,0,0,0,1
2015-W35,NA,2.005882353,31/08/2015,0,0,0,0,0,0,0,0,0,0
2015-W36,NA,NA,NA,0,0,0,0,0,0,0,0,0,0
2015-W37,1,NA,NA,0,1,0,0,0,0,0,0,0,0
2015-W38,NA,NA,NA,0,0,1,0,0,0,0,0,0,0
2015-W39,5,NA,NA,0,5,0,1,0,0,0,0,0,0
2015-W40,NA,2.100196464,08/10/2015,0,0,5,0,1,0,0,0,0,0
2015-W41,4,NA,NA,0,4,0,5,0,1,0,0,0,0
2015-W42,1,NA,NA,0,1,4,0,5,0,1,0,0,0
2015-W43,NA,2.044921875,29/10/2015,0,0,1,4,0,5,0,1,0,0
2015-W44,1,NA,NA,0,1,0,1,4,0,5,0,1,0
2015-W45,2,NA,NA,0,2,1,0,1,4,0,5,0,1
2015-W46,3,NA,NA,0,3,2,1,0,1,4,0,5,0
2015-W47,2,NA,NA,0,2,3,2,1,0,1,4,0,5
2015-W48,NA,2.150943396,01/12/2015,0,0,2,3,2,1,0,1,4,0
2015-W49,1,NA,NA,0,1,0,2,3,2,1,0,1,4
2015-W50,NA,NA,NA,0,0,1,0,2,3,2,1,0,1
2015-W51,1,NA,NA,0,1,0,1,0,2,3,2,1,0
2015-W52,NA,2.052,29/12/2015,0,0,1,0,1,0,2,3,2,1
2015-W52,NA,2.059760956,30/12/2015,0,0,0,1,0,1,0,2,3,2
2016-W00,NA,NA,NA,0,0,0,0,1,0,1,0,2,3
2016-W01,NA,NA,NA,0,0,0,0,0,1,0,1,0,2
2016-W02,NA,NA,NA,0,0,0,0,0,0,1,0,1,0
2016-W03,1,NA,NA,0,1,0,0,0,0,0,1,0,1
2016-W04,1,2.17,28/01/2016,0,1,1,0,0,0,0,0,1,0
2016-W05,1,NA,NA,0,1,1,1,0,0,0,0,0,1
2016-W06,NA,NA,NA,0,0,1,1,1,0,0,0,0,0
2016-W07,1,NA,NA,0,1,0,1,1,1,0,0,0,0
2016-W08,NA,NA,NA,0,0,1,0,1,1,1,0,0,0
2016-W09,NA,2.169660679,01/03/2016,0,0,0,1,0,1,1,1,0,0
2016-W10,NA,NA,NA,0,0,0,0,1,0,1,1,1,0
2016-W11,NA,NA,NA,0,0,0,0,0,1,0,1,1,1
2016-W12,NA,NA,NA,0,0,0,0,0,0,1,0,1,1
2016-W13,NA,2.138,30/03/2016,0,0,0,0,0,0,0,1,0,1
2016-W14,NA,NA,NA,0,0,0,0,0,0,0,0,1,0
2016-W15,NA,NA,NA,0,0,0,0,0,0,0,0,0,1
2016-W16,NA,NA,NA,0,0,0,0,0,0,0,0,0,0
2016-W17,NA,NA,NA,0,0,0,0,0,0,0,0,0,0
2016-W18,NA,2.092,03/05/2016,0,0,0,0,0,0,0,0,0,0
2016-W19,NA,NA,NA,0,0,0,0,0,0,0,0,0,0
2016-W20,NA,NA,NA,0,0,0,0,0,0,0,0,0,0
2016-W21,NA,NA,NA,0,0,0,0,0,0,0,0,0,0
2016-W22,NA,2.13,01/06/2016,0,0,0,0,0,0,0,0,0,0
2016-W23,3,NA,NA,0,3,0,0,0,0,0,0,0,0
2016-W24,NA,NA,NA,0,0,3,0,0,0,0,0,0,0
2016-W25,NA,NA,NA,0,0,0,3,0,0,0,0,0,0
2016-W26,2,2.282,29/06/2016,0,2,0,0,3,0,0,0,0,0
2016-W27,NA,NA,NA,0,0,2,0,0,3,0,0,0,0
2016-W28,NA,NA,NA,0,0,0,2,0,0,3,0,0,0
2016-W29,NA,NA,NA,0,0,0,0,2,0,0,3,0,0
2016-W30,NA,2.112,27/07/2016,0,0,0,0,0,2,0,0,3,0
2016-W31,NA,NA,NA,0,0,0,0,0,0,2,0,0,3
2016-W32,NA,NA,NA,0,0,0,0,0,0,0,2,0,0
2016-W33,NA,NA,NA,0,0,0,0,0,0,0,0,2,0
2016-W34,NA,NA,NA,0,0,0,0,0,0,0,0,0,2
2016-W35,NA,2.06,31/08/2016,0,0,0,0,0,0,0,0,0,0
2016-W36,NA,NA,NA,0,0,0,0,0,0,0,0,0,0
2016-W37,NA,NA,NA,0,0,0,0,0,0,0,0,0,0
2016-W38,NA,NA,NA,0,0,0,0,0,0,0,0,0,0
2016-W39,NA,NA,NA,0,0,0,0,0,0,0,0,0,0
2016-W40,NA,NA,NA,0,0,0,0,0,0,0,0,0,0
2016-W41,2,2.07797271,09/10/2016,0,2,0,0,0,0,0,0,0,0
2016-W42,NA,NA,NA,0,0,2,0,0,0,0,0,0,0
2016-W43,NA,NA,NA,0,0,0,2,0,0,0,0,0,0
2016-W44,NA,2.14,31/10/2016,0,0,0,0,2,0,0,0,0,0
2016-W45,NA,NA,NA,0,0,0,0,0,2,0,0,0,0
2016-W46,NA,NA,NA,0,0,0,0,0,0,2,0,0,0
2016-W47,NA,NA,NA,0,0,0,0,0,0,0,2,0,0
2016-W48,NA,2.072,01/12/2016,0,0,0,0,0,0,0,0,2,0
2016-W49,NA,NA,NA,0,0,0,0,0,0,0,0,0,2
2016-W50,NA,NA,NA,0,0,0,0,0,0,0,0,0,0
2016-W51,NA,NA,NA,0,0,0,0,0,0,0,0,0,0
2016-W52,NA,NA,NA,0,0,0,0,0,0,0,0,0,0
2017-W01,NA,2.01996008,03/01/2017,0,0,0,0,0,0,0,0,0,0
2017-W02,4,NA,NA,0,4,0,0,0,0,0,0,0,0
2017-W03,NA,NA,NA,0,0,4,0,0,0,0,0,0,0
2017-W04,NA,NA,NA,0,0,0,4,0,0,0,0,0,0
2017-W05,NA,2.072,01/02/2017,0,0,0,0,4,0,0,0,0,0
2017-W06,NA,NA,NA,0,0,0,0,0,4,0,0,0,0
2017-W07,NA,NA,NA,0,0,0,0,0,0,4,0,0,0
2017-W08,NA,NA,NA,0,0,0,0,0,0,0,4,0,0
2017-W09,NA,2.004,27/02/2017,0,0,0,0,0,0,0,0,4,0
2017-W10,NA,NA,NA,0,0,0,0,0,0,0,0,0,4
2017-W11,NA,NA,NA,0,0,0,0,0,0,0,0,0,0
2017-W12,NA,NA,NA,0,0,0,0,0,0,0,0,0,0
2017-W13,NA,2.066,29/03/2017,0,0,0,0,0,0,0,0,0,0
2017-W14,1,NA,NA,0,1,0,0,0,0,0,0,0,0
2017-W15,NA,NA,NA,0,0,1,0,0,0,0,0,0,0
2017-W16,NA,NA,NA,0,0,0,1,0,0,0,0,0,0
2017-W17,NA,2.082,26/04/2017,0,0,0,0,1,0,0,0,0,0
2017-W18,NA,NA,NA,0,0,0,0,0,1,0,0,0,0
2017-W19,NA,NA,NA,0,0,0,0,0,0,1,0,0,0
2017-W20,NA,NA,NA,0,0,0,0,0,0,0,1,0,0
2017-W21,NA,NA,NA,0,0,0,0,0,0,0,0,1,0
2017-W22,1,NA,NA,0,1,0,0,0,0,0,0,0,1
2017-W23,NA,NA,NA,0,0,1,0,0,0,0,0,0,0
2017-W24,1,NA,NA,0,1,0,1,0,0,0,0,0,0
2017-W25,NA,NA,NA,0,0,1,0,1,0,0,0,0,0
2017-W26,NA,NA,NA,0,0,0,1,0,1,0,0,0,0
