"","date","total_killed","total_events_located_IL","total_events_located_yesha","total_events_target_civilian","total_events_target_security_forces","total_attacks","yearweek","week_range"
"1",2000-09-29,1,NA,1,NA,1,1,"2000-W39","2000-09-24 UTC--2000-09-30 UTC"
"2",2000-10-01,1,NA,1,NA,1,1,"2000-W40","2000-10-01 UTC--2000-10-07 UTC"
"3",2000-10-02,1,NA,1,1,NA,1,"2000-W40","2000-10-01 UTC--2000-10-07 UTC"
"4",2000-10-02,1,NA,1,NA,1,1,"2000-W40","2000-10-01 UTC--2000-10-07 UTC"
"5",2000-10-07,1,NA,1,1,NA,1,"2000-W40","2000-10-01 UTC--2000-10-07 UTC"
"6",2000-10-12,2,NA,1,1,NA,1,"2000-W41","2000-10-08 UTC--2000-10-14 UTC"
"7",2000-10-19,1,NA,1,1,NA,1,"2000-W42","2000-10-15 UTC--2000-10-21 UTC"
"8",2000-10-27,1,NA,1,1,NA,1,"2000-W43","2000-10-22 UTC--2000-10-28 UTC"
"9",2000-10-28,1,NA,1,1,NA,1,"2000-W43","2000-10-22 UTC--2000-10-28 UTC"
"10",2000-10-30,1,NA,1,1,NA,1,"2000-W44","2000-10-29 UTC--2000-11-04 UTC"
"11",2000-11-01,1,NA,1,NA,1,1,"2000-W44","2000-10-29 UTC--2000-11-04 UTC"
"12",2000-11-01,2,NA,1,NA,1,1,"2000-W44","2000-10-29 UTC--2000-11-04 UTC"
"13",2000-11-02,2,1,NA,1,NA,1,"2000-W44","2000-10-29 UTC--2000-11-04 UTC"
"14",2000-11-08,1,NA,1,1,NA,1,"2000-W45","2000-11-05 UTC--2000-11-11 UTC"
"15",2000-11-10,1,NA,1,NA,1,1,"2000-W45","2000-11-05 UTC--2000-11-11 UTC"
"16",2000-11-13,1,NA,1,1,NA,1,"2000-W46","2000-11-12 UTC--2000-11-18 UTC"
"17",2000-11-13,3,NA,1,1,NA,1,"2000-W46","2000-11-12 UTC--2000-11-18 UTC"
"18",2000-11-18,2,NA,1,NA,1,1,"2000-W46","2000-11-12 UTC--2000-11-18 UTC"
"19",2000-11-20,2,NA,1,1,NA,1,"2000-W47","2000-11-19 UTC--2000-11-25 UTC"
"20",2000-11-21,1,NA,1,1,NA,1,"2000-W47","2000-11-19 UTC--2000-11-25 UTC"
"21",2000-11-22,2,1,NA,1,NA,1,"2000-W47","2000-11-19 UTC--2000-11-25 UTC"
"22",2000-11-23,1,NA,1,NA,1,1,"2000-W47","2000-11-19 UTC--2000-11-25 UTC"
"23",2000-11-23,1,NA,1,1,NA,1,"2000-W47","2000-11-19 UTC--2000-11-25 UTC"
"24",2000-11-24,1,NA,1,1,NA,1,"2000-W47","2000-11-19 UTC--2000-11-25 UTC"
"25",2000-11-24,1,NA,1,NA,1,1,"2000-W47","2000-11-19 UTC--2000-11-25 UTC"
"26",2000-12-08,2,NA,1,1,NA,1,"2000-W49","2000-12-03 UTC--2000-12-09 UTC"
"27",2000-12-08,1,NA,1,NA,1,1,"2000-W49","2000-12-03 UTC--2000-12-09 UTC"
"28",2000-12-21,1,NA,1,1,NA,1,"2000-W51","2000-12-17 UTC--2000-12-23 UTC"
"29",2000-12-28,2,NA,1,NA,1,1,"2000-W52","2000-12-24 UTC--2000-12-30 UTC"
"30",2000-12-31,2,NA,1,1,NA,1,"2000-W53","2000-12-31 UTC--2001-01-06 UTC"
"31",2001-01-14,1,NA,1,1,NA,1,"2001-W02","2001-01-14 UTC--2001-01-20 UTC"
"32",2001-01-17,1,NA,1,1,NA,1,"2001-W02","2001-01-14 UTC--2001-01-20 UTC"
"33",2001-01-23,2,NA,1,1,NA,1,"2001-W03","2001-01-21 UTC--2001-01-27 UTC"
"34",2001-01-25,1,NA,1,1,NA,1,"2001-W03","2001-01-21 UTC--2001-01-27 UTC"
"35",2001-01-29,1,NA,1,1,NA,1,"2001-W04","2001-01-28 UTC--2001-02-03 UTC"
"36",2001-02-01,1,NA,1,1,NA,1,"2001-W04","2001-01-28 UTC--2001-02-03 UTC"
"37",2001-02-01,1,NA,1,1,NA,1,"2001-W04","2001-01-28 UTC--2001-02-03 UTC"
"38",2001-02-05,1,NA,1,NA,1,1,"2001-W05","2001-02-04 UTC--2001-02-10 UTC"
"39",2001-02-11,1,NA,1,1,NA,1,"2001-W06","2001-02-11 UTC--2001-02-17 UTC"
"40",2001-02-14,1,1,NA,1,NA,1,"2001-W06","2001-02-11 UTC--2001-02-17 UTC"
"41",2001-02-14,7,1,NA,1,NA,1,"2001-W06","2001-02-11 UTC--2001-02-17 UTC"
"42",2001-02-15,1,NA,1,NA,1,1,"2001-W06","2001-02-11 UTC--2001-02-17 UTC"
"43",2001-03-01,1,1,NA,1,NA,1,"2001-W08","2001-02-25 UTC--2001-03-03 UTC"
"44",2001-03-04,3,1,NA,1,NA,1,"2001-W09","2001-03-04 UTC--2001-03-10 UTC"
"45",2001-03-19,1,NA,1,1,NA,1,"2001-W11","2001-03-18 UTC--2001-03-24 UTC"
"46",2001-03-26,1,NA,1,1,NA,1,"2001-W12","2001-03-25 UTC--2001-03-31 UTC"
"47",2001-03-28,2,1,NA,1,NA,1,"2001-W12","2001-03-25 UTC--2001-03-31 UTC"
"48",2001-04-01,1,1,NA,1,NA,1,"2001-W13","2001-04-01 UTC--2001-04-07 UTC"
"49",2001-04-01,1,NA,1,NA,1,1,"2001-W13","2001-04-01 UTC--2001-04-07 UTC"
"50",2001-04-02,1,NA,1,NA,1,1,"2001-W13","2001-04-01 UTC--2001-04-07 UTC"
"51",2001-04-21,1,NA,1,1,NA,1,"2001-W15","2001-04-15 UTC--2001-04-21 UTC"
"52",2001-04-22,1,1,NA,1,NA,1,"2001-W16","2001-04-22 UTC--2001-04-28 UTC"
"53",2001-04-28,1,1,NA,1,NA,1,"2001-W16","2001-04-22 UTC--2001-04-28 UTC"
"54",2001-04-28,1,1,NA,1,NA,1,"2001-W16","2001-04-22 UTC--2001-04-28 UTC"
"55",2001-05-01,1,NA,1,1,NA,1,"2001-W17","2001-04-29 UTC--2001-05-05 UTC"
"56",2001-05-08,1,NA,1,1,NA,1,"2001-W18","2001-05-06 UTC--2001-05-12 UTC"
"57",2001-05-09,2,NA,1,1,NA,1,"2001-W18","2001-05-06 UTC--2001-05-12 UTC"
"58",2001-05-15,1,NA,1,1,NA,1,"2001-W19","2001-05-13 UTC--2001-05-19 UTC"
"59",2001-05-18,5,1,NA,1,NA,1,"2001-W19","2001-05-13 UTC--2001-05-19 UTC"
"60",2001-05-18,1,NA,1,NA,1,1,"2001-W19","2001-05-13 UTC--2001-05-19 UTC"
"61",2001-05-23,1,NA,1,1,NA,1,"2001-W20","2001-05-20 UTC--2001-05-26 UTC"
"62",2001-05-25,1,NA,1,1,NA,1,"2001-W20","2001-05-20 UTC--2001-05-26 UTC"
"63",2001-05-29,1,NA,1,1,NA,1,"2001-W21","2001-05-27 UTC--2001-06-02 UTC"
"64",2001-05-29,2,NA,1,1,NA,1,"2001-W21","2001-05-27 UTC--2001-06-02 UTC"
"65",2001-05-31,1,NA,1,1,NA,1,"2001-W21","2001-05-27 UTC--2001-06-02 UTC"
"66",2001-06-01,19,1,NA,1,NA,1,"2001-W21","2001-05-27 UTC--2001-06-02 UTC"
"67",2001-06-05,1,NA,1,1,NA,1,"2001-W22","2001-06-03 UTC--2001-06-09 UTC"
"68",2001-06-09,1,1,NA,1,NA,1,"2001-W22","2001-06-03 UTC--2001-06-09 UTC"
"69",2001-06-14,1,NA,1,NA,1,1,"2001-W23","2001-06-10 UTC--2001-06-16 UTC"
"70",2001-06-18,1,NA,1,1,NA,1,"2001-W24","2001-06-17 UTC--2001-06-23 UTC"
"71",2001-06-18,1,NA,1,1,NA,1,"2001-W24","2001-06-17 UTC--2001-06-23 UTC"
"72",2001-06-20,1,NA,1,1,NA,1,"2001-W24","2001-06-17 UTC--2001-06-23 UTC"
"73",2001-06-22,2,NA,1,1,NA,1,"2001-W24","2001-06-17 UTC--2001-06-23 UTC"
"74",2001-06-28,1,NA,1,1,NA,1,"2001-W25","2001-06-24 UTC--2001-06-30 UTC"
"75",2001-07-02,1,NA,1,1,NA,1,"2001-W26","2001-07-01 UTC--2001-07-07 UTC"
"76",2001-07-02,1,NA,1,1,NA,1,"2001-W26","2001-07-01 UTC--2001-07-07 UTC"
"77",2001-07-04,1,1,NA,1,NA,1,"2001-W26","2001-07-01 UTC--2001-07-07 UTC"
"78",2001-07-08,1,NA,1,NA,1,1,"2001-W27","2001-07-08 UTC--2001-07-14 UTC"
"79",2001-07-13,2,NA,1,1,NA,1,"2001-W27","2001-07-08 UTC--2001-07-14 UTC"
"80",2001-07-16,2,1,NA,1,NA,1,"2001-W28","2001-07-15 UTC--2001-07-21 UTC"
"81",2001-07-24,1,NA,1,1,NA,1,"2001-W29","2001-07-22 UTC--2001-07-28 UTC"
"82",2001-07-26,1,NA,1,1,NA,1,"2001-W29","2001-07-22 UTC--2001-07-28 UTC"
"83",2001-08-05,1,NA,1,1,NA,1,"2001-W31","2001-08-05 UTC--2001-08-11 UTC"
"84",2001-08-07,1,NA,1,1,NA,1,"2001-W31","2001-08-05 UTC--2001-08-11 UTC"
"85",2001-08-09,1,1,NA,1,NA,1,"2001-W31","2001-08-05 UTC--2001-08-11 UTC"
"86",2001-08-09,13,1,NA,1,NA,1,"2001-W31","2001-08-05 UTC--2001-08-11 UTC"
"87",2001-08-25,3,NA,1,1,NA,1,"2001-W33","2001-08-19 UTC--2001-08-25 UTC"
"88",2001-08-25,3,NA,1,NA,1,1,"2001-W33","2001-08-19 UTC--2001-08-25 UTC"
"89",2001-08-26,1,NA,1,1,NA,1,"2001-W34","2001-08-26 UTC--2001-09-01 UTC"
"90",2001-08-27,1,NA,1,1,NA,1,"2001-W34","2001-08-26 UTC--2001-09-01 UTC"
"91",2001-08-29,1,NA,1,1,NA,1,"2001-W34","2001-08-26 UTC--2001-09-01 UTC"
"92",2001-08-30,1,NA,1,1,NA,1,"2001-W34","2001-08-26 UTC--2001-09-01 UTC"
"93",2001-09-09,2,NA,1,1,NA,1,"2001-W36","2001-09-09 UTC--2001-09-15 UTC"
"94",2001-09-09,3,1,NA,1,NA,1,"2001-W36","2001-09-09 UTC--2001-09-15 UTC"
"95",2001-09-11,2,NA,1,NA,1,1,"2001-W36","2001-09-09 UTC--2001-09-15 UTC"
"96",2001-09-12,1,NA,1,1,NA,1,"2001-W36","2001-09-09 UTC--2001-09-15 UTC"
"97",2001-09-15,1,NA,1,1,NA,1,"2001-W36","2001-09-09 UTC--2001-09-15 UTC"
"98",2001-09-16,1,NA,1,NA,1,1,"2001-W37","2001-09-16 UTC--2001-09-22 UTC"
"99",2001-09-20,1,NA,1,1,NA,1,"2001-W37","2001-09-16 UTC--2001-09-22 UTC"
"100",2001-09-24,1,NA,1,1,NA,1,"2001-W38","2001-09-23 UTC--2001-09-29 UTC"
"101",2001-09-26,1,1,NA,1,NA,1,"2001-W38","2001-09-23 UTC--2001-09-29 UTC"
"102",2001-10-02,2,NA,1,1,NA,1,"2001-W39","2001-09-30 UTC--2001-10-06 UTC"
"103",2001-10-04,3,1,NA,1,NA,1,"2001-W39","2001-09-30 UTC--2001-10-06 UTC"
"104",2001-10-05,1,NA,1,1,NA,1,"2001-W39","2001-09-30 UTC--2001-10-06 UTC"
"105",2001-10-07,1,1,NA,1,NA,1,"2001-W40","2001-10-07 UTC--2001-10-13 UTC"
"106",2001-10-17,1,NA,1,1,NA,1,"2001-W41","2001-10-14 UTC--2001-10-20 UTC"
"107",2001-10-18,1,NA,1,1,NA,1,"2001-W41","2001-10-14 UTC--2001-10-20 UTC"
"108",2001-10-28,4,1,NA,1,NA,1,"2001-W43","2001-10-28 UTC--2001-11-03 UTC"
"109",2001-10-28,1,1,NA,1,NA,1,"2001-W43","2001-10-28 UTC--2001-11-03 UTC"
"110",2001-11-02,1,NA,1,NA,1,1,"2001-W43","2001-10-28 UTC--2001-11-03 UTC"
"111",2001-11-04,2,NA,1,1,NA,1,"2001-W44","2001-11-04 UTC--2001-11-10 UTC"
"112",2001-11-06,1,NA,1,NA,1,1,"2001-W44","2001-11-04 UTC--2001-11-10 UTC"
"113",2001-11-09,1,NA,1,1,NA,1,"2001-W44","2001-11-04 UTC--2001-11-10 UTC"
"114",2001-11-11,1,1,NA,1,NA,1,"2001-W45","2001-11-11 UTC--2001-11-17 UTC"
"115",2001-11-24,1,NA,1,1,NA,1,"2001-W46","2001-11-18 UTC--2001-11-24 UTC"
"116",2001-11-27,1,NA,1,1,NA,1,"2001-W47","2001-11-25 UTC--2001-12-01 UTC"
"117",2001-11-27,2,1,NA,1,NA,1,"2001-W47","2001-11-25 UTC--2001-12-01 UTC"
"118",2001-11-29,3,1,NA,NA,1,1,"2001-W47","2001-11-25 UTC--2001-12-01 UTC"
"119",2001-11-29,1,NA,1,NA,1,1,"2001-W47","2001-11-25 UTC--2001-12-01 UTC"
"120",2001-12-01,11,1,NA,1,NA,1,"2001-W47","2001-11-25 UTC--2001-12-01 UTC"
"121",2001-12-02,1,NA,1,1,NA,1,"2001-W48","2001-12-02 UTC--2001-12-08 UTC"
"122",2001-12-02,14,1,NA,1,NA,1,"2001-W48","2001-12-02 UTC--2001-12-08 UTC"
"123",2001-12-12,10,NA,1,1,NA,1,"2001-W49","2001-12-09 UTC--2001-12-15 UTC"
"124",2002-01-09,4,1,NA,1,NA,1,"2002-W01","2002-01-06 UTC--2002-01-12 UTC"
"125",2002-01-14,1,NA,1,NA,1,1,"2002-W02","2002-01-13 UTC--2002-01-19 UTC"
"126",2002-01-15,1,NA,1,1,NA,1,"2002-W02","2002-01-13 UTC--2002-01-19 UTC"
"127",2002-01-15,1,NA,1,1,NA,1,"2002-W02","2002-01-13 UTC--2002-01-19 UTC"
"128",2002-01-17,6,1,NA,1,NA,1,"2002-W02","2002-01-13 UTC--2002-01-19 UTC"
"129",2002-01-22,2,1,NA,1,NA,1,"2002-W03","2002-01-20 UTC--2002-01-26 UTC"
"130",2002-01-27,1,1,NA,1,NA,1,"2002-W04","2002-01-27 UTC--2002-02-02 UTC"
"131",2002-02-06,3,NA,1,1,NA,1,"2002-W05","2002-02-03 UTC--2002-02-09 UTC"
"132",2002-02-08,1,1,NA,1,NA,1,"2002-W05","2002-02-03 UTC--2002-02-09 UTC"
"133",2002-02-09,1,NA,1,1,NA,1,"2002-W05","2002-02-03 UTC--2002-02-09 UTC"
"134",2002-02-10,2,1,NA,1,NA,1,"2002-W06","2002-02-10 UTC--2002-02-16 UTC"
"135",2002-02-14,3,NA,1,NA,1,1,"2002-W06","2002-02-10 UTC--2002-02-16 UTC"
"136",2002-02-16,3,NA,1,1,NA,1,"2002-W06","2002-02-10 UTC--2002-02-16 UTC"
"137",2002-02-18,1,NA,1,1,NA,1,"2002-W07","2002-02-17 UTC--2002-02-23 UTC"
"138",2002-02-18,3,NA,1,NA,1,1,"2002-W07","2002-02-17 UTC--2002-02-23 UTC"
"139",2002-02-19,6,NA,1,NA,1,1,"2002-W07","2002-02-17 UTC--2002-02-23 UTC"
"140",2002-02-22,1,NA,1,1,NA,1,"2002-W07","2002-02-17 UTC--2002-02-23 UTC"
"141",2002-02-25,2,NA,1,1,NA,1,"2002-W08","2002-02-24 UTC--2002-03-02 UTC"
"142",2002-02-25,1,NA,1,1,NA,1,"2002-W08","2002-02-24 UTC--2002-03-02 UTC"
"143",2002-02-27,1,NA,1,1,NA,1,"2002-W08","2002-02-24 UTC--2002-03-02 UTC"
"144",2002-02-28,1,NA,1,NA,1,1,"2002-W08","2002-02-24 UTC--2002-03-02 UTC"
"145",2002-03-01,1,NA,1,NA,1,1,"2002-W08","2002-02-24 UTC--2002-03-02 UTC"
"146",2002-03-02,1,NA,1,1,NA,1,"2002-W08","2002-02-24 UTC--2002-03-02 UTC"
"147",2002-03-02,11,1,NA,1,NA,1,"2002-W08","2002-02-24 UTC--2002-03-02 UTC"
"148",2002-03-03,10,NA,1,NA,1,1,"2002-W09","2002-03-03 UTC--2002-03-09 UTC"
"149",2002-03-03,1,NA,1,NA,1,1,"2002-W09","2002-03-03 UTC--2002-03-09 UTC"
"150",2002-03-05,1,NA,1,1,NA,1,"2002-W09","2002-03-03 UTC--2002-03-09 UTC"
"151",2002-03-05,2,1,NA,1,NA,1,"2002-W09","2002-03-03 UTC--2002-03-09 UTC"
"152",2002-03-05,1,1,NA,1,NA,1,"2002-W09","2002-03-03 UTC--2002-03-09 UTC"
"153",2002-03-05,1,1,NA,1,NA,1,"2002-W09","2002-03-03 UTC--2002-03-09 UTC"
"154",2002-03-06,1,1,NA,NA,1,1,"2002-W09","2002-03-03 UTC--2002-03-09 UTC"
"155",2002-03-07,5,NA,1,1,NA,1,"2002-W09","2002-03-03 UTC--2002-03-09 UTC"
"156",2002-03-08,1,NA,1,NA,1,1,"2002-W09","2002-03-03 UTC--2002-03-09 UTC"
"157",2002-03-09,1,1,NA,1,NA,1,"2002-W09","2002-03-03 UTC--2002-03-09 UTC"
"158",2002-03-09,11,1,NA,1,NA,1,"2002-W09","2002-03-03 UTC--2002-03-09 UTC"
"159",2002-03-10,1,NA,1,1,NA,1,"2002-W10","2002-03-10 UTC--2002-03-16 UTC"
"160",2002-03-12,1,NA,1,1,NA,1,"2002-W10","2002-03-10 UTC--2002-03-16 UTC"
"161",2002-03-13,1,NA,1,NA,1,1,"2002-W10","2002-03-10 UTC--2002-03-16 UTC"
"162",2002-03-14,3,NA,1,NA,1,1,"2002-W10","2002-03-10 UTC--2002-03-16 UTC"
"163",2002-03-17,1,1,NA,1,NA,1,"2002-W11","2002-03-17 UTC--2002-03-23 UTC"
"164",2002-03-19,1,NA,1,NA,1,1,"2002-W11","2002-03-17 UTC--2002-03-23 UTC"
"165",2002-03-20,7,1,NA,1,NA,1,"2002-W11","2002-03-17 UTC--2002-03-23 UTC"
"166",2002-03-21,3,1,NA,1,NA,1,"2002-W11","2002-03-17 UTC--2002-03-23 UTC"
"167",2002-03-24,1,NA,1,1,NA,1,"2002-W12","2002-03-24 UTC--2002-03-30 UTC"
"168",2002-03-24,1,NA,1,1,NA,1,"2002-W12","2002-03-24 UTC--2002-03-30 UTC"
"169",2002-03-27,27,1,NA,1,NA,1,"2002-W12","2002-03-24 UTC--2002-03-30 UTC"
"170",2002-03-28,4,NA,1,1,NA,1,"2002-W12","2002-03-24 UTC--2002-03-30 UTC"
"171",2002-03-29,2,NA,1,1,NA,1,"2002-W12","2002-03-24 UTC--2002-03-30 UTC"
"172",2002-03-29,2,1,NA,1,NA,1,"2002-W12","2002-03-24 UTC--2002-03-30 UTC"
"173",2002-03-29,2,NA,1,NA,1,1,"2002-W12","2002-03-24 UTC--2002-03-30 UTC"
"174",2002-03-30,1,1,NA,1,NA,1,"2002-W12","2002-03-24 UTC--2002-03-30 UTC"
"175",2002-03-30,1,1,NA,NA,1,1,"2002-W12","2002-03-24 UTC--2002-03-30 UTC"
"176",2002-03-31,15,1,NA,1,NA,1,"2002-W13","2002-03-31 UTC--2002-04-06 UTC"
"177",2002-04-01,1,NA,1,NA,1,1,"2002-W13","2002-03-31 UTC--2002-04-06 UTC"
"178",2002-04-01,1,1,NA,1,NA,1,"2002-W13","2002-03-31 UTC--2002-04-06 UTC"
"179",2002-04-03,1,NA,1,NA,1,1,"2002-W13","2002-03-31 UTC--2002-04-06 UTC"
"180",2002-04-04,4,NA,1,NA,1,1,"2002-W13","2002-03-31 UTC--2002-04-06 UTC"
"181",2002-04-05,3,NA,1,NA,1,1,"2002-W13","2002-03-31 UTC--2002-04-06 UTC"
"182",2002-04-06,1,NA,1,1,NA,1,"2002-W13","2002-03-31 UTC--2002-04-06 UTC"
"183",2002-04-08,2,NA,1,NA,1,1,"2002-W14","2002-04-07 UTC--2002-04-13 UTC"
"184",2002-04-09,14,NA,1,NA,1,1,"2002-W14","2002-04-07 UTC--2002-04-13 UTC"
"185",2002-04-10,8,1,NA,1,NA,1,"2002-W14","2002-04-07 UTC--2002-04-13 UTC"
"186",2002-04-12,4,1,NA,1,NA,1,"2002-W14","2002-04-07 UTC--2002-04-13 UTC"
"187",2002-04-12,1,NA,1,1,NA,1,"2002-W14","2002-04-07 UTC--2002-04-13 UTC"
"188",2002-04-20,1,NA,1,1,NA,1,"2002-W15","2002-04-14 UTC--2002-04-20 UTC"
"189",2002-04-22,1,NA,1,NA,1,1,"2002-W16","2002-04-21 UTC--2002-04-27 UTC"
"190",2002-04-27,4,NA,1,1,NA,1,"2002-W16","2002-04-21 UTC--2002-04-27 UTC"
"191",2002-05-03,1,NA,1,NA,1,1,"2002-W17","2002-04-28 UTC--2002-05-04 UTC"
"192",2002-05-07,15,1,NA,1,NA,1,"2002-W18","2002-05-05 UTC--2002-05-11 UTC"
"193",2002-05-12,1,NA,1,1,NA,1,"2002-W19","2002-05-12 UTC--2002-05-18 UTC"
"194",2002-05-19,3,1,NA,1,NA,1,"2002-W20","2002-05-19 UTC--2002-05-25 UTC"
"195",2002-05-22,2,1,NA,1,NA,1,"2002-W20","2002-05-19 UTC--2002-05-25 UTC"
"196",2002-05-24,1,NA,1,NA,1,1,"2002-W20","2002-05-19 UTC--2002-05-25 UTC"
"197",2002-05-27,2,1,NA,1,NA,1,"2002-W21","2002-05-26 UTC--2002-06-01 UTC"
"198",2002-05-28,3,NA,1,1,NA,1,"2002-W21","2002-05-26 UTC--2002-06-01 UTC"
"199",2002-05-28,1,NA,1,1,NA,1,"2002-W21","2002-05-26 UTC--2002-06-01 UTC"
"200",2002-06-05,17,1,NA,1,NA,1,"2002-W22","2002-06-02 UTC--2002-06-08 UTC"
"201",2002-06-06,1,NA,1,1,NA,1,"2002-W22","2002-06-02 UTC--2002-06-08 UTC"
"202",2002-06-08,3,NA,1,1,NA,1,"2002-W22","2002-06-02 UTC--2002-06-08 UTC"
"203",2002-06-11,1,1,NA,1,NA,1,"2002-W23","2002-06-09 UTC--2002-06-15 UTC"
"204",2002-06-15,3,NA,1,NA,1,1,"2002-W23","2002-06-09 UTC--2002-06-15 UTC"
"205",2002-06-18,19,1,NA,1,NA,1,"2002-W24","2002-06-16 UTC--2002-06-22 UTC"
"206",2002-06-19,6,NA,1,1,NA,1,"2002-W24","2002-06-16 UTC--2002-06-22 UTC"
"207",2002-06-19,2,NA,1,NA,1,1,"2002-W24","2002-06-16 UTC--2002-06-22 UTC"
"208",2002-06-20,5,NA,1,1,NA,1,"2002-W24","2002-06-16 UTC--2002-06-22 UTC"
"209",2002-07-10,1,NA,1,NA,1,1,"2002-W27","2002-07-07 UTC--2002-07-13 UTC"
"210",2002-07-16,9,NA,1,1,NA,1,"2002-W28","2002-07-14 UTC--2002-07-20 UTC"
"211",2002-07-17,2,1,NA,1,NA,1,"2002-W28","2002-07-14 UTC--2002-07-20 UTC"
"212",2002-07-17,1,NA,1,NA,1,1,"2002-W28","2002-07-14 UTC--2002-07-20 UTC"
"213",2002-07-25,1,NA,1,1,NA,1,"2002-W29","2002-07-21 UTC--2002-07-27 UTC"
"214",2002-07-26,4,NA,1,1,NA,1,"2002-W29","2002-07-21 UTC--2002-07-27 UTC"
"215",2002-07-30,2,NA,1,1,NA,1,"2002-W30","2002-07-28 UTC--2002-08-03 UTC"
"216",2002-07-31,5,1,NA,1,NA,1,"2002-W30","2002-07-28 UTC--2002-08-03 UTC"
"217",2002-08-01,1,NA,1,1,NA,1,"2002-W30","2002-07-28 UTC--2002-08-03 UTC"
"218",2002-08-04,1,NA,1,1,NA,1,"2002-W31","2002-08-04 UTC--2002-08-10 UTC"
"219",2002-08-04,7,1,NA,1,NA,1,"2002-W31","2002-08-04 UTC--2002-08-10 UTC"
"220",2002-08-05,2,NA,1,1,NA,1,"2002-W31","2002-08-04 UTC--2002-08-10 UTC"
"221",2002-08-10,1,NA,1,1,NA,1,"2002-W31","2002-08-04 UTC--2002-08-10 UTC"
"222",2002-08-20,1,NA,1,NA,1,1,"2002-W33","2002-08-18 UTC--2002-08-24 UTC"
"223",2002-09-05,1,NA,1,NA,1,1,"2002-W35","2002-09-01 UTC--2002-09-07 UTC"
"224",2002-09-05,1,NA,1,NA,1,1,"2002-W35","2002-09-01 UTC--2002-09-07 UTC"
"225",2002-09-18,1,NA,1,1,NA,1,"2002-W37","2002-09-15 UTC--2002-09-21 UTC"
"226",2002-09-18,1,NA,1,1,NA,1,"2002-W37","2002-09-15 UTC--2002-09-21 UTC"
"227",2002-09-18,1,1,NA,1,NA,1,"2002-W37","2002-09-15 UTC--2002-09-21 UTC"
"228",2002-09-19,5,1,NA,1,NA,1,"2002-W37","2002-09-15 UTC--2002-09-21 UTC"
"229",2002-09-23,1,NA,1,1,NA,1,"2002-W38","2002-09-22 UTC--2002-09-28 UTC"
"230",2002-09-26,1,NA,1,NA,1,1,"2002-W38","2002-09-22 UTC--2002-09-28 UTC"
"231",2002-09-30,1,NA,1,NA,1,1,"2002-W39","2002-09-29 UTC--2002-10-05 UTC"
"232",2002-10-08,1,NA,1,1,NA,1,"2002-W40","2002-10-06 UTC--2002-10-12 UTC"
"233",2002-10-10,1,1,NA,1,NA,1,"2002-W40","2002-10-06 UTC--2002-10-12 UTC"
"234",2002-10-21,13,1,NA,1,NA,1,"2002-W42","2002-10-20 UTC--2002-10-26 UTC"
"235",2002-10-27,3,NA,1,1,NA,1,"2002-W43","2002-10-27 UTC--2002-11-02 UTC"
"236",2002-10-29,3,NA,1,1,NA,1,"2002-W43","2002-10-27 UTC--2002-11-02 UTC"
"237",2002-11-04,2,1,NA,1,NA,1,"2002-W44","2002-11-03 UTC--2002-11-09 UTC"
"238",2002-11-06,2,NA,1,1,NA,1,"2002-W44","2002-11-03 UTC--2002-11-09 UTC"
"239",2002-11-09,1,NA,1,NA,1,1,"2002-W44","2002-11-03 UTC--2002-11-09 UTC"
"240",2002-11-10,5,1,NA,1,NA,1,"2002-W45","2002-11-10 UTC--2002-11-16 UTC"
"241",2002-11-15,12,NA,1,1,NA,1,"2002-W45","2002-11-10 UTC--2002-11-16 UTC"
"242",2002-11-18,1,NA,1,1,NA,1,"2002-W46","2002-11-17 UTC--2002-11-23 UTC"
"243",2002-11-21,10,1,NA,1,NA,1,"2002-W46","2002-11-17 UTC--2002-11-23 UTC"
"244",2002-11-22,1,NA,1,NA,1,1,"2002-W46","2002-11-17 UTC--2002-11-23 UTC"
"245",2002-11-28,6,1,NA,1,NA,1,"2002-W47","2002-11-24 UTC--2002-11-30 UTC"
"246",2002-12-12,2,NA,1,NA,1,1,"2002-W49","2002-12-08 UTC--2002-12-14 UTC"
"247",2002-12-20,1,NA,1,1,NA,1,"2002-W50","2002-12-15 UTC--2002-12-21 UTC"
"248",2002-12-27,4,NA,1,1,NA,1,"2002-W51","2002-12-22 UTC--2002-12-28 UTC"
"249",2003-01-02,1,NA,1,1,NA,1,"2003-W00","2002-12-29 UTC--2003-01-04 UTC"
"250",2003-01-05,15,1,NA,1,NA,1,"2003-W01","2003-01-05 UTC--2003-01-11 UTC"
"251",2003-01-12,1,1,NA,1,NA,1,"2003-W02","2003-01-12 UTC--2003-01-18 UTC"
"252",2003-01-12,1,1,NA,NA,1,1,"2003-W02","2003-01-12 UTC--2003-01-18 UTC"
"253",2003-01-17,1,NA,1,1,NA,1,"2003-W02","2003-01-12 UTC--2003-01-18 UTC"
"254",2003-01-23,3,NA,1,NA,1,1,"2003-W03","2003-01-19 UTC--2003-01-25 UTC"
"255",2003-02-06,2,NA,1,NA,1,1,"2003-W05","2003-02-02 UTC--2003-02-08 UTC"
"256",2003-02-11,1,NA,1,NA,1,1,"2003-W06","2003-02-09 UTC--2003-02-15 UTC"
"257",2003-02-15,5,NA,1,NA,1,1,"2003-W06","2003-02-09 UTC--2003-02-15 UTC"
"258",2003-02-23,1,NA,1,NA,1,1,"2003-W08","2003-02-23 UTC--2003-03-01 UTC"
"259",2003-03-05,17,1,NA,1,NA,1,"2003-W09","2003-03-02 UTC--2003-03-08 UTC"
"260",2003-03-07,2,NA,1,1,NA,1,"2003-W09","2003-03-02 UTC--2003-03-08 UTC"
"261",2003-03-10,1,NA,1,NA,1,1,"2003-W10","2003-03-09 UTC--2003-03-15 UTC"
"262",2003-03-12,1,NA,1,NA,1,1,"2003-W10","2003-03-09 UTC--2003-03-15 UTC"
"263",2003-03-18,1,NA,1,NA,1,1,"2003-W11","2003-03-16 UTC--2003-03-22 UTC"
"264",2003-03-19,1,NA,1,1,NA,1,"2003-W11","2003-03-16 UTC--2003-03-22 UTC"
"265",2003-04-10,2,NA,1,NA,1,1,"2003-W14","2003-04-06 UTC--2003-04-12 UTC"
"266",2003-04-15,1,NA,1,1,NA,1,"2003-W15","2003-04-13 UTC--2003-04-19 UTC"
"267",2003-04-15,1,NA,1,NA,1,1,"2003-W15","2003-04-13 UTC--2003-04-19 UTC"
"268",2003-04-20,1,NA,1,NA,1,1,"2003-W16","2003-04-20 UTC--2003-04-26 UTC"
"269",2003-04-24,1,1,NA,1,NA,1,"2003-W16","2003-04-20 UTC--2003-04-26 UTC"
"270",2003-05-05,1,NA,1,1,NA,1,"2003-W18","2003-05-04 UTC--2003-05-10 UTC"
"271",2003-05-11,1,NA,1,1,NA,1,"2003-W19","2003-05-11 UTC--2003-05-17 UTC"
"272",2003-05-17,2,NA,1,1,NA,1,"2003-W19","2003-05-11 UTC--2003-05-17 UTC"
"273",2003-05-18,6,NA,1,1,NA,1,"2003-W20","2003-05-18 UTC--2003-05-24 UTC"
"274",2003-05-19,3,1,NA,1,NA,1,"2003-W20","2003-05-18 UTC--2003-05-24 UTC"
"275",2003-06-08,4,NA,1,NA,1,1,"2003-W23","2003-06-08 UTC--2003-06-14 UTC"
"276",2003-06-08,1,NA,1,NA,1,1,"2003-W23","2003-06-08 UTC--2003-06-14 UTC"
"277",2003-06-11,17,1,NA,1,NA,1,"2003-W23","2003-06-08 UTC--2003-06-14 UTC"
"278",2003-06-12,1,NA,1,1,NA,1,"2003-W23","2003-06-08 UTC--2003-06-14 UTC"
"279",2003-06-13,1,NA,1,NA,1,1,"2003-W23","2003-06-08 UTC--2003-06-14 UTC"
"280",2003-06-17,1,1,NA,1,NA,1,"2003-W24","2003-06-15 UTC--2003-06-21 UTC"
"281",2003-06-19,1,1,NA,1,NA,1,"2003-W24","2003-06-15 UTC--2003-06-21 UTC"
"282",2003-06-20,1,NA,1,1,NA,1,"2003-W24","2003-06-15 UTC--2003-06-21 UTC"
"283",2003-06-26,1,1,NA,1,NA,1,"2003-W25","2003-06-22 UTC--2003-06-28 UTC"
"284",2003-06-27,1,NA,1,NA,1,1,"2003-W25","2003-06-22 UTC--2003-06-28 UTC"
"285",2003-07-07,1,1,NA,1,NA,1,"2003-W27","2003-07-06 UTC--2003-07-12 UTC"
"286",2003-07-15,1,1,NA,1,NA,1,"2003-W28","2003-07-13 UTC--2003-07-19 UTC"
"287",2003-08-08,1,NA,1,NA,1,1,"2003-W31","2003-08-03 UTC--2003-08-09 UTC"
"288",2003-08-12,2,NA,1,1,NA,1,"2003-W32","2003-08-10 UTC--2003-08-16 UTC"
"289",2003-08-12,1,1,NA,1,NA,1,"2003-W32","2003-08-10 UTC--2003-08-16 UTC"
"290",2003-08-19,23,1,NA,1,NA,1,"2003-W33","2003-08-17 UTC--2003-08-23 UTC"
"291",2003-08-29,1,NA,1,1,NA,1,"2003-W34","2003-08-24 UTC--2003-08-30 UTC"
"292",2003-09-04,1,NA,1,NA,1,1,"2003-W35","2003-08-31 UTC--2003-09-06 UTC"
"293",2003-09-05,1,NA,1,NA,1,1,"2003-W35","2003-08-31 UTC--2003-09-06 UTC"
"294",2003-09-09,7,1,NA,1,NA,1,"2003-W36","2003-09-07 UTC--2003-09-13 UTC"
"295",2003-09-09,9,1,NA,1,NA,1,"2003-W36","2003-09-07 UTC--2003-09-13 UTC"
"296",2003-09-25,2,NA,1,1,NA,1,"2003-W38","2003-09-21 UTC--2003-09-27 UTC"
"297",2003-09-25,1,NA,1,NA,1,1,"2003-W38","2003-09-21 UTC--2003-09-27 UTC"
"298",2003-10-04,21,1,NA,1,NA,1,"2003-W39","2003-09-28 UTC--2003-10-04 UTC"
"299",2003-10-19,3,NA,1,NA,1,1,"2003-W42","2003-10-19 UTC--2003-10-25 UTC"
"300",2003-10-24,3,NA,1,NA,1,1,"2003-W42","2003-10-19 UTC--2003-10-25 UTC"
"301",2003-11-18,2,NA,1,NA,1,1,"2003-W46","2003-11-16 UTC--2003-11-22 UTC"
"302",2003-11-22,2,NA,1,1,NA,1,"2003-W46","2003-11-16 UTC--2003-11-22 UTC"
"303",2003-12-22,2,NA,1,NA,1,1,"2003-W51","2003-12-21 UTC--2003-12-27 UTC"
"304",2003-12-25,4,1,NA,1,NA,1,"2003-W51","2003-12-21 UTC--2003-12-27 UTC"
"305",2004-01-13,1,NA,1,1,NA,1,"2004-W02","2004-01-11 UTC--2004-01-17 UTC"
"306",2004-01-14,4,NA,1,NA,1,1,"2004-W02","2004-01-11 UTC--2004-01-17 UTC"
"307",2004-01-29,11,1,NA,1,NA,1,"2004-W04","2004-01-25 UTC--2004-01-31 UTC"
"308",2004-02-22,8,1,NA,1,NA,1,"2004-W08","2004-02-22 UTC--2004-02-28 UTC"
"309",2004-02-26,1,NA,1,NA,1,1,"2004-W08","2004-02-22 UTC--2004-02-28 UTC"
"310",2004-02-27,2,1,NA,1,NA,1,"2004-W08","2004-02-22 UTC--2004-02-28 UTC"
"311",2004-03-14,10,1,NA,1,NA,1,"2004-W11","2004-03-14 UTC--2004-03-20 UTC"
"312",2004-03-19,1,NA,1,1,NA,1,"2004-W11","2004-03-14 UTC--2004-03-20 UTC"
"313",2004-04-03,1,NA,1,1,NA,1,"2004-W13","2004-03-28 UTC--2004-04-03 UTC"
"314",2004-04-17,1,1,NA,NA,1,1,"2004-W15","2004-04-11 UTC--2004-04-17 UTC"
"315",2004-04-25,1,NA,1,NA,1,1,"2004-W17","2004-04-25 UTC--2004-05-01 UTC"
"316",2004-05-02,5,NA,1,1,NA,1,"2004-W18","2004-05-02 UTC--2004-05-08 UTC"
"317",2004-05-11,6,NA,1,NA,1,1,"2004-W19","2004-05-09 UTC--2004-05-15 UTC"
"318",2004-05-12,5,NA,1,NA,1,1,"2004-W19","2004-05-09 UTC--2004-05-15 UTC"
"319",2004-05-14,2,NA,1,NA,1,1,"2004-W19","2004-05-09 UTC--2004-05-15 UTC"
"320",2004-05-29,1,NA,1,NA,1,1,"2004-W21","2004-05-23 UTC--2004-05-29 UTC"
"321",2004-06-28,2,1,NA,1,NA,1,"2004-W26","2004-06-27 UTC--2004-07-03 UTC"
"322",2004-06-28,1,NA,1,NA,1,1,"2004-W26","2004-06-27 UTC--2004-07-03 UTC"
"323",2004-06-29,1,NA,1,1,NA,1,"2004-W26","2004-06-27 UTC--2004-07-03 UTC"
"324",2004-07-04,1,NA,1,1,NA,1,"2004-W27","2004-07-04 UTC--2004-07-10 UTC"
"325",2004-07-06,1,NA,1,NA,1,1,"2004-W27","2004-07-04 UTC--2004-07-10 UTC"
"326",2004-07-11,1,1,NA,1,NA,1,"2004-W28","2004-07-11 UTC--2004-07-17 UTC"
"327",2004-08-13,1,NA,1,1,NA,1,"2004-W32","2004-08-08 UTC--2004-08-14 UTC"
"328",2004-08-31,16,1,NA,1,NA,1,"2004-W35","2004-08-29 UTC--2004-09-04 UTC"
"329",2004-09-22,2,NA,1,1,NA,1,"2004-W38","2004-09-19 UTC--2004-09-25 UTC"
"330",2004-09-23,3,NA,1,NA,1,1,"2004-W38","2004-09-19 UTC--2004-09-25 UTC"
"331",2004-09-24,1,NA,1,1,NA,1,"2004-W38","2004-09-19 UTC--2004-09-25 UTC"
"332",2004-09-29,2,1,NA,1,NA,1,"2004-W39","2004-09-26 UTC--2004-10-02 UTC"
"333",2004-09-30,2,NA,1,1,NA,1,"2004-W39","2004-09-26 UTC--2004-10-02 UTC"
"334",2004-09-30,1,NA,1,NA,1,1,"2004-W39","2004-09-26 UTC--2004-10-02 UTC"
"335",2004-10-19,1,NA,1,NA,1,1,"2004-W42","2004-10-17 UTC--2004-10-23 UTC"
"336",2004-10-21,1,NA,1,NA,1,1,"2004-W42","2004-10-17 UTC--2004-10-23 UTC"
"337",2004-10-28,1,NA,1,NA,1,1,"2004-W43","2004-10-24 UTC--2004-10-30 UTC"
"338",2004-11-01,3,1,NA,1,NA,1,"2004-W44","2004-10-31 UTC--2004-11-06 UTC"
"339",2004-12-07,1,NA,1,1,NA,1,"2004-W49","2004-12-05 UTC--2004-12-11 UTC"
"340",2004-12-12,5,NA,1,NA,1,1,"2004-W50","2004-12-12 UTC--2004-12-18 UTC"
"341",2004-12-21,1,1,NA,1,NA,1,"2004-W51","2004-12-19 UTC--2004-12-25 UTC"
"342",2004-12-22,1,NA,1,1,NA,1,"2004-W51","2004-12-19 UTC--2004-12-25 UTC"
"343",2005-01-02,1,1,NA,1,NA,1,"2005-W01","2005-01-02 UTC--2005-01-08 UTC"
"344",2005-01-02,1,1,NA,1,NA,1,"2005-W01","2005-01-02 UTC--2005-01-08 UTC"
"345",2005-01-07,2,NA,1,1,NA,1,"2005-W01","2005-01-02 UTC--2005-01-08 UTC"
"346",2005-01-12,1,NA,1,1,NA,1,"2005-W02","2005-01-09 UTC--2005-01-15 UTC"
"347",2005-01-13,6,NA,1,1,NA,1,"2005-W02","2005-01-09 UTC--2005-01-15 UTC"
"348",2005-01-15,1,1,NA,1,NA,1,"2005-W02","2005-01-09 UTC--2005-01-15 UTC"
"349",2005-01-18,1,NA,1,1,NA,1,"2005-W03","2005-01-16 UTC--2005-01-22 UTC"
"350",2005-02-25,5,1,NA,1,NA,1,"2005-W08","2005-02-20 UTC--2005-02-26 UTC"
"351",2005-05-02,1,NA,1,NA,1,1,"2005-W18","2005-05-01 UTC--2005-05-07 UTC"
"352",2005-06-19,1,NA,1,NA,1,1,"2005-W25","2005-06-19 UTC--2005-06-25 UTC"
"353",2005-06-20,1,NA,1,1,NA,1,"2005-W25","2005-06-19 UTC--2005-06-25 UTC"
"354",2005-06-24,2,NA,1,1,NA,1,"2005-W25","2005-06-19 UTC--2005-06-25 UTC"
"355",2005-07-12,5,1,NA,1,NA,1,"2005-W28","2005-07-10 UTC--2005-07-16 UTC"
"356",2005-07-14,1,1,NA,1,NA,1,"2005-W28","2005-07-10 UTC--2005-07-16 UTC"
"357",2005-07-24,2,NA,1,1,NA,1,"2005-W30","2005-07-24 UTC--2005-07-30 UTC"
"358",2005-09-21,1,NA,1,1,NA,1,"2005-W38","2005-09-18 UTC--2005-09-24 UTC"
"359",2005-10-16,3,NA,1,1,NA,1,"2005-W42","2005-10-16 UTC--2005-10-22 UTC"
"360",2005-10-26,7,1,NA,1,NA,1,"2005-W43","2005-10-23 UTC--2005-10-29 UTC"
"361",2005-11-01,1,NA,1,NA,1,1,"2005-W44","2005-10-30 UTC--2005-11-05 UTC"
"362",2005-12-05,5,1,NA,1,NA,1,"2005-W49","2005-12-04 UTC--2005-12-10 UTC"
"363",2005-12-08,1,NA,1,NA,1,1,"2005-W49","2005-12-04 UTC--2005-12-10 UTC"
"364",2005-12-16,1,NA,1,1,NA,1,"2005-W50","2005-12-11 UTC--2005-12-17 UTC"
"365",2005-12-29,1,NA,1,1,NA,1,"2005-W52","2005-12-25 UTC--2005-12-31 UTC"
"366",2006-02-05,1,1,NA,1,NA,1,"2006-W06","2006-02-05 UTC--2006-02-11 UTC"
"367",2006-03-01,1,NA,1,1,NA,1,"2006-W09","2006-02-26 UTC--2006-03-04 UTC"
"368",2006-03-30,4,NA,1,1,NA,1,"2006-W13","2006-03-26 UTC--2006-04-01 UTC"
"369",2006-04-17,7,1,NA,1,NA,1,"2006-W16","2006-04-16 UTC--2006-04-22 UTC"
"370",2006-06-25,1,NA,1,1,NA,1,"2006-W26","2006-06-25 UTC--2006-07-01 UTC"
"371",2006-06-25,2,1,NA,NA,1,1,"2006-W26","2006-06-25 UTC--2006-07-01 UTC"
"372",2006-07-17,1,NA,1,NA,1,1,"2006-W29","2006-07-16 UTC--2006-07-22 UTC"
"373",2006-07-27,1,NA,1,1,NA,1,"2006-W30","2006-07-23 UTC--2006-07-29 UTC"
"374",2006-08-19,1,NA,1,NA,1,1,"2006-W33","2006-08-13 UTC--2006-08-19 UTC"
"375",2006-09-12,1,NA,1,NA,1,1,"2006-W37","2006-09-10 UTC--2006-09-16 UTC"
"376",2006-11-01,1,NA,1,NA,1,1,"2006-W44","2006-10-29 UTC--2006-11-04 UTC"
"377",2006-11-15,1,1,NA,1,NA,1,"2006-W46","2006-11-12 UTC--2006-11-18 UTC"
"378",2006-11-21,1,1,NA,1,NA,1,"2006-W47","2006-11-19 UTC--2006-11-25 UTC"
"379",2007-01-29,3,1,NA,1,NA,1,"2007-W04","2007-01-28 UTC--2007-02-03 UTC"
"380",2007-02-25,1,NA,1,1,NA,1,"2007-W08","2007-02-25 UTC--2007-03-03 UTC"
"381",2007-05-21,1,1,NA,1,NA,1,"2007-W20","2007-05-20 UTC--2007-05-26 UTC"
"382",2007-05-27,1,1,NA,1,NA,1,"2007-W21","2007-05-27 UTC--2007-06-02 UTC"
"383",2007-07-12,1,NA,1,NA,1,1,"2007-W27","2007-07-08 UTC--2007-07-14 UTC"
"384",2007-09-18,1,NA,1,NA,1,1,"2007-W37","2007-09-16 UTC--2007-09-22 UTC"
"385",2007-10-17,1,NA,1,NA,1,1,"2007-W41","2007-10-14 UTC--2007-10-20 UTC"
"386",2007-10-29,1,NA,1,NA,1,1,"2007-W43","2007-10-28 UTC--2007-11-03 UTC"
"387",2007-11-19,1,NA,1,1,NA,1,"2007-W46","2007-11-18 UTC--2007-11-24 UTC"
"388",2007-12-28,2,NA,1,1,NA,1,"2007-W51","2007-12-23 UTC--2007-12-29 UTC"
"389",2008-01-24,1,NA,1,NA,1,1,"2008-W03","2008-01-20 UTC--2008-01-26 UTC"
"390",2008-02-04,1,1,NA,1,NA,1,"2008-W05","2008-02-03 UTC--2008-02-09 UTC"
"391",2008-02-27,1,1,NA,1,NA,1,"2008-W08","2008-02-24 UTC--2008-03-01 UTC"
"392",2008-03-01,2,NA,1,NA,1,1,"2008-W08","2008-02-24 UTC--2008-03-01 UTC"
"393",2008-03-06,8,1,NA,1,NA,1,"2008-W09","2008-03-02 UTC--2008-03-08 UTC"
"394",2008-03-06,2,NA,1,NA,1,1,"2008-W09","2008-03-02 UTC--2008-03-08 UTC"
"395",2008-04-09,2,1,NA,1,NA,1,"2008-W14","2008-04-06 UTC--2008-04-12 UTC"
"396",2008-04-09,1,NA,1,NA,1,1,"2008-W14","2008-04-06 UTC--2008-04-12 UTC"
"397",2008-04-16,3,1,NA,NA,1,1,"2008-W15","2008-04-13 UTC--2008-04-19 UTC"
"398",2008-04-25,2,NA,1,1,NA,1,"2008-W16","2008-04-20 UTC--2008-04-26 UTC"
"399",2008-05-09,1,1,NA,1,NA,1,"2008-W18","2008-05-04 UTC--2008-05-10 UTC"
"400",2008-05-12,1,1,NA,1,NA,1,"2008-W19","2008-05-11 UTC--2008-05-17 UTC"
"401",2008-06-05,1,1,NA,1,NA,1,"2008-W22","2008-06-01 UTC--2008-06-07 UTC"
"402",2008-07-02,2,1,NA,1,NA,1,"2008-W26","2008-06-29 UTC--2008-07-05 UTC"
"403",2008-07-12,1,NA,1,NA,1,1,"2008-W27","2008-07-06 UTC--2008-07-12 UTC"
"404",2008-10-23,1,NA,1,1,NA,1,"2008-W42","2008-10-19 UTC--2008-10-25 UTC"
"405",2009-01-27,1,NA,1,NA,1,1,"2009-W04","2009-01-25 UTC--2009-01-31 UTC"
"406",2009-04-02,1,NA,1,1,NA,1,"2009-W13","2009-03-29 UTC--2009-04-04 UTC"
"407",2009-05-10,1,1,NA,1,NA,1,"2009-W19","2009-05-10 UTC--2009-05-16 UTC"
"408",2009-12-24,1,NA,1,1,NA,1,"2009-W51","2009-12-20 UTC--2009-12-26 UTC"
"409",2010-02-10,1,NA,1,NA,1,1,"2010-W06","2010-02-07 UTC--2010-02-13 UTC"
"410",2010-02-24,1,1,NA,1,NA,1,"2010-W08","2010-02-21 UTC--2010-02-27 UTC"
"411",2010-03-26,2,NA,1,NA,1,1,"2010-W12","2010-03-21 UTC--2010-03-27 UTC"
"412",2010-06-14,1,NA,1,1,NA,1,"2010-W24","2010-06-13 UTC--2010-06-19 UTC"
"413",2010-08-31,4,NA,1,1,NA,1,"2010-W35","2010-08-29 UTC--2010-09-04 UTC"
"414",2011-03-11,5,NA,1,1,NA,1,"2011-W10","2011-03-06 UTC--2011-03-12 UTC"
"415",2011-03-23,2,1,NA,1,NA,1,"2011-W12","2011-03-20 UTC--2011-03-26 UTC"
"416",2011-04-07,1,1,NA,1,NA,1,"2011-W14","2011-04-03 UTC--2011-04-09 UTC"
"417",2011-04-24,1,NA,1,1,NA,1,"2011-W17","2011-04-24 UTC--2011-04-30 UTC"
"418",2011-08-20,1,1,NA,1,NA,1,"2011-W33","2011-08-14 UTC--2011-08-20 UTC"
"419",2011-09-23,2,NA,1,1,NA,1,"2011-W38","2011-09-18 UTC--2011-09-24 UTC"
"420",2011-10-29,1,1,NA,1,NA,1,"2011-W43","2011-10-23 UTC--2011-10-29 UTC"
"421",2012-06-01,1,NA,1,NA,1,1,"2012-W22","2012-05-27 UTC--2012-06-02 UTC"
"422",2012-11-15,3,1,NA,1,NA,1,"2012-W46","2012-11-11 UTC--2012-11-17 UTC"
"423",2012-11-20,2,1,NA,1,NA,1,"2012-W47","2012-11-18 UTC--2012-11-24 UTC"
"424",2012-11-21,1,1,NA,1,NA,1,"2012-W47","2012-11-18 UTC--2012-11-24 UTC"
"425",2013-04-30,1,NA,1,1,NA,1,"2013-W17","2013-04-28 UTC--2013-05-04 UTC"
"426",2013-09-20,1,NA,1,1,NA,1,"2013-W37","2013-09-15 UTC--2013-09-21 UTC"
"427",2013-09-22,1,NA,1,NA,1,1,"2013-W38","2013-09-22 UTC--2013-09-28 UTC"
"428",2013-10-10,1,NA,1,1,NA,1,"2013-W40","2013-10-06 UTC--2013-10-12 UTC"
"429",2013-11-13,1,1,NA,1,NA,1,"2013-W45","2013-11-10 UTC--2013-11-16 UTC"
"430",2013-12-24,1,1,NA,1,NA,1,"2013-W51","2013-12-22 UTC--2013-12-28 UTC"
"431",2014-04-14,2,NA,1,1,NA,1,"2014-W15","2014-04-13 UTC--2014-04-19 UTC"
"432",2014-06-12,3,NA,1,1,NA,1,"2014-W23","2014-06-08 UTC--2014-06-14 UTC"
"433",2014-07-15,1,1,NA,1,NA,1,"2014-W28","2014-07-13 UTC--2014-07-19 UTC"
"434",2014-07-19,1,1,NA,1,NA,1,"2014-W28","2014-07-13 UTC--2014-07-19 UTC"
"435",2014-07-19,2,NA,1,NA,1,1,"2014-W28","2014-07-13 UTC--2014-07-19 UTC"
"436",2014-07-19,2,1,NA,NA,1,1,"2014-W28","2014-07-13 UTC--2014-07-19 UTC"
"437",2014-07-20,14,NA,1,NA,1,1,"2014-W29","2014-07-20 UTC--2014-07-26 UTC"
"438",2014-07-21,2,NA,1,NA,1,1,"2014-W29","2014-07-20 UTC--2014-07-26 UTC"
"439",2014-07-21,2,NA,1,NA,1,1,"2014-W29","2014-07-20 UTC--2014-07-26 UTC"
"440",2014-07-21,1,NA,1,NA,1,1,"2014-W29","2014-07-20 UTC--2014-07-26 UTC"
"441",2014-07-21,4,1,NA,NA,1,1,"2014-W29","2014-07-20 UTC--2014-07-26 UTC"
"442",2014-07-22,1,NA,1,NA,1,1,"2014-W29","2014-07-20 UTC--2014-07-26 UTC"
"443",2014-07-23,4,NA,1,NA,1,1,"2014-W29","2014-07-20 UTC--2014-07-26 UTC"
"444",2014-07-24,1,NA,1,NA,1,1,"2014-W29","2014-07-20 UTC--2014-07-26 UTC"
"445",2014-07-25,2,NA,1,NA,1,1,"2014-W29","2014-07-20 UTC--2014-07-26 UTC"
"446",2014-07-25,2,NA,1,NA,1,1,"2014-W29","2014-07-20 UTC--2014-07-26 UTC"
"447",2014-07-25,1,NA,1,NA,1,1,"2014-W29","2014-07-20 UTC--2014-07-26 UTC"
"448",2014-07-25,1,NA,1,NA,1,1,"2014-W29","2014-07-20 UTC--2014-07-26 UTC"
"449",2014-07-26,1,1,NA,NA,1,1,"2014-W29","2014-07-20 UTC--2014-07-26 UTC"
"450",2014-07-28,1,NA,1,NA,1,1,"2014-W30","2014-07-27 UTC--2014-08-02 UTC"
"451",2014-07-28,5,1,NA,NA,1,1,"2014-W30","2014-07-27 UTC--2014-08-02 UTC"
"452",2014-07-28,4,1,NA,NA,1,1,"2014-W30","2014-07-27 UTC--2014-08-02 UTC"
"453",2014-07-30,3,NA,1,NA,1,1,"2014-W30","2014-07-27 UTC--2014-08-02 UTC"
"454",2014-07-31,5,1,NA,NA,1,1,"2014-W30","2014-07-27 UTC--2014-08-02 UTC"
"455",2014-08-01,3,NA,1,NA,1,1,"2014-W30","2014-07-27 UTC--2014-08-02 UTC"
"456",2014-08-04,1,1,NA,1,NA,1,"2014-W31","2014-08-03 UTC--2014-08-09 UTC"
"457",2014-08-22,1,1,NA,1,NA,1,"2014-W33","2014-08-17 UTC--2014-08-23 UTC"
"458",2014-08-22,1,1,NA,1,NA,1,"2014-W33","2014-08-17 UTC--2014-08-23 UTC"
"459",2014-08-26,2,1,NA,1,NA,1,"2014-W34","2014-08-24 UTC--2014-08-30 UTC"
"460",2014-10-22,2,NA,1,1,NA,1,"2014-W42","2014-10-19 UTC--2014-10-25 UTC"
"461",2014-11-05,4,1,NA,1,NA,1,"2014-W44","2014-11-02 UTC--2014-11-08 UTC"
"462",2014-11-10,1,NA,1,1,NA,1,"2014-W45","2014-11-09 UTC--2014-11-15 UTC"
"463",2014-11-10,1,1,NA,1,NA,1,"2014-W45","2014-11-09 UTC--2014-11-15 UTC"
"464",2014-11-18,6,1,NA,1,NA,1,"2014-W46","2014-11-16 UTC--2014-11-22 UTC"
"465",2015-04-15,1,NA,1,1,NA,1,"2015-W15","2015-04-12 UTC--2015-04-18 UTC"
"466",2015-06-19,1,NA,1,1,NA,1,"2015-W24","2015-06-14 UTC--2015-06-20 UTC"
"467",2015-06-29,1,NA,1,1,NA,1,"2015-W26","2015-06-28 UTC--2015-07-04 UTC"
"468",2015-09-13,1,NA,1,1,NA,1,"2015-W37","2015-09-13 UTC--2015-09-19 UTC"
"469",2015-10-01,2,NA,1,1,NA,1,"2015-W39","2015-09-27 UTC--2015-10-03 UTC"
"470",2015-10-03,3,NA,1,1,NA,1,"2015-W39","2015-09-27 UTC--2015-10-03 UTC"
"471",2015-10-13,3,NA,1,1,NA,1,"2015-W41","2015-10-11 UTC--2015-10-17 UTC"
"472",2015-10-13,1,1,NA,1,NA,1,"2015-W41","2015-10-11 UTC--2015-10-17 UTC"
"473",2015-10-20,1,NA,1,1,NA,1,"2015-W42","2015-10-18 UTC--2015-10-24 UTC"
"474",2015-11-04,1,NA,1,NA,1,1,"2015-W44","2015-11-01 UTC--2015-11-07 UTC"
"475",2015-11-13,2,NA,1,1,NA,1,"2015-W45","2015-11-08 UTC--2015-11-14 UTC"
"476",2015-11-19,1,NA,1,1,NA,1,"2015-W46","2015-11-15 UTC--2015-11-21 UTC"
"477",2015-11-19,2,1,NA,1,NA,1,"2015-W46","2015-11-15 UTC--2015-11-21 UTC"
"478",2015-11-22,1,NA,1,1,NA,1,"2015-W47","2015-11-22 UTC--2015-11-28 UTC"
"479",2015-11-23,1,NA,1,1,NA,1,"2015-W47","2015-11-22 UTC--2015-11-28 UTC"
"480",2015-12-07,1,NA,1,1,NA,1,"2015-W49","2015-12-06 UTC--2015-12-12 UTC"
"481",2015-12-23,1,NA,1,1,NA,1,"2015-W51","2015-12-20 UTC--2015-12-26 UTC"
"482",2016-01-17,1,NA,1,1,NA,1,"2016-W03","2016-01-17 UTC--2016-01-23 UTC"
"483",2016-01-25,1,NA,1,1,NA,1,"2016-W04","2016-01-24 UTC--2016-01-30 UTC"
"484",2016-02-03,1,NA,1,NA,1,1,"2016-W05","2016-01-31 UTC--2016-02-06 UTC"
"485",2016-02-18,1,NA,1,1,NA,1,"2016-W07","2016-02-14 UTC--2016-02-20 UTC"
"486",2016-06-08,3,1,NA,1,NA,1,"2016-W23","2016-06-05 UTC--2016-06-11 UTC"
"487",2016-06-30,1,NA,1,1,NA,1,"2016-W26","2016-06-26 UTC--2016-07-02 UTC"
"488",2016-07-01,1,NA,1,1,NA,1,"2016-W26","2016-06-26 UTC--2016-07-02 UTC"
"489",2016-10-09,2,NA,1,1,NA,1,"2016-W41","2016-10-09 UTC--2016-10-15 UTC"
"490",2017-01-08,4,NA,1,1,NA,1,"2017-W02","2017-01-08 UTC--2017-01-14 UTC"
"491",2017-04-06,1,NA,1,1,NA,1,"2017-W14","2017-04-02 UTC--2017-04-08 UTC"
"492",2017-05-28,1,1,NA,1,NA,1,"2017-W22","2017-05-28 UTC--2017-06-03 UTC"
"493",2017-06-16,1,NA,1,1,NA,1,"2017-W24","2017-06-11 UTC--2017-06-17 UTC"
"494",2017-07-21,3,NA,1,1,NA,1,"2017-W29","2017-07-16 UTC--2017-07-22 UTC"
"495",2017-09-26,3,NA,1,1,NA,1,"2017-W39","2017-09-24 UTC--2017-09-30 UTC"
"496",2017-10-04,1,1,NA,1,NA,1,"2017-W40","2017-10-01 UTC--2017-10-07 UTC"
"497",2018-01-09,1,NA,1,1,NA,1,"2018-W01","2018-01-07 UTC--2018-01-13 UTC"
"498",2018-03-16,2,NA,1,NA,1,1,"2018-W10","2018-03-11 UTC--2018-03-17 UTC"
"499",2018-03-18,1,NA,1,1,NA,1,"2018-W11","2018-03-18 UTC--2018-03-24 UTC"
"500",2018-05-24,1,NA,1,NA,1,1,"2018-W20","2018-05-20 UTC--2018-05-26 UTC"
"501",2018-07-20,1,1,NA,NA,1,1,"2018-W28","2018-07-15 UTC--2018-07-21 UTC"
"502",2018-07-26,1,NA,1,1,NA,1,"2018-W29","2018-07-22 UTC--2018-07-28 UTC"
"503",2018-09-16,1,NA,1,1,NA,1,"2018-W37","2018-09-16 UTC--2018-09-22 UTC"
"504",2018-10-07,2,NA,1,1,NA,1,"2018-W40","2018-10-07 UTC--2018-10-13 UTC"
"505",2018-11-12,1,1,NA,1,NA,1,"2018-W45","2018-11-11 UTC--2018-11-17 UTC"
"506",2018-12-09,1,NA,1,1,NA,1,"2018-W49","2018-12-09 UTC--2018-12-15 UTC"
"507",2018-12-13,2,NA,1,1,NA,1,"2018-W49","2018-12-09 UTC--2018-12-15 UTC"
"508",2019-02-07,1,NA,1,1,NA,1,"2019-W05","2019-02-03 UTC--2019-02-09 UTC"
"509",2019-03-17,1,NA,1,1,NA,1,"2019-W11","2019-03-17 UTC--2019-03-23 UTC"
"510",2019-03-17,2,NA,1,1,NA,1,"2019-W11","2019-03-17 UTC--2019-03-23 UTC"
"511",2019-05-05,1,1,NA,1,NA,1,"2019-W18","2019-05-05 UTC--2019-05-11 UTC"
"512",2019-05-05,1,1,NA,1,NA,1,"2019-W18","2019-05-05 UTC--2019-05-11 UTC"
"513",2019-05-05,2,1,NA,1,NA,1,"2019-W18","2019-05-05 UTC--2019-05-11 UTC"
"514",2019-08-08,1,NA,1,1,NA,1,"2019-W31","2019-08-04 UTC--2019-08-10 UTC"
"515",2019-08-23,1,NA,1,1,NA,1,"2019-W33","2019-08-18 UTC--2019-08-24 UTC"
