"","yearweek","total_killed","total_events_located_IL","total_events_located_yesha","total_events_target_civilian","total_events_target_security_forces","total_attacks","q1","q2","survey_date","temperature","humidity","week_range","week_number","week0ago","week1ago","week2ago","week3ago","week4ago"
"1","2000-W39",1,0,1,0,1,1,NA,NA,NA,24.14821429,64.71428571,"2000-09-24 UTC--2000-09-30 UTC","week1ago",1,0,0,0,0
"2","2000-W40",4,0,4,2,2,4,2.602713178,3.166666667,"02/10/2000",25.29821429,58.51785714,"2000-10-01 UTC--2000-10-07 UTC","week4ago",4,1,0,0,0
"3","2000-W41",2,0,1,1,0,1,NA,NA,NA,23.57142857,68.46428571,"2000-10-08 UTC--2000-10-14 UTC","week3ago",2,4,1,0,0
"4","2000-W42",1,0,1,1,0,1,NA,NA,NA,21.86607143,71.71428571,"2000-10-15 UTC--2000-10-21 UTC","week2ago",1,2,4,1,0
"5","2000-W43",2,0,2,2,0,2,NA,NA,NA,17.99107143,73.83928571,"2000-10-22 UTC--2000-10-28 UTC","week1ago",2,1,2,4,1
"6","2000-W44",6,1,3,2,2,4,2.885214008,3.287937743,"29/10/2000",18.89285714,72.41071429,"2000-10-29 UTC--2000-11-04 UTC","week4ago",6,2,1,2,4
"7","2000-W45",2,0,2,1,1,2,NA,NA,NA,18.95357143,56.42857143,"2000-11-05 UTC--2000-11-11 UTC","week3ago",2,6,2,1,2
"8","2000-W46",6,0,3,2,1,3,NA,NA,NA,18.1875,56.57142857,"2000-11-12 UTC--2000-11-18 UTC","week2ago",6,2,6,2,1
"9","2000-W47",9,1,6,5,2,7,NA,NA,NA,16.00892857,66.91071429,"2000-11-19 UTC--2000-11-25 UTC","week1ago",9,6,2,6,2
"10","2000-W48",NA,NA,NA,NA,NA,NA,2.85515873,3.194444444,"29/11/2000",16.01428571,68.42857143,NA,"week4ago",0,9,6,2,6
"11","2000-W49",3,0,2,1,1,2,NA,NA,NA,15.43571429,72.17857143,"2000-12-03 UTC--2000-12-09 UTC","week3ago",3,0,9,6,2
"12","2000-W50",NA,NA,NA,NA,NA,NA,NA,NA,NA,14.16964286,78.28571429,NA,"week2ago",0,3,0,9,6
"13","2000-W51",1,0,1,1,0,1,NA,NA,NA,13.75714286,79.76785714,"2000-12-17 UTC--2000-12-23 UTC","week1ago",1,0,3,0,9
"14","2000-W52",2,0,1,0,1,1,2.950298211,2.574552684,"25/12/2000",13.35714286,70.05357143,"2000-12-24 UTC--2000-12-30 UTC","week6ago",2,1,0,3,0
"15","2000-W53",2,0,1,1,0,1,NA,NA,NA,13.6625,62.75,"2000-12-31 UTC--2001-01-06 UTC","week5ago",2,2,1,0,3
"16","2001-W00",NA,NA,NA,NA,NA,NA,NA,NA,NA,12.88333333,81.92857143,NA,"week4ago",0,2,2,1,0
"17","2001-W01",NA,NA,NA,NA,NA,NA,NA,NA,NA,13.44107143,77.64285714,NA,"week3ago",0,0,2,2,1
"18","2001-W02",2,0,2,2,0,2,NA,NA,NA,12.73035714,78.41071429,"2001-01-14 UTC--2001-01-20 UTC","week2ago",2,0,0,2,2
"19","2001-W03",3,0,2,2,0,2,NA,NA,NA,11.58392857,76.91071429,"2001-01-21 UTC--2001-01-27 UTC","week1ago",3,2,0,0,2
"20","2001-W04",3,0,3,3,0,3,2.976143141,3.351888668,"31/01/2001",11.89285714,66.23214286,"2001-01-28 UTC--2001-02-03 UTC","week4ago",3,3,2,0,0
"21","2001-W05",1,0,1,0,1,1,NA,NA,NA,12.43214286,77.46428571,"2001-02-04 UTC--2001-02-10 UTC","week3ago",1,3,3,2,0
"22","2001-W06",10,2,2,3,1,4,NA,NA,NA,13.74642857,71.03571429,"2001-02-11 UTC--2001-02-17 UTC","week2ago",10,1,3,3,2
"23","2001-W07",NA,NA,NA,NA,NA,NA,NA,NA,NA,11.95892857,72.53571429,NA,"week1ago",0,10,1,3,3
"24","2001-W08",1,1,0,1,0,1,2.812749004,3.310756972,"28/02/2001",16.05714286,67.25,"2001-02-25 UTC--2001-03-03 UTC","week4ago",1,0,10,1,3
"25","2001-W09",3,1,0,1,0,1,NA,NA,NA,16.08035714,77.32142857,"2001-03-04 UTC--2001-03-10 UTC","week3ago",3,1,0,10,1
"26","2001-W10",NA,NA,NA,NA,NA,NA,NA,NA,NA,16.58392857,75.625,NA,"week2ago",0,3,1,0,10
"27","2001-W11",1,0,1,1,0,1,NA,NA,NA,18.61071429,69.58928571,"2001-03-18 UTC--2001-03-24 UTC","week1ago",1,0,3,1,0
"28","2001-W12",3,1,1,2,0,2,3.12992126,3.62992126,"29/03/2001",20.29821429,55.32142857,"2001-03-25 UTC--2001-03-31 UTC","week5ago",3,1,0,3,1
"29","2001-W13",3,1,2,1,2,3,NA,NA,NA,18.73035714,67.14285714,"2001-04-01 UTC--2001-04-07 UTC","week4ago",3,3,1,0,3
"30","2001-W14",NA,NA,NA,NA,NA,NA,NA,NA,NA,17.38571429,69.05357143,NA,"week3ago",0,3,3,1,0
"31","2001-W15",1,0,1,1,0,1,NA,NA,NA,20.05,58.58928571,"2001-04-15 UTC--2001-04-21 UTC","week2ago",1,0,3,3,1
"32","2001-W16",3,3,0,3,0,3,NA,NA,NA,20.70714286,59.94642857,"2001-04-22 UTC--2001-04-28 UTC","week1ago",3,1,0,3,3
"33","2001-W17",1,0,1,1,0,1,2.888888889,3.545634921,"30/04/2001",21.55714286,64.23214286,"2001-04-29 UTC--2001-05-05 UTC","week4ago",1,3,1,0,3
"34","2001-W18",3,0,2,2,0,2,NA,NA,NA,21.1,58.73214286,"2001-05-06 UTC--2001-05-12 UTC","week3ago",3,1,3,1,0
"35","2001-W19",7,1,2,2,1,3,NA,NA,NA,20.79821429,64.03571429,"2001-05-13 UTC--2001-05-19 UTC","week2ago",7,3,1,3,1
"36","2001-W20",2,0,2,2,0,2,NA,NA,NA,23.07857143,65.42857143,"2001-05-20 UTC--2001-05-26 UTC","week1ago",2,7,3,1,3
"37","2001-W21",23,1,3,4,0,4,3.014,3.668,"31/05/2001",24.81785714,66.23214286,"2001-05-27 UTC--2001-06-02 UTC","week4ago",23,2,7,3,1
"38","2001-W22",2,1,1,2,0,2,NA,NA,NA,23.30178571,67.375,"2001-06-03 UTC--2001-06-09 UTC","week3ago",2,23,2,7,3
"39","2001-W23",1,0,1,0,1,1,NA,NA,NA,24.61785714,66,"2001-06-10 UTC--2001-06-16 UTC","week2ago",1,2,23,2,7
"40","2001-W24",5,0,4,4,0,4,NA,NA,NA,24.8625,66.60714286,"2001-06-17 UTC--2001-06-23 UTC","week1ago",5,1,2,23,2
"41","2001-W25",1,0,1,1,0,1,3.116831683,3.665346535,"26/06/2001",24.80178571,68.78571429,"2001-06-24 UTC--2001-06-30 UTC","week5ago",1,5,1,2,23
"42","2001-W26",3,1,2,3,0,3,NA,NA,NA,25.11607143,68.33928571,"2001-07-01 UTC--2001-07-07 UTC","week4ago",3,1,5,1,2
"43","2001-W27",3,0,2,1,1,2,NA,NA,NA,26.3375,70.92857143,"2001-07-08 UTC--2001-07-14 UTC","week3ago",3,3,1,5,1
"44","2001-W28",2,1,0,1,0,1,NA,NA,NA,26.90178571,72.17857143,"2001-07-15 UTC--2001-07-21 UTC","week2ago",2,3,3,1,5
"45","2001-W29",2,0,2,2,0,2,NA,NA,NA,26.85892857,70.14285714,"2001-07-22 UTC--2001-07-28 UTC","week1ago",2,2,3,3,1
"46","2001-W30",NA,NA,NA,NA,NA,NA,3.141153082,3.622266402,"31/07/2001",27.46607143,68.53571429,NA,"week4ago",0,2,2,3,3
"47","2001-W31",16,2,2,4,0,4,NA,NA,NA,28.15,72.33928571,"2001-08-05 UTC--2001-08-11 UTC","week3ago",16,0,2,2,3
"48","2001-W32",NA,NA,NA,NA,NA,NA,NA,NA,NA,27.9875,67.83928571,NA,"week2ago",0,16,0,2,2
"49","2001-W33",6,0,2,1,1,2,NA,NA,NA,27.1625,65.53571429,"2001-08-19 UTC--2001-08-25 UTC","week1ago",6,0,16,0,2
"50","2001-W34",4,0,4,4,0,4,3.378431373,3.866666667,"30/08/2001",27.20714286,68.17857143,"2001-08-26 UTC--2001-09-01 UTC","week4ago",4,6,0,16,0
"51","2001-W35",NA,NA,NA,NA,NA,NA,NA,NA,NA,27.48392857,65.23214286,NA,"week3ago",0,4,6,0,16
"52","2001-W36",9,1,4,4,1,5,NA,NA,NA,26.05892857,61.875,"2001-09-09 UTC--2001-09-15 UTC","week2ago",9,0,4,6,0
"53","2001-W37",2,0,2,1,1,2,NA,NA,NA,25.09464286,67.82142857,"2001-09-16 UTC--2001-09-22 UTC","week1ago",2,9,0,4,6
"54","2001-W38",2,1,1,2,0,2,3.266798419,3.95256917,"26/09/2001",25.3375,68.98214286,"2001-09-23 UTC--2001-09-29 UTC","week5ago",2,2,9,0,4
"55","2001-W39",6,1,2,3,0,3,NA,NA,NA,24.53392857,63.5,"2001-09-30 UTC--2001-10-06 UTC","week4ago",6,2,2,9,0
"56","2001-W40",1,1,0,1,0,1,NA,NA,NA,25.05454545,71.76363636,"2001-10-07 UTC--2001-10-13 UTC","week3ago",1,6,2,2,9
"57","2001-W41",2,0,2,2,0,2,NA,NA,NA,23.66964286,65.94642857,"2001-10-14 UTC--2001-10-20 UTC","week2ago",2,1,6,2,2
"58","2001-W42",NA,NA,NA,NA,NA,NA,NA,NA,NA,21.98035714,69.39285714,NA,"week1ago",0,2,1,6,2
"59","2001-W43",6,2,1,2,1,3,3.154761905,3.797619048,"31/10/2001",20.14821429,65.73214286,"2001-10-28 UTC--2001-11-03 UTC","week4ago",6,0,2,1,6
"60","2001-W44",4,0,3,2,1,3,NA,NA,NA,19.65714286,70.08928571,"2001-11-04 UTC--2001-11-10 UTC","week3ago",4,6,0,2,1
"61","2001-W45",1,1,0,1,0,1,NA,NA,NA,20.05178571,63.57142857,"2001-11-11 UTC--2001-11-17 UTC","week2ago",1,4,6,0,2
"62","2001-W46",1,0,1,1,0,1,NA,NA,NA,15.14642857,62.60714286,"2001-11-18 UTC--2001-11-24 UTC","week1ago",1,1,4,6,0
"63","2001-W47",18,3,2,3,2,5,3.032882012,3.773694391,"29/11/2001",16.48392857,70.5,"2001-11-25 UTC--2001-12-01 UTC","week5ago",18,1,1,4,6
"64","2001-W48",15,1,1,2,0,2,NA,NA,NA,15.15178571,64.10714286,"2001-12-02 UTC--2001-12-08 UTC","week4ago",15,18,1,1,4
"65","2001-W49",10,0,1,1,0,1,NA,NA,NA,14.54642857,73.625,"2001-12-09 UTC--2001-12-15 UTC","week3ago",10,15,18,1,1
"66","2001-W50",NA,NA,NA,NA,NA,NA,NA,NA,NA,12.38928571,73.69642857,NA,"week2ago",0,10,15,18,1
"67","2001-W51",NA,NA,NA,NA,NA,NA,NA,NA,NA,14.75178571,73.33928571,NA,"week1ago",0,0,10,15,18
"68","2001-W52",NA,NA,NA,NA,NA,NA,3.143700787,3.704724409,"31/12/2001",12.95625,65.4375,NA,"week5ago",0,0,0,10,15
"69","2002-W00",NA,NA,NA,NA,NA,NA,NA,NA,NA,12.8025,62.05,NA,"week4ago",0,0,0,0,10
"70","2002-W01",4,1,0,1,0,1,NA,NA,NA,9.342857143,76.01785714,"2002-01-06 UTC--2002-01-12 UTC","week3ago",4,0,0,0,0
"71","2002-W02",9,1,3,3,1,4,NA,NA,NA,11.16071429,68.80357143,"2002-01-13 UTC--2002-01-19 UTC","week2ago",9,4,0,0,0
"72","2002-W03",2,1,0,1,0,1,NA,NA,NA,11.83571429,69.51785714,"2002-01-20 UTC--2002-01-26 UTC","week1ago",2,9,4,0,0
"73","2002-W04",1,1,0,1,0,1,3.194444444,3.859126984,"31/01/2002",12.675,71.42857143,"2002-01-27 UTC--2002-02-02 UTC","week4ago",1,2,9,4,0
"74","2002-W05",5,1,2,3,0,3,NA,NA,NA,14.91785714,60.21428571,"2002-02-03 UTC--2002-02-09 UTC","week3ago",5,1,2,9,4
"75","2002-W06",8,1,2,2,1,3,NA,NA,NA,14.13928571,77.73214286,"2002-02-10 UTC--2002-02-16 UTC","week2ago",8,5,1,2,9
"76","2002-W07",11,0,4,2,2,4,NA,NA,NA,13.7,60.94642857,"2002-02-17 UTC--2002-02-23 UTC","week1ago",11,8,5,1,2
"77","2002-W08",18,1,6,5,2,7,3.140625,3.728515625,"28/02/2002",14.3875,64.92857143,"2002-02-24 UTC--2002-03-02 UTC","week4ago",18,11,8,5,1
"78","2002-W09",35,6,5,7,4,11,NA,NA,NA,17.64117647,63.82352941,"2002-03-03 UTC--2002-03-09 UTC","week3ago",35,18,11,8,5
"79","2002-W10",6,0,4,2,2,4,NA,NA,NA,18.27115385,62.96153846,"2002-03-10 UTC--2002-03-16 UTC","week2ago",6,35,18,11,8
"80","2002-W11",12,3,1,3,1,4,NA,NA,NA,16.82075472,72.26415094,"2002-03-17 UTC--2002-03-23 UTC","week1ago",12,6,35,18,11
"81","2002-W12",41,4,5,7,2,9,3.063366337,3.671287129,"25/03/2002",15.01960784,63.60784314,"2002-03-24 UTC--2002-03-30 UTC","week4ago",41,12,6,35,18
"82","2002-W13",26,2,5,3,4,7,NA,NA,NA,17,61.66666667,"2002-03-31 UTC--2002-04-06 UTC","week3ago",26,41,12,6,35
"83","2002-W14",29,2,3,3,2,5,NA,NA,NA,17.09019608,65.33333333,"2002-04-07 UTC--2002-04-13 UTC","week2ago",29,26,41,12,6
"84","2002-W15",1,0,1,1,0,1,NA,NA,NA,21.17321429,55.71428571,"2002-04-14 UTC--2002-04-20 UTC","week1ago",1,29,26,41,12
"85","2002-W16",5,0,2,1,1,2,3.342629482,3.832669323,"25/04/2002",17.69285714,66.96428571,"2002-04-21 UTC--2002-04-27 UTC","week5ago",5,1,29,26,41
"86","2002-W17",1,0,1,0,1,1,NA,NA,NA,17.81132075,71.47169811,"2002-04-28 UTC--2002-05-04 UTC","week4ago",1,5,1,29,26
"87","2002-W18",15,1,0,1,0,1,NA,NA,NA,20.08392857,67.21428571,"2002-05-05 UTC--2002-05-11 UTC","week3ago",15,1,5,1,29
"88","2002-W19",1,0,1,1,0,1,NA,NA,NA,21.25357143,65.58928571,"2002-05-12 UTC--2002-05-18 UTC","week2ago",1,15,1,5,1
"89","2002-W20",6,2,1,2,1,3,NA,NA,NA,21.30714286,68.66071429,"2002-05-19 UTC--2002-05-25 UTC","week1ago",6,1,15,1,5
"90","2002-W21",6,1,2,3,0,3,3.290513834,3.920948617,"31/05/2002",22.56428571,69.75,"2002-05-26 UTC--2002-06-01 UTC","week5ago",6,6,1,15,1
"91","2002-W22",21,1,2,3,0,3,NA,NA,NA,24.50892857,59.10714286,"2002-06-02 UTC--2002-06-08 UTC","week4ago",21,6,6,1,15
"92","2002-W23",4,1,1,1,1,2,NA,NA,NA,25.59464286,66.25,"2002-06-09 UTC--2002-06-15 UTC","week3ago",4,21,6,6,1
"93","2002-W24",32,1,3,3,1,4,NA,NA,NA,24.72884615,70.71153846,"2002-06-16 UTC--2002-06-22 UTC","week2ago",32,4,21,6,6
"94","2002-W25",NA,NA,NA,NA,NA,NA,NA,NA,NA,25.48392857,70.55357143,NA,"week1ago",0,32,4,21,6
"95","2002-W26",NA,NA,NA,NA,NA,NA,3.235528942,3.664670659,"30/06/2002",26.44727273,72.70909091,NA,"week4ago",0,0,32,4,21
"96","2002-W27",1,0,1,0,1,1,NA,NA,NA,27.09464286,68.625,"2002-07-07 UTC--2002-07-13 UTC","week3ago",1,0,0,32,4
"97","2002-W28",12,1,2,2,1,3,NA,NA,NA,28.10178571,73.48214286,"2002-07-14 UTC--2002-07-20 UTC","week2ago",12,1,0,0,32
"98","2002-W29",5,0,2,2,0,2,NA,NA,NA,27.59464286,69.25,"2002-07-21 UTC--2002-07-27 UTC","week1ago",5,12,1,0,0
"99","2002-W30",8,1,2,3,0,3,3.166994106,3.836935167,"31/07/2002",28.99464286,69.85185185,"2002-07-28 UTC--2002-08-03 UTC","week4ago",8,5,12,1,0
"100","2002-W31",11,1,3,4,0,4,NA,NA,NA,28.21785714,72.69642857,"2002-08-04 UTC--2002-08-10 UTC","week3ago",11,8,5,12,1
"101","2002-W32",NA,NA,NA,NA,NA,NA,NA,NA,NA,28.36071429,71.94642857,NA,"week2ago",0,11,8,5,12
"102","2002-W33",1,0,1,0,1,1,NA,NA,NA,26.91428571,70.76785714,"2002-08-18 UTC--2002-08-24 UTC","week1ago",1,0,11,8,5
"103","2002-W34",NA,NA,NA,NA,NA,NA,3.207364341,3.800387597,"31/08/2002",27.07678571,74.51785714,NA,"week5ago",0,1,0,11,8
"104","2002-W35",2,0,2,0,2,2,NA,NA,NA,26.85,66.35714286,"2002-09-01 UTC--2002-09-07 UTC","week4ago",2,0,1,0,11
"105","2002-W36",NA,NA,NA,NA,NA,NA,NA,NA,NA,26.28392857,65,NA,"week3ago",0,2,0,1,0
"106","2002-W37",8,2,2,4,0,4,NA,NA,NA,26.62321429,61.17857143,"2002-09-15 UTC--2002-09-21 UTC","week2ago",8,0,2,0,1
"107","2002-W38",2,0,2,1,1,2,NA,NA,NA,25.2125,72.55357143,"2002-09-22 UTC--2002-09-28 UTC","week1ago",2,8,0,2,0
"108","2002-W39",1,0,1,0,1,1,3.067698259,3.659574468,"30/09/2002",25.73272727,63.38181818,"2002-09-29 UTC--2002-10-05 UTC","week4ago",1,2,8,0,2
"109","2002-W40",2,1,1,2,0,2,NA,NA,NA,24.4125,71.17857143,"2002-10-06 UTC--2002-10-12 UTC","week3ago",2,1,2,8,0
"110","2002-W41",NA,NA,NA,NA,NA,NA,NA,NA,NA,23.78518519,76.55555556,NA,"week2ago",0,2,1,2,8
"111","2002-W42",13,1,0,1,0,1,NA,NA,NA,22.68518519,73.44444444,"2002-10-20 UTC--2002-10-26 UTC","week1ago",13,0,2,1,2
"112","2002-W43",6,0,2,2,0,2,2.994071146,3.671936759,"30/10/2002",21.34642857,71.63636364,"2002-10-27 UTC--2002-11-02 UTC","week4ago",6,13,0,2,1
"113","2002-W44",5,1,2,2,1,3,NA,NA,NA,21.55,62.92857143,"2002-11-03 UTC--2002-11-09 UTC","week3ago",5,6,13,0,2
"114","2002-W45",17,1,1,2,0,2,NA,NA,NA,19.63035714,61.69642857,"2002-11-10 UTC--2002-11-16 UTC","week2ago",17,5,6,13,0
"115","2002-W46",12,1,2,2,1,3,NA,NA,NA,20.18214286,41.32142857,"2002-11-17 UTC--2002-11-23 UTC","week1ago",12,17,5,6,13
"116","2002-W47",6,1,0,1,0,1,3.157389635,3.710172745,"30/11/2002",17.39642857,65.82142857,"2002-11-24 UTC--2002-11-30 UTC","week5ago",6,12,17,5,6
"117","2002-W48",NA,NA,NA,NA,NA,NA,NA,NA,NA,17.22321429,69.39285714,NA,"week4ago",0,6,12,17,5
"118","2002-W49",2,0,1,0,1,1,NA,NA,NA,15.45178571,67.03571429,"2002-12-08 UTC--2002-12-14 UTC","week3ago",2,0,6,12,17
"119","2002-W50",1,0,1,1,0,1,NA,NA,NA,14.32857143,76.46428571,"2002-12-15 UTC--2002-12-21 UTC","week2ago",1,2,0,6,12
"120","2002-W51",4,0,1,1,0,1,NA,NA,NA,13.15535714,83.10714286,"2002-12-22 UTC--2002-12-28 UTC","week1ago",4,1,2,0,6
"121","2002-W52",NA,NA,NA,NA,NA,NA,3.144554455,3.75049505,"31/12/2002",14.1,77.16666667,NA,"week5ago",0,4,1,2,0
"122","2003-W00",1,0,1,1,0,1,NA,NA,NA,14.15625,79.1875,"2002-12-29 UTC--2003-01-04 UTC","week4ago",1,0,4,1,2
"123","2003-W01",15,1,0,1,0,1,NA,NA,NA,15.07777778,70.22222222,"2003-01-05 UTC--2003-01-11 UTC","week3ago",15,1,0,4,1
"124","2003-W02",3,2,1,2,1,3,NA,NA,NA,15.13571429,70.76785714,"2003-01-12 UTC--2003-01-18 UTC","week2ago",3,15,1,0,4
"125","2003-W03",3,0,1,0,1,1,NA,NA,NA,12.48571429,81.03571429,"2003-01-19 UTC--2003-01-25 UTC","week1ago",3,3,15,1,0
"126","2003-W04",NA,NA,NA,NA,NA,NA,3.234592445,3.69582505,"31/01/2003",13.45892857,69.76785714,NA,"week4ago",0,3,3,15,1
"127","2003-W05",2,0,1,0,1,1,NA,NA,NA,12.83035714,67.85185185,"2003-02-02 UTC--2003-02-08 UTC","week3ago",2,0,3,3,15
"128","2003-W06",6,0,2,0,2,2,NA,NA,NA,12.18214286,80.78571429,"2003-02-09 UTC--2003-02-15 UTC","week2ago",6,2,0,3,3
"129","2003-W07",NA,NA,NA,NA,NA,NA,NA,NA,NA,13.86071429,72.73214286,NA,"week1ago",0,6,2,0,3
"130","2003-W08",1,0,1,0,1,1,3.059288538,3.606719368,"28/02/2003",11.03035714,78.48214286,"2003-02-23 UTC--2003-03-01 UTC","week5ago",1,0,6,2,0
"131","2003-W09",19,1,1,2,0,2,NA,NA,NA,15.2875,69.96428571,"2003-03-02 UTC--2003-03-08 UTC","week4ago",19,1,0,6,2
"132","2003-W10",2,0,2,0,2,2,NA,NA,NA,13.97321429,79.26785714,"2003-03-09 UTC--2003-03-15 UTC","week3ago",2,19,1,0,6
"133","2003-W11",2,0,2,1,1,2,NA,NA,NA,14.19821429,78.01785714,"2003-03-16 UTC--2003-03-22 UTC","week2ago",2,2,19,1,0
"134","2003-W12",NA,NA,NA,NA,NA,NA,NA,NA,NA,12.41785714,79.41071429,NA,"week1ago",0,2,2,19,1
"135","2003-W13",NA,NA,NA,NA,NA,NA,3.173306773,3.810756972,"31/03/2003",20.05714286,64.625,NA,"week4ago",0,0,2,2,19
"136","2003-W14",2,0,1,0,1,1,NA,NA,NA,17.50178571,74.26785714,"2003-04-06 UTC--2003-04-12 UTC","week3ago",2,0,0,2,2
"137","2003-W15",2,0,2,1,1,2,NA,NA,NA,17.82857143,70.96428571,"2003-04-13 UTC--2003-04-19 UTC","week2ago",2,2,0,0,2
"138","2003-W16",2,1,1,1,1,2,NA,NA,NA,19.06964286,63.71428571,"2003-04-20 UTC--2003-04-26 UTC","week1ago",2,2,2,0,0
"139","2003-W17",NA,NA,NA,NA,NA,NA,3.050980392,3.6,"30/04/2003",19.59821429,60.94642857,NA,"week4ago",0,2,2,2,0
"140","2003-W18",1,0,1,1,0,1,NA,NA,NA,25.79107143,48.75,"2003-05-04 UTC--2003-05-10 UTC","week3ago",1,0,2,2,2
"141","2003-W19",3,0,2,2,0,2,NA,NA,NA,25.13809524,60.66666667,"2003-05-11 UTC--2003-05-17 UTC","week2ago",3,1,0,2,2
"142","2003-W20",9,1,1,2,0,2,NA,NA,NA,23.14814815,70.57407407,"2003-05-18 UTC--2003-05-24 UTC","week1ago",9,3,1,0,2
"143","2003-W21",NA,NA,NA,NA,NA,NA,3.137176938,3.568588469,"30/05/2003",24.01607143,62.07142857,NA,"week5ago",0,9,3,1,0
"144","2003-W22",NA,NA,NA,NA,NA,NA,NA,NA,NA,23.16964286,73.10714286,NA,"week4ago",0,0,9,3,1
"145","2003-W23",24,1,4,2,3,5,NA,NA,NA,24.15178571,73.82142857,"2003-06-08 UTC--2003-06-14 UTC","week3ago",24,0,0,9,3
"146","2003-W24",3,2,1,3,0,3,NA,NA,NA,25.70892857,68.25,"2003-06-15 UTC--2003-06-21 UTC","week2ago",3,24,0,0,9
"147","2003-W25",2,1,1,1,1,2,NA,NA,NA,25.76727273,72.41818182,"2003-06-22 UTC--2003-06-28 UTC","week1ago",2,3,24,0,0
"148","2003-W26",NA,NA,NA,NA,NA,NA,2.872255489,3.508982036,"30/06/2003",26.71964286,71.98214286,NA,"week4ago",0,2,3,24,0
"149","2003-W27",1,1,0,1,0,1,NA,NA,NA,26.73214286,67.60714286,"2003-07-06 UTC--2003-07-12 UTC","week3ago",1,0,2,3,24
"150","2003-W28",1,1,0,1,0,1,NA,NA,NA,25.754,73.04,"2003-07-13 UTC--2003-07-19 UTC","week2ago",1,1,0,2,3
"151","2003-W29",NA,NA,NA,NA,NA,NA,NA,NA,NA,26.70188679,72.38,NA,"week1ago",0,1,1,0,2
"152","2003-W30",NA,NA,NA,NA,NA,NA,3.001976285,3.450592885,"31/07/2003",27.04107143,73.21428571,NA,"week5ago",0,0,1,1,0
"153","2003-W31",1,0,1,0,1,1,NA,NA,NA,27.40357143,72.73214286,"2003-08-03 UTC--2003-08-09 UTC","week4ago",1,0,0,1,1
"154","2003-W32",3,1,1,2,0,2,NA,NA,NA,27.75178571,71.48214286,"2003-08-10 UTC--2003-08-16 UTC","week3ago",3,1,0,0,1
"155","2003-W33",23,1,0,1,0,1,NA,NA,NA,27.19107143,74.53571429,"2003-08-17 UTC--2003-08-23 UTC","week2ago",23,3,1,0,0
"156","2003-W34",1,0,1,1,0,1,NA,NA,NA,26.96785714,72.85714286,"2003-08-24 UTC--2003-08-30 UTC","week1ago",1,23,3,1,0
"157","2003-W35",2,0,2,0,2,2,3.171875,3.9375,"31/08/2003",27.32142857,66.55357143,"2003-08-31 UTC--2003-09-06 UTC","week4ago",2,1,23,3,1
"158","2003-W36",16,2,0,2,0,2,NA,NA,NA,25.72678571,64.5,"2003-09-07 UTC--2003-09-13 UTC","week3ago",16,2,1,23,3
"159","2003-W37",NA,NA,NA,NA,NA,NA,NA,NA,NA,25.36607143,67,NA,"week2ago",0,16,2,1,23
"160","2003-W38",3,0,2,1,1,2,NA,NA,NA,24.34107143,68.91071429,"2003-09-21 UTC--2003-09-27 UTC","week1ago",3,0,16,2,1
"161","2003-W39",21,1,0,1,0,1,3.040856031,3.778210117,"30/09/2003",23.8375,68.64285714,"2003-09-28 UTC--2003-10-04 UTC","week4ago",21,3,0,16,2
"162","2003-W40",NA,NA,NA,NA,NA,NA,NA,NA,NA,24.36607143,73.42857143,NA,"week3ago",0,21,3,0,16
"163","2003-W41",NA,NA,NA,NA,NA,NA,NA,NA,NA,21.98571429,69.89285714,NA,"week2ago",0,0,21,3,0
"164","2003-W42",6,0,2,0,2,2,NA,NA,NA,23.56785714,72.25,"2003-10-19 UTC--2003-10-25 UTC","week1ago",6,0,0,21,3
"165","2003-W43",NA,NA,NA,NA,NA,NA,3.198412698,3.763888889,"30/10/2003",22.28214286,63.48214286,NA,"week5ago",0,6,0,0,21
"166","2003-W44",NA,NA,NA,NA,NA,NA,NA,NA,NA,21.93571429,74.89285714,NA,"week4ago",0,0,6,0,0
"167","2003-W45",NA,NA,NA,NA,NA,NA,NA,NA,NA,17.825,73.03571429,NA,"week3ago",0,0,0,6,0
"168","2003-W46",4,0,2,1,1,2,NA,NA,NA,17.49821429,69.92857143,"2003-11-16 UTC--2003-11-22 UTC","week2ago",4,0,0,0,6
"169","2003-W47",NA,NA,NA,NA,NA,NA,NA,NA,NA,17.37321429,74.08928571,NA,"week1ago",0,4,0,0,0
"170","2003-W48",NA,NA,NA,NA,NA,NA,2.949119374,3.726027397,"30/11/2003",14.58214286,84.33928571,NA,"week4ago",0,0,4,0,0
"171","2003-W49",NA,NA,NA,NA,NA,NA,NA,NA,NA,15.875,71.375,NA,"week3ago",0,0,0,4,0
"172","2003-W50",NA,NA,NA,NA,NA,NA,NA,NA,NA,15.5,69.41071429,NA,"week2ago",0,0,0,0,4
"173","2003-W51",6,1,1,1,1,2,NA,NA,NA,13.15178571,64.66071429,"2003-12-21 UTC--2003-12-27 UTC","week1ago",6,0,0,0,0
"174","2003-W52",NA,NA,NA,NA,NA,NA,3.139489194,3.695481336,"31/12/2003",13.484375,71.6875,NA,"week5ago",0,6,0,0,0
"175","2004-W00",NA,NA,NA,NA,NA,NA,NA,NA,NA,12.52083333,71.95833333,NA,"week4ago",0,0,6,0,0
"176","2004-W01",NA,NA,NA,NA,NA,NA,NA,NA,NA,11.82678571,79.42857143,NA,"week3ago",0,0,0,6,0
"177","2004-W02",5,0,2,1,1,2,NA,NA,NA,13.36607143,81.23214286,"2004-01-11 UTC--2004-01-17 UTC","week2ago",5,0,0,0,6
"178","2004-W03",NA,NA,NA,NA,NA,NA,NA,NA,NA,12.79642857,74.26785714,NA,"week1ago",0,5,0,0,0
"179","2004-W04",11,1,0,1,0,1,2.988071571,3.779324056,"29/01/2004",12.85357143,72.58928571,"2004-01-25 UTC--2004-01-31 UTC","week5ago",11,0,5,0,0
"180","2004-W05",NA,NA,NA,NA,NA,NA,NA,NA,NA,12.17857143,80.98214286,NA,"week4ago",0,11,0,5,0
"181","2004-W06",NA,NA,NA,NA,NA,NA,NA,NA,NA,13.46428571,77,NA,"week3ago",0,0,11,0,5
"182","2004-W07",NA,NA,NA,NA,NA,NA,NA,NA,NA,12.35178571,76.57142857,NA,"week2ago",0,0,0,11,0
"183","2004-W08",11,2,1,2,1,3,NA,NA,NA,14.57142857,69.26785714,"2004-02-22 UTC--2004-02-28 UTC","week1ago",11,0,0,0,11
"184","2004-W09",NA,NA,NA,NA,NA,NA,3.147058824,3.847058824,"29/02/2004",20.72321429,60.39285714,NA,"week4ago",0,11,0,0,0
"185","2004-W10",NA,NA,NA,NA,NA,NA,NA,NA,NA,13.58571429,72.30357143,NA,"week3ago",0,0,11,0,0
"186","2004-W11",11,1,1,2,0,2,NA,NA,NA,12.92857143,69.01785714,"2004-03-14 UTC--2004-03-20 UTC","week2ago",11,0,0,11,0
"187","2004-W12",NA,NA,NA,NA,NA,NA,NA,NA,NA,17.69285714,63.48214286,NA,"week1ago",0,11,0,0,11
"188","2004-W13",1,0,1,1,0,1,2.986166008,3.727272727,"31/03/2004",18.15535714,76.66071429,"2004-03-28 UTC--2004-04-03 UTC","week4ago",1,0,11,0,0
"189","2004-W14",NA,NA,NA,NA,NA,NA,NA,NA,NA,16.32678571,72.53571429,NA,"week3ago",0,1,0,11,0
"190","2004-W15",1,1,0,0,1,1,NA,NA,NA,17.93214286,65.625,"2004-04-11 UTC--2004-04-17 UTC","week2ago",1,0,1,0,11
"191","2004-W16",NA,NA,NA,NA,NA,NA,NA,NA,NA,18.1375,66.875,NA,"week1ago",0,1,0,1,0
"192","2004-W17",1,0,1,0,1,1,3.068627451,3.760784314,"30/04/2004",20.28392857,59.30357143,"2004-04-25 UTC--2004-05-01 UTC","week5ago",1,0,1,0,1
"193","2004-W18",5,0,1,1,0,1,NA,NA,NA,21.56607143,64.85714286,"2004-05-02 UTC--2004-05-08 UTC","week4ago",5,1,0,1,0
"194","2004-W19",13,0,3,0,3,3,NA,NA,NA,22.48392857,59.67857143,"2004-05-09 UTC--2004-05-15 UTC","week3ago",13,5,1,0,1
"195","2004-W20",NA,NA,NA,NA,NA,NA,NA,NA,NA,20.48571429,62.83928571,NA,"week2ago",0,13,5,1,0
"196","2004-W21",1,0,1,0,1,1,NA,NA,NA,20.3625,70.44642857,"2004-05-23 UTC--2004-05-29 UTC","week1ago",1,0,13,5,1
"197","2004-W22",NA,NA,NA,NA,NA,NA,2.888246628,3.599229287,"31/05/2004",22.275,67.83928571,NA,"week4ago",0,1,0,13,5
"198","2004-W23",NA,NA,NA,NA,NA,NA,NA,NA,NA,23.26964286,70.375,NA,"week3ago",0,0,1,0,13
"199","2004-W24",NA,NA,NA,NA,NA,NA,NA,NA,NA,24.50714286,73.67857143,NA,"week2ago",0,0,0,1,0
"200","2004-W25",NA,NA,NA,NA,NA,NA,NA,NA,NA,24.79636364,71.65454545,NA,"week1ago",0,0,0,0,1
"201","2004-W26",4,1,2,2,1,3,2.838899804,3.546168959,"30/06/2004",25.50178571,72.07142857,"2004-06-27 UTC--2004-07-03 UTC","week4ago",4,0,0,0,0
"202","2004-W27",2,0,2,1,1,2,NA,NA,NA,26.50535714,74.5,"2004-07-04 UTC--2004-07-10 UTC","week3ago",2,4,0,0,0
"203","2004-W28",1,1,0,1,0,1,NA,NA,NA,27.27857143,69.35714286,"2004-07-11 UTC--2004-07-17 UTC","week2ago",1,2,4,0,0
"204","2004-W29",NA,NA,NA,NA,NA,NA,NA,NA,NA,26.50535714,71.07142857,NA,"week1ago",0,1,2,4,0
"205","2004-W30",NA,NA,NA,NA,NA,NA,3.130693069,3.734653465,"31/07/2004",27.15714286,73.28571429,NA,"week5ago",0,0,1,2,4
"206","2004-W31",NA,NA,NA,NA,NA,NA,NA,NA,NA,27.1,69.19642857,NA,"week4ago",0,0,0,1,2
"207","2004-W32",1,0,1,1,0,1,NA,NA,NA,27.16607143,71.01785714,"2004-08-08 UTC--2004-08-14 UTC","week3ago",1,0,0,0,1
"208","2004-W33",NA,NA,NA,NA,NA,NA,NA,NA,NA,26.75535714,70.83018868,NA,"week2ago",0,1,0,0,0
"209","2004-W34",NA,NA,NA,NA,NA,NA,NA,NA,NA,26.75714286,74.26785714,NA,"week1ago",0,0,1,0,0
"210","2004-W35",16,1,0,1,0,1,2.926587302,3.603174603,"31/08/2004",26.27142857,69.17857143,"2004-08-29 UTC--2004-09-04 UTC","week4ago",16,0,0,1,0
"211","2004-W36",NA,NA,NA,NA,NA,NA,NA,NA,NA,26.36964286,69,NA,"week3ago",0,16,0,0,1
"212","2004-W37",NA,NA,NA,NA,NA,NA,NA,NA,NA,24.30357143,66.91071429,NA,"week2ago",0,0,16,0,0
"213","2004-W38",6,0,3,2,1,3,NA,NA,NA,24.91964286,74.39285714,"2004-09-19 UTC--2004-09-25 UTC","week1ago",6,0,0,16,0
"214","2004-W39",5,1,2,2,1,3,2.871212121,3.579545455,"28/09/2004",25.40357143,78.39285714,"2004-09-26 UTC--2004-10-02 UTC","week4ago",5,6,0,0,16
"215","2004-W40",NA,NA,NA,NA,NA,NA,NA,NA,NA,23.225,69.96428571,NA,"week3ago",0,5,6,0,0
"216","2004-W41",NA,NA,NA,NA,NA,NA,NA,NA,NA,24.06607143,72.76785714,NA,"week2ago",0,0,5,6,0
"217","2004-W42",2,0,2,0,2,2,NA,NA,NA,23.43571429,77.35714286,"2004-10-17 UTC--2004-10-23 UTC","week1ago",2,0,0,5,6
"218","2004-W43",1,0,1,0,1,1,2.966469428,3.599605523,"30/10/2004",23.31607143,74.5,"2004-10-24 UTC--2004-10-30 UTC","week5ago",1,2,0,0,5
"219","2004-W44",3,1,0,1,0,1,NA,NA,NA,23.14642857,58.05454545,"2004-10-31 UTC--2004-11-06 UTC","week4ago",3,1,2,0,0
"220","2004-W45",NA,NA,NA,NA,NA,NA,NA,NA,NA,20.61071429,70.07142857,NA,"week3ago",0,3,1,2,0
"221","2004-W46",NA,NA,NA,NA,NA,NA,NA,NA,NA,20.2625,68.30357143,NA,"week2ago",0,0,3,1,2
"222","2004-W47",NA,NA,NA,NA,NA,NA,NA,NA,NA,15.13928571,61.9245283,NA,"week1ago",0,0,0,3,1
"223","2004-W48",NA,NA,NA,NA,NA,NA,3.025490196,3.621568627,"30/11/2004",13.92142857,57.875,NA,"week4ago",0,0,0,0,3
"224","2004-W49",1,0,1,1,0,1,NA,NA,NA,14.50535714,69.42857143,"2004-12-05 UTC--2004-12-11 UTC","week3ago",1,0,0,0,0
"225","2004-W50",5,0,1,0,1,1,NA,NA,NA,10.49821429,68.89285714,"2004-12-12 UTC--2004-12-18 UTC","week2ago",5,1,0,0,0
"226","2004-W51",2,1,1,2,0,2,NA,NA,NA,12.88928571,78.83928571,"2004-12-19 UTC--2004-12-25 UTC","week1ago",2,5,1,0,0
"227","2004-W52",NA,NA,NA,NA,NA,NA,2.815028902,3.516377649,"29/12/2004",13.26041667,75.4375,NA,"week6ago",0,2,5,1,0
"228","2005-W00",NA,NA,NA,NA,NA,NA,NA,NA,NA,14.15,81.125,NA,"week5ago",0,0,2,5,1
"229","2005-W01",4,2,1,3,0,3,NA,NA,NA,12.44642857,79.33928571,"2005-01-02 UTC--2005-01-08 UTC","week4ago",4,0,0,2,5
"230","2005-W02",8,1,2,3,0,3,NA,NA,NA,11.80357143,70.10714286,"2005-01-09 UTC--2005-01-15 UTC","week3ago",8,4,0,0,2
"231","2005-W03",1,0,1,1,0,1,NA,NA,NA,11.26530612,75.59183673,"2005-01-16 UTC--2005-01-22 UTC","week2ago",1,8,4,0,0
"232","2005-W04",NA,NA,NA,NA,NA,NA,NA,NA,NA,13.80714286,69.46428571,NA,"week1ago",0,1,8,4,0
"233","2005-W05",NA,NA,NA,NA,NA,NA,2.755905512,3.279527559,"31/01/2005",13.69464286,74,NA,"week4ago",0,0,1,8,4
"234","2005-W06",NA,NA,NA,NA,NA,NA,NA,NA,NA,9.723214286,79.48214286,NA,"week3ago",0,0,0,1,8
"235","2005-W07",NA,NA,NA,NA,NA,NA,NA,NA,NA,15.11607143,67.03636364,NA,"week2ago",0,0,0,0,1
"236","2005-W08",5,1,0,1,0,1,NA,NA,NA,14.08392857,79.44642857,"2005-02-20 UTC--2005-02-26 UTC","week1ago",5,0,0,0,0
"237","2005-W09",NA,NA,NA,NA,NA,NA,2.767716535,3.295275591,"27/02/2005",17.19642857,59.875,NA,"week4ago",0,5,0,0,0
"238","2005-W10",NA,NA,NA,NA,NA,NA,NA,NA,NA,15.51428571,73.23214286,NA,"week3ago",0,0,5,0,0
"239","2005-W11",NA,NA,NA,NA,NA,NA,NA,NA,NA,13.67142857,73.48214286,NA,"week2ago",0,0,0,5,0
"240","2005-W12",NA,NA,NA,NA,NA,NA,NA,NA,NA,14.57857143,72.03571429,NA,"week1ago",0,0,0,0,5
"241","2005-W13",NA,NA,NA,NA,NA,NA,2.733855186,3.33072407,"31/03/2005",17.09107143,70.76785714,NA,"week4ago",0,0,0,0,0
"242","2005-W14",NA,NA,NA,NA,NA,NA,NA,NA,NA,16.775,65.46428571,NA,"week3ago",0,0,0,0,0
"243","2005-W15",NA,NA,NA,NA,NA,NA,NA,NA,NA,20.67678571,59.97916667,NA,"week2ago",0,0,0,0,0
"244","2005-W16",NA,NA,NA,NA,NA,NA,NA,NA,NA,21.30535714,61.94642857,NA,"week1ago",0,0,0,0,0
"245","2005-W17",NA,NA,NA,NA,NA,NA,2.822485207,3.337278107,"30/04/2005",18.07678571,74.05357143,NA,"week5ago",0,0,0,0,0
"246","2005-W18",1,0,1,0,1,1,NA,NA,NA,18.74107143,71.10714286,"2005-05-01 UTC--2005-05-07 UTC","week4ago",1,0,0,0,0
"247","2005-W19",NA,NA,NA,NA,NA,NA,NA,NA,NA,20.05714286,73.12727273,NA,"week3ago",0,1,0,0,0
"248","2005-W20",NA,NA,NA,NA,NA,NA,NA,NA,NA,21.91785714,75.46428571,NA,"week2ago",0,0,1,0,0
"249","2005-W21",NA,NA,NA,NA,NA,NA,NA,NA,NA,22.14642857,68.96428571,NA,"week1ago",0,0,0,1,0
"250","2005-W22",NA,NA,NA,NA,NA,NA,2.785433071,3.358267717,"31/05/2005",22.6625,70.76785714,NA,"week4ago",0,0,0,0,1
"251","2005-W23",NA,NA,NA,NA,NA,NA,NA,NA,NA,23.43392857,73.08928571,NA,"week3ago",0,0,0,0,0
"252","2005-W24",NA,NA,NA,NA,NA,NA,NA,NA,NA,24.40535714,68.25,NA,"week2ago",0,0,0,0,0
"253","2005-W25",4,0,3,2,1,3,NA,NA,NA,25.61607143,68.42857143,"2005-06-19 UTC--2005-06-25 UTC","week1ago",4,0,0,0,0
"254","2005-W26",NA,NA,NA,NA,NA,NA,2.822709163,3.472111554,"30/06/2005",25.025,72.14285714,NA,"week5ago",0,4,0,0,0
"255","2005-W27",NA,NA,NA,NA,NA,NA,NA,NA,NA,25.88392857,71.60714286,NA,"week4ago",0,0,4,0,0
"256","2005-W28",6,2,0,2,0,2,NA,NA,NA,26.5375,73.32142857,"2005-07-10 UTC--2005-07-16 UTC","week3ago",6,0,0,4,0
"257","2005-W29",NA,NA,NA,NA,NA,NA,NA,NA,NA,27.0125,74.39285714,NA,"week2ago",0,6,0,0,4
"258","2005-W30",2,0,1,1,0,1,NA,NA,NA,27.20178571,72.83928571,"2005-07-24 UTC--2005-07-30 UTC","week1ago",2,0,6,0,0
"259","2005-W31",NA,NA,NA,NA,NA,NA,2.821782178,3.63960396,"31/07/2005",27.82678571,70.89285714,NA,"week4ago",0,2,0,6,0
"260","2005-W32",NA,NA,NA,NA,NA,NA,NA,NA,NA,27.32142857,65.875,NA,"week3ago",0,0,2,0,6
"261","2005-W33",NA,NA,NA,NA,NA,NA,NA,NA,NA,27.49642857,71.22222222,NA,"week2ago",0,0,0,2,0
"262","2005-W34",NA,NA,NA,NA,NA,NA,NA,NA,NA,27.47678571,68.14545455,NA,"week1ago",0,0,0,0,2
"263","2005-W35",NA,NA,NA,NA,NA,NA,2.847524752,3.542574257,"31/08/2005",27.41964286,70.98214286,NA,"week4ago",0,0,0,0,0
"264","2005-W36",NA,NA,NA,NA,NA,NA,NA,NA,NA,26.00535714,62.70588235,NA,"week3ago",0,0,0,0,0
"265","2005-W37",NA,NA,NA,NA,NA,NA,NA,NA,NA,26.11607143,65.41071429,NA,"week2ago",0,0,0,0,0
"266","2005-W38",1,0,1,1,0,1,NA,NA,NA,26.63392857,65.875,"2005-09-18 UTC--2005-09-24 UTC","week1ago",1,0,0,0,0
"267","2005-W39",NA,NA,NA,NA,NA,NA,2.784313725,3.47254902,"29/09/2005",25.3625,59.89285714,NA,"week5ago",0,1,0,0,0
"268","2005-W40",NA,NA,NA,NA,NA,NA,NA,NA,NA,24.3625,64.39285714,NA,"week4ago",0,0,1,0,0
"269","2005-W41",NA,NA,NA,NA,NA,NA,NA,NA,NA,23.87142857,65.98214286,NA,"week3ago",0,0,0,1,0
"270","2005-W42",3,0,1,1,0,1,NA,NA,NA,20.64107143,58.03571429,"2005-10-16 UTC--2005-10-22 UTC","week2ago",3,0,0,0,1
"271","2005-W43",7,1,0,1,0,1,NA,NA,NA,21.20357143,56.48214286,"2005-10-23 UTC--2005-10-29 UTC","week1ago",7,3,0,0,0
"272","2005-W44",1,0,1,0,1,1,2.700970874,3.568932039,"31/10/2005",17.80535714,66.75,"2005-10-30 UTC--2005-11-05 UTC","week8ago",1,7,3,0,0
"273","2005-W45",NA,NA,NA,NA,NA,NA,NA,NA,NA,17.20535714,65.125,NA,"week7ago",0,1,7,3,0
"274","2005-W46",NA,NA,NA,NA,NA,NA,NA,NA,NA,17.07857143,69.21428571,NA,"week6ago",0,0,1,7,3
"275","2005-W47",NA,NA,NA,NA,NA,NA,NA,NA,NA,17.14107143,68.76785714,NA,"week5ago",0,0,0,1,7
"276","2005-W48",NA,NA,NA,NA,NA,NA,NA,NA,NA,18.66607143,70.51785714,NA,"week4ago",0,0,0,0,1
"277","2005-W49",6,1,1,1,1,2,NA,NA,NA,17.54464286,79.08928571,"2005-12-04 UTC--2005-12-10 UTC","week3ago",6,0,0,0,0
"278","2005-W50",1,0,1,1,0,1,NA,NA,NA,16.38214286,77.17857143,"2005-12-11 UTC--2005-12-17 UTC","week2ago",1,6,0,0,0
"279","2005-W51",NA,NA,NA,NA,NA,NA,NA,NA,NA,13.18571429,79.71428571,NA,"week1ago",0,1,6,0,0
"280","2005-W52",1,0,1,1,0,1,2.729249012,3.296442688,"28/12/2005",12.64107143,65.96428571,"2005-12-25 UTC--2005-12-31 UTC","week5ago",1,0,1,6,0
"281","2006-W01",NA,NA,NA,NA,NA,NA,NA,NA,NA,16.22857143,61.14285714,NA,"week4ago",0,1,0,1,6
"282","2006-W02",NA,NA,NA,NA,NA,NA,NA,NA,NA,11.31964286,86.80357143,NA,"week3ago",0,0,1,0,1
"283","2006-W03",NA,NA,NA,NA,NA,NA,NA,NA,NA,11.27678571,77.91071429,NA,"week2ago",0,0,0,1,0
"284","2006-W04",NA,NA,NA,NA,NA,NA,NA,NA,NA,13.4125,72.625,NA,"week1ago",0,0,0,0,1
"285","2006-W05",NA,NA,NA,NA,NA,NA,2.821568627,3.421568627,"31/01/2006",13.3125,72.19642857,NA,"week4ago",0,0,0,0,0
"286","2006-W06",1,1,0,1,0,1,NA,NA,NA,13.31428571,72.58928571,"2006-02-05 UTC--2006-02-11 UTC","week3ago",1,0,0,0,0
"287","2006-W07",NA,NA,NA,NA,NA,NA,NA,NA,NA,12.71785714,72.01785714,NA,"week2ago",0,1,0,0,0
"288","2006-W08",NA,NA,NA,NA,NA,NA,NA,NA,NA,16.3875,61.875,NA,"week1ago",0,0,1,0,0
"289","2006-W09",1,0,1,1,0,1,2.874251497,3.550898204,"28/02/2006",15.37678571,73.51785714,"2006-02-26 UTC--2006-03-04 UTC","week4ago",1,0,0,1,0
"290","2006-W10",NA,NA,NA,NA,NA,NA,NA,NA,NA,15.04107143,65.21428571,NA,"week3ago",0,1,0,0,1
"291","2006-W11",NA,NA,NA,NA,NA,NA,NA,NA,NA,15.37678571,65.05357143,NA,"week2ago",0,0,1,0,0
"292","2006-W12",NA,NA,NA,NA,NA,NA,NA,NA,NA,17.59107143,63.58928571,NA,"week1ago",0,0,0,1,0
"293","2006-W13",4,0,1,1,0,1,2.712598425,3.484251969,"31/03/2006",16.24642857,69.41071429,"2006-03-26 UTC--2006-04-01 UTC","week5ago",4,0,0,0,1
"294","2006-W14",NA,NA,NA,NA,NA,NA,NA,NA,NA,16.60892857,75.21428571,NA,"week4ago",0,4,0,0,0
"295","2006-W15",NA,NA,NA,NA,NA,NA,NA,NA,NA,18.76071429,70.01785714,NA,"week3ago",0,0,4,0,0
"296","2006-W16",7,1,0,1,0,1,NA,NA,NA,19.01964286,72.75,"2006-04-16 UTC--2006-04-22 UTC","week2ago",7,0,0,4,0
"297","2006-W17",NA,NA,NA,NA,NA,NA,NA,NA,NA,20,65.44642857,NA,"week1ago",0,7,0,0,4
"298","2006-W18",NA,NA,NA,NA,NA,NA,2.914342629,3.599601594,"30/04/2006",19.64464286,69.28571429,NA,"week4ago",0,0,7,0,0
"299","2006-W19",NA,NA,NA,NA,NA,NA,NA,NA,NA,20.5375,64.96428571,NA,"week3ago",0,0,0,7,0
"300","2006-W20",NA,NA,NA,NA,NA,NA,NA,NA,NA,20.53035714,69.01785714,NA,"week2ago",0,0,0,0,7
"301","2006-W21",NA,NA,NA,NA,NA,NA,NA,NA,NA,22.94285714,70.07142857,NA,"week1ago",0,0,0,0,0
"302","2006-W22",NA,NA,NA,NA,NA,NA,2.825147348,3.701375246,"31/05/2006",23.97678571,74.21428571,NA,"week4ago",0,0,0,0,0
"303","2006-W23",NA,NA,NA,NA,NA,NA,NA,NA,NA,24.95535714,66.875,NA,"week3ago",0,0,0,0,0
"304","2006-W24",NA,NA,NA,NA,NA,NA,NA,NA,NA,23.87678571,63.83928571,NA,"week2ago",0,0,0,0,0
"305","2006-W25",NA,NA,NA,NA,NA,NA,NA,NA,NA,24.9625,70.78571429,NA,"week1ago",0,0,0,0,0
"306","2006-W26",3,1,1,1,1,2,3.100393701,3.816929134,"30/06/2006",26.26428571,71.89285714,"2006-06-25 UTC--2006-07-01 UTC","week5ago",3,0,0,0,0
"307","2006-W27",NA,NA,NA,NA,NA,NA,NA,NA,NA,26.70178571,68.85714286,NA,"week4ago",0,3,0,0,0
"308","2006-W28",NA,NA,NA,NA,NA,NA,NA,NA,NA,26.6875,65.30357143,NA,"week3ago",0,0,3,0,0
"309","2006-W29",1,0,1,0,1,1,NA,NA,NA,26.56964286,70.03571429,"2006-07-16 UTC--2006-07-22 UTC","week2ago",1,0,0,3,0
"310","2006-W30",1,0,1,1,0,1,NA,NA,NA,26.81071429,70.41071429,"2006-07-23 UTC--2006-07-29 UTC","week1ago",1,1,0,0,3
"311","2006-W31",NA,NA,NA,NA,NA,NA,0,0,"31/07/2006",26.71607143,71.07142857,NA,"week4ago",0,1,1,0,0
"312","2006-W32",NA,NA,NA,NA,NA,NA,NA,NA,NA,27.1,68.27272727,NA,"week3ago",0,0,1,1,0
"313","2006-W33",1,0,1,0,1,1,NA,NA,NA,27.47857143,67.67857143,"2006-08-13 UTC--2006-08-19 UTC","week2ago",1,0,0,1,1
"314","2006-W34",NA,NA,NA,NA,NA,NA,NA,NA,NA,28.3625,72.51785714,NA,"week1ago",0,1,0,0,1
"315","2006-W35",NA,NA,NA,NA,NA,NA,0,0,"31/08/2006",27.64464286,65.14285714,NA,"week4ago",0,0,1,0,0
"316","2006-W36",NA,NA,NA,NA,NA,NA,NA,NA,NA,26.45,64.14285714,NA,"week3ago",0,0,0,1,0
"317","2006-W37",1,0,1,0,1,1,NA,NA,NA,27.0125,70.375,"2006-09-10 UTC--2006-09-16 UTC","week2ago",1,0,0,0,1
"318","2006-W38",NA,NA,NA,NA,NA,NA,NA,NA,NA,26.62857143,64.125,NA,"week1ago",0,1,0,0,0
"319","2006-W39",NA,NA,NA,NA,NA,NA,2.874285714,3.813333333,"26/09/2006",25.79107143,58.69642857,NA,"week5ago",0,0,1,0,0
"320","2006-W40",NA,NA,NA,NA,NA,NA,NA,NA,NA,24.775,67.42857143,NA,"week4ago",0,0,0,1,0
"321","2006-W41",NA,NA,NA,NA,NA,NA,NA,NA,NA,24.92678571,57.375,NA,"week3ago",0,0,0,0,1
"322","2006-W42",NA,NA,NA,NA,NA,NA,NA,NA,NA,22.7375,65.44642857,NA,"week2ago",0,0,0,0,0
"323","2006-W43",NA,NA,NA,NA,NA,NA,NA,NA,NA,21.06964286,73.125,NA,"week1ago",0,0,0,0,0
"324","2006-W44",1,0,1,0,1,1,2.949392713,3.591093117,"31/10/2006",20.34642857,68.25,"2006-10-29 UTC--2006-11-04 UTC","week4ago",1,0,0,0,0
"325","2006-W45",NA,NA,NA,NA,NA,NA,NA,NA,NA,16.50178571,65.375,NA,"week3ago",0,1,0,0,0
"326","2006-W46",1,1,0,1,0,1,NA,NA,NA,17.24821429,76.66071429,"2006-11-12 UTC--2006-11-18 UTC","week2ago",1,0,1,0,0
"327","2006-W47",1,1,0,1,0,1,NA,NA,NA,16.53928571,64.55357143,"2006-11-19 UTC--2006-11-25 UTC","week1ago",1,1,0,1,0
"328","2006-W48",NA,NA,NA,NA,NA,NA,2.75739645,3.680473373,"30/11/2006",14.90357143,54.48214286,NA,"week4ago",0,1,1,0,1
"329","2006-W49",NA,NA,NA,NA,NA,NA,NA,NA,NA,14.65,53.85714286,NA,"week3ago",0,0,1,1,0
"330","2006-W50",NA,NA,NA,NA,NA,NA,NA,NA,NA,14.19642857,60.26785714,NA,"week2ago",0,0,0,1,1
"331","2006-W51",NA,NA,NA,NA,NA,NA,NA,NA,NA,12.84107143,65.96363636,NA,"week1ago",0,0,0,0,1
"332","2006-W52",NA,NA,NA,NA,NA,NA,2.901639344,3.668032787,"30/12/2006",10.21607143,75.25,NA,"week6ago",0,0,0,0,0
"333","2006-W53",NA,NA,NA,NA,NA,NA,NA,NA,NA,10.5,88.25,NA,"week5ago",0,0,0,0,0
"334","2007-W00",NA,NA,NA,NA,NA,NA,NA,NA,NA,11.42083333,79.125,NA,"week4ago",0,0,0,0,0
"335","2007-W01",NA,NA,NA,NA,NA,NA,NA,NA,NA,12.19107143,69.30357143,NA,"week3ago",0,0,0,0,0
"336","2007-W02",NA,NA,NA,NA,NA,NA,NA,NA,NA,11.36428571,74.625,NA,"week2ago",0,0,0,0,0
"337","2007-W03",NA,NA,NA,NA,NA,NA,NA,NA,NA,12.76607143,72.53571429,NA,"week1ago",0,0,0,0,0
"338","2007-W04",3,1,0,1,0,1,2.746588694,3.576998051,"31/01/2007",12.99821429,72.16071429,"2007-01-28 UTC--2007-02-03 UTC","week4ago",3,0,0,0,0
"339","2007-W05",NA,NA,NA,NA,NA,NA,NA,NA,NA,12.19285714,77.69642857,NA,"week3ago",0,3,0,0,0
"340","2007-W06",NA,NA,NA,NA,NA,NA,NA,NA,NA,14.08571429,75.64285714,NA,"week2ago",0,0,3,0,0
"341","2007-W07",NA,NA,NA,NA,NA,NA,NA,NA,NA,14.975,70.625,NA,"week1ago",0,0,0,3,0
"342","2007-W08",1,0,1,1,0,1,2.634920635,3.642857143,"28/02/2007",14.68392857,75.41071429,"2007-02-25 UTC--2007-03-03 UTC","week4ago",1,0,0,0,3
"343","2007-W09",NA,NA,NA,NA,NA,NA,NA,NA,NA,15.175,69.07142857,NA,"week3ago",0,1,0,0,0
"344","2007-W10",NA,NA,NA,NA,NA,NA,NA,NA,NA,14.51607143,74.60714286,NA,"week2ago",0,0,1,0,0
"345","2007-W11",NA,NA,NA,NA,NA,NA,NA,NA,NA,16.66071429,65.41071429,NA,"week1ago",0,0,0,1,0
"346","2007-W12",NA,NA,NA,NA,NA,NA,2.521568627,3.474509804,"28/03/2007",15.15,69.32142857,NA,"week5ago",0,0,0,0,1
"347","2007-W13",NA,NA,NA,NA,NA,NA,NA,NA,NA,18.64642857,64.76785714,NA,"week4ago",0,0,0,0,0
"348","2007-W14",NA,NA,NA,NA,NA,NA,NA,NA,NA,17.00892857,71.46428571,NA,"week3ago",0,0,0,0,0
"349","2007-W15",NA,NA,NA,NA,NA,NA,NA,NA,NA,17.83214286,63.23214286,NA,"week2ago",0,0,0,0,0
"350","2007-W16",NA,NA,NA,NA,NA,NA,NA,NA,NA,20.21785714,59.32142857,NA,"week1ago",0,0,0,0,0
"351","2007-W17",NA,NA,NA,NA,NA,NA,2.668518519,3.562962963,"30/04/2007",21.28035714,60.375,NA,"week4ago",0,0,0,0,0
"352","2007-W18",NA,NA,NA,NA,NA,NA,NA,NA,NA,24.13571429,63.67857143,NA,"week3ago",0,0,0,0,0
"353","2007-W19",NA,NA,NA,NA,NA,NA,NA,NA,NA,21.49285714,71.08928571,NA,"week2ago",0,0,0,0,0
"354","2007-W20",1,1,0,1,0,1,NA,NA,NA,22.24181818,66.16666667,"2007-05-20 UTC--2007-05-26 UTC","week1ago",1,0,0,0,0
"355","2007-W21",1,1,0,1,0,1,2.859375,3.7578125,"31/05/2007",23.87321429,62.75,"2007-05-27 UTC--2007-06-02 UTC","week4ago",1,1,0,0,0
"356","2007-W22",NA,NA,NA,NA,NA,NA,NA,NA,NA,23.44464286,67.19642857,NA,"week3ago",0,1,1,0,0
"357","2007-W23",NA,NA,NA,NA,NA,NA,NA,NA,NA,24.77857143,66.33928571,NA,"week2ago",0,0,1,1,0
"358","2007-W24",NA,NA,NA,NA,NA,NA,NA,NA,NA,25.46964286,70.30357143,NA,"week1ago",0,0,0,1,1
"359","2007-W25",NA,NA,NA,NA,NA,NA,2.85770751,3.681818182,"30/06/2007",27.80892857,64.39285714,NA,"week5ago",0,0,0,0,1
"360","2007-W26",NA,NA,NA,NA,NA,NA,NA,NA,NA,25.99821429,68.39285714,NA,"week4ago",0,0,0,0,0
"361","2007-W27",1,0,1,0,1,1,NA,NA,NA,26.59107143,67.30357143,"2007-07-08 UTC--2007-07-14 UTC","week3ago",1,0,0,0,0
"362","2007-W28",NA,NA,NA,NA,NA,NA,NA,NA,NA,27.27678571,67.69642857,NA,"week2ago",0,1,0,0,0
"363","2007-W29",NA,NA,NA,NA,NA,NA,NA,NA,NA,28.50535714,68.32142857,NA,"week1ago",0,0,1,0,0
"364","2007-W30",NA,NA,NA,NA,NA,NA,2.960707269,3.683693517,"31/07/2007",28.59642857,68.25,NA,"week4ago",0,0,0,1,0
"365","2007-W31",NA,NA,NA,NA,NA,NA,NA,NA,NA,27.42142857,61.10714286,NA,"week3ago",0,0,0,0,1
"366","2007-W32",NA,NA,NA,NA,NA,NA,NA,NA,NA,27.23571429,67.25,NA,"week2ago",0,0,0,0,0
"367","2007-W33",NA,NA,NA,NA,NA,NA,NA,NA,NA,27.82678571,71.03571429,NA,"week1ago",0,0,0,0,0
"368","2007-W34",NA,NA,NA,NA,NA,NA,3.121031746,3.954365079,"31/08/2007",28.09464286,70.30357143,NA,"week5ago",0,0,0,0,0
"369","2007-W35",NA,NA,NA,NA,NA,NA,NA,NA,NA,28.10535714,67.08928571,NA,"week4ago",0,0,0,0,0
"370","2007-W36",NA,NA,NA,NA,NA,NA,NA,NA,NA,25.72321429,61.42857143,NA,"week3ago",0,0,0,0,0
"371","2007-W37",1,0,1,0,1,1,NA,NA,NA,25.6125,67.75,"2007-09-16 UTC--2007-09-22 UTC","week2ago",1,0,0,0,0
"372","2007-W38",NA,NA,NA,NA,NA,NA,NA,NA,NA,25.98214286,65.89285714,NA,"week1ago",0,1,0,0,0
"373","2007-W39",NA,NA,NA,NA,NA,NA,3,3.778455285,"30/09/2007",25.51071429,70,NA,"week4ago",0,0,1,0,0
"374","2007-W40",NA,NA,NA,NA,NA,NA,NA,NA,NA,24.7125,70.55357143,NA,"week3ago",0,0,0,1,0
"375","2007-W41",1,0,1,0,1,1,NA,NA,NA,24.14821429,60.75,"2007-10-14 UTC--2007-10-20 UTC","week2ago",1,0,0,0,1
"376","2007-W42",NA,NA,NA,NA,NA,NA,NA,NA,NA,23.39107143,69.69642857,NA,"week1ago",0,1,0,0,0
"377","2007-W43",1,0,1,0,1,1,2.648702595,3.46506986,"31/10/2007",21.99285714,70.85714286,"2007-10-28 UTC--2007-11-03 UTC","week4ago",1,0,1,0,0
"378","2007-W44",NA,NA,NA,NA,NA,NA,NA,NA,NA,22.04285714,55.30357143,NA,"week3ago",0,1,0,1,0
"379","2007-W45",NA,NA,NA,NA,NA,NA,NA,NA,NA,18.84642857,66.69642857,NA,"week2ago",0,0,1,0,1
"380","2007-W46",1,0,1,1,0,1,NA,NA,NA,16.5875,77.89285714,"2007-11-18 UTC--2007-11-24 UTC","week1ago",1,0,0,1,0
"381","2007-W47",NA,NA,NA,NA,NA,NA,2.756,3.534,"30/11/2007",16.40535714,67.92857143,NA,"week5ago",0,1,0,0,1
"382","2007-W48",NA,NA,NA,NA,NA,NA,NA,NA,NA,16.26785714,76.25,NA,"week4ago",0,0,1,0,0
"383","2007-W49",NA,NA,NA,NA,NA,NA,NA,NA,NA,15.19642857,70.39285714,NA,"week3ago",0,0,0,1,0
"384","2007-W50",NA,NA,NA,NA,NA,NA,NA,NA,NA,13.6875,77.07142857,NA,"week2ago",0,0,0,0,1
"385","2007-W51",2,0,1,1,0,1,NA,NA,NA,12.81785714,65.98214286,"2007-12-23 UTC--2007-12-29 UTC","week1ago",2,0,0,0,0
"386","2007-W52",NA,NA,NA,NA,NA,NA,2.811507937,3.507936508,"31/12/2007",10.3125,59.375,NA,"week5ago",0,2,0,0,0
"387","2008-W00",NA,NA,NA,NA,NA,NA,NA,NA,NA,13.55,73.9,NA,"week4ago",0,0,2,0,0
"388","2008-W01",NA,NA,NA,NA,NA,NA,NA,NA,NA,10.87321429,74.66071429,NA,"week3ago",0,0,0,2,0
"389","2008-W02",NA,NA,NA,NA,NA,NA,NA,NA,NA,8.489285714,50.42857143,NA,"week2ago",0,0,0,0,2
"390","2008-W03",1,0,1,0,1,1,NA,NA,NA,11.1875,74.60714286,"2008-01-20 UTC--2008-01-26 UTC","week1ago",1,0,0,0,0
"391","2008-W04",NA,NA,NA,NA,NA,NA,2.942574257,3.691089109,"31/01/2008",11.17636364,74.67857143,NA,"week4ago",0,1,0,0,0
"392","2008-W05",1,1,0,1,0,1,NA,NA,NA,12.64464286,67.41071429,"2008-02-03 UTC--2008-02-09 UTC","week3ago",1,0,1,0,0
"393","2008-W06",NA,NA,NA,NA,NA,NA,NA,NA,NA,12.90892857,76.78571429,NA,"week2ago",0,1,0,1,0
"394","2008-W07",NA,NA,NA,NA,NA,NA,NA,NA,NA,11.98392857,68.44642857,NA,"week1ago",0,0,1,0,1
"395","2008-W08",3,1,1,1,1,2,3.033932136,3.754491018,"29/02/2008",14.33392857,76.32142857,"2008-02-24 UTC--2008-03-01 UTC","week5ago",3,0,0,1,0
"396","2008-W09",10,1,1,1,1,2,NA,NA,NA,17.55714286,68.125,"2008-03-02 UTC--2008-03-08 UTC","week4ago",10,3,0,0,1
"397","2008-W10",NA,NA,NA,NA,NA,NA,NA,NA,NA,16.65535714,68.91071429,NA,"week3ago",0,10,3,0,0
"398","2008-W11",NA,NA,NA,NA,NA,NA,NA,NA,NA,18.49821429,54.48214286,NA,"week2ago",0,0,10,3,0
"399","2008-W12",NA,NA,NA,NA,NA,NA,NA,NA,NA,20.76607143,48.57142857,NA,"week1ago",0,0,0,10,3
"400","2008-W13",NA,NA,NA,NA,NA,NA,0,0,"31/03/2008",17.03214286,66.03571429,NA,"week4ago",0,0,0,0,10
"401","2008-W14",3,1,1,1,1,2,NA,NA,NA,18.7125,63.46428571,"2008-04-06 UTC--2008-04-12 UTC","week3ago",3,0,0,0,0
"402","2008-W15",3,1,0,0,1,1,NA,NA,NA,21.55535714,55.66071429,"2008-04-13 UTC--2008-04-19 UTC","week2ago",3,3,0,0,0
"403","2008-W16",2,0,1,1,0,1,NA,NA,NA,23.04642857,55.19642857,"2008-04-20 UTC--2008-04-26 UTC","week1ago",2,3,3,0,0
"404","2008-W17",NA,NA,NA,NA,NA,NA,0,0,"30/04/2008",18.41785714,63.625,NA,"week4ago",0,2,3,3,0
"405","2008-W18",1,1,0,1,0,1,NA,NA,NA,19.75357143,59.92857143,"2008-05-04 UTC--2008-05-10 UTC","week3ago",1,0,2,3,3
"406","2008-W19",1,1,0,1,0,1,NA,NA,NA,21.73392857,58.16071429,"2008-05-11 UTC--2008-05-17 UTC","week2ago",1,1,0,2,3
"407","2008-W20",NA,NA,NA,NA,NA,NA,NA,NA,NA,21.86428571,70.83928571,NA,"week1ago",0,1,1,0,2
"408","2008-W21",NA,NA,NA,NA,NA,NA,0,0.003944773,"31/05/2008",22.56964286,69.80357143,NA,"week5ago",0,0,1,1,0
"409","2008-W22",1,1,0,1,0,1,NA,NA,NA,24.64285714,63.85714286,"2008-06-01 UTC--2008-06-07 UTC","week4ago",1,0,0,1,1
"410","2008-W23",NA,NA,NA,NA,NA,NA,NA,NA,NA,25.04285714,60.28571429,NA,"week3ago",0,1,0,0,1
"411","2008-W24",NA,NA,NA,NA,NA,NA,NA,NA,NA,25.23928571,64.75,NA,"week2ago",0,0,1,0,0
"412","2008-W25",NA,NA,NA,NA,NA,NA,NA,NA,NA,26.48571429,69.71428571,NA,"week1ago",0,0,0,1,0
"413","2008-W26",2,1,0,1,0,1,2.833001988,3.666003976,"30/06/2008",26.84107143,70.26785714,"2008-06-29 UTC--2008-07-05 UTC","week5ago",2,0,0,0,1
