"","yearweek","FO_total_attacks","FO_attacks_located_IL","FO_attacks_located_yesha","FO_attacks_target_civilian","FO_attacks_target_security_forces","FO_total_killed","FO_killed_located_IL","FO_killed_located_yesha","FO_killed_target_civilian","FO_killed_target_security_forces"
"1","1994-W14",1,1,0,1,0,8,8,0,8,0
"2","1994-W15",1,1,0,1,0,5,5,0,5,0
"3","1994-W16",0,0,0,0,0,0,0,0,0,0
"4","1994-W17",0,0,0,0,0,0,0,0,0,0
"5","1994-W18",0,0,0,0,0,0,0,0,0,0
"6","1994-W19",0,0,0,0,0,0,0,0,0,0
"7","1994-W20",0,0,0,0,0,0,0,0,0,0
"8","1994-W21",0,0,0,0,0,0,0,0,0,0
"9","1994-W22",0,0,0,0,0,0,0,0,0,0
"10","1994-W23",0,0,0,0,0,0,0,0,0,0
"11","1994-W24",0,0,0,0,0,0,0,0,0,0
"12","1994-W25",0,0,0,0,0,0,0,0,0,0
"13","1994-W26",0,0,0,0,0,0,0,0,0,0
"14","1994-W27",0,0,0,0,0,0,0,0,0,0
"15","1994-W28",0,0,0,0,0,0,0,0,0,0
"16","1994-W29",0,0,0,0,0,0,0,0,0,0
"17","1994-W30",0,0,0,0,0,0,0,0,0,0
"18","1994-W31",0,0,0,0,0,0,0,0,0,0
"19","1994-W32",0,0,0,0,0,0,0,0,0,0
"20","1994-W33",0,0,0,0,0,0,0,0,0,0
"21","1994-W34",0,0,0,0,0,0,0,0,0,0
"22","1994-W35",0,0,0,0,0,0,0,0,0,0
"23","1994-W36",0,0,0,0,0,0,0,0,0,0
"24","1994-W37",0,0,0,0,0,0,0,0,0,0
"25","1994-W38",0,0,0,0,0,0,0,0,0,0
"26","1994-W39",0,0,0,0,0,0,0,0,0,0
"27","1994-W40",0,0,0,0,0,0,0,0,0,0
"28","1994-W41",0,0,0,0,0,0,0,0,0,0
"29","1994-W42",1,1,0,1,0,22,22,0,22,0
"30","1994-W43",0,0,0,0,0,0,0,0,0,0
"31","1994-W44",0,0,0,0,0,0,0,0,0,0
"32","1994-W45",1,0,1,0,1,3,0,3,0,3
"33","1994-W46",0,0,0,0,0,0,0,0,0,0
"34","1994-W47",0,0,0,0,0,0,0,0,0,0
"35","1994-W48",0,0,0,0,0,0,0,0,0,0
"36","1994-W49",0,0,0,0,0,0,0,0,0,0
"37","1994-W50",0,0,0,0,0,0,0,0,0,0
"38","1994-W51",0,0,0,0,0,0,0,0,0,0
"39","1994-W52",0,0,0,0,0,0,0,0,0,0
"40","1995-W01",0,0,0,0,0,0,0,0,0,0
"41","1995-W02",0,0,0,0,0,0,0,0,0,0
"42","1995-W03",0,0,0,0,0,0,0,0,0,0
"43","1995-W04",1,1,0,0,1,21,21,0,0,21
"44","1995-W05",0,0,0,0,0,0,0,0,0,0
"45","1995-W06",0,0,0,0,0,0,0,0,0,0
"46","1995-W07",0,0,0,0,0,0,0,0,0,0
"47","1995-W08",0,0,0,0,0,0,0,0,0,0
"48","1995-W09",0,0,0,0,0,0,0,0,0,0
"49","1995-W10",0,0,0,0,0,0,0,0,0,0
"50","1995-W11",0,0,0,0,0,0,0,0,0,0
"51","1995-W12",0,0,0,0,0,0,0,0,0,0
"52","1995-W13",0,0,0,0,0,0,0,0,0,0
"53","1995-W14",0,0,0,0,0,0,0,0,0,0
"54","1995-W15",1,0,1,1,0,8,0,8,8,0
"55","1995-W16",0,0,0,0,0,0,0,0,0,0
"56","1995-W17",0,0,0,0,0,0,0,0,0,0
"57","1995-W18",0,0,0,0,0,0,0,0,0,0
"58","1995-W19",0,0,0,0,0,0,0,0,0,0
"59","1995-W20",0,0,0,0,0,0,0,0,0,0
"60","1995-W21",0,0,0,0,0,0,0,0,0,0
"61","1995-W22",0,0,0,0,0,0,0,0,0,0
"62","1995-W23",0,0,0,0,0,0,0,0,0,0
"63","1995-W24",0,0,0,0,0,0,0,0,0,0
"64","1995-W25",0,0,0,0,0,0,0,0,0,0
"65","1995-W26",0,0,0,0,0,0,0,0,0,0
"66","1995-W27",0,0,0,0,0,0,0,0,0,0
"67","1995-W28",0,0,0,0,0,0,0,0,0,0
"68","1995-W29",0,0,0,0,0,0,0,0,0,0
"69","1995-W30",1,1,0,1,0,6,6,0,6,0
"70","1995-W31",0,0,0,0,0,0,0,0,0,0
"71","1995-W32",0,0,0,0,0,0,0,0,0,0
"72","1995-W33",0,0,0,0,0,0,0,0,0,0
"73","1995-W34",1,1,0,1,0,4,4,0,4,0
"74","1995-W35",0,0,0,0,0,0,0,0,0,0
"75","1995-W36",0,0,0,0,0,0,0,0,0,0
"76","1995-W37",0,0,0,0,0,0,0,0,0,0
"77","1995-W38",0,0,0,0,0,0,0,0,0,0
"78","1995-W39",0,0,0,0,0,0,0,0,0,0
"79","1995-W40",0,0,0,0,0,0,0,0,0,0
"80","1995-W41",0,0,0,0,0,0,0,0,0,0
"81","1995-W42",0,0,0,0,0,0,0,0,0,0
"82","1995-W43",0,0,0,0,0,0,0,0,0,0
"83","1995-W44",0,0,0,0,0,0,0,0,0,0
"84","1995-W45",0,0,0,0,0,0,0,0,0,0
"85","1995-W46",0,0,0,0,0,0,0,0,0,0
"86","1995-W47",0,0,0,0,0,0,0,0,0,0
"87","1995-W48",0,0,0,0,0,0,0,0,0,0
"88","1995-W49",0,0,0,0,0,0,0,0,0,0
"89","1995-W50",0,0,0,0,0,0,0,0,0,0
"90","1995-W51",0,0,0,0,0,0,0,0,0,0
"91","1995-W52",0,0,0,0,0,0,0,0,0,0
"92","1995-W53",0,0,0,0,0,0,0,0,0,0
"93","1996-W00",0,0,0,0,0,0,0,0,0,0
"94","1996-W01",0,0,0,0,0,0,0,0,0,0
"95","1996-W02",0,0,0,0,0,0,0,0,0,0
"96","1996-W03",0,0,0,0,0,0,0,0,0,0
"97","1996-W04",0,0,0,0,0,0,0,0,0,0
"98","1996-W05",0,0,0,0,0,0,0,0,0,0
"99","1996-W06",0,0,0,0,0,0,0,0,0,0
"100","1996-W07",0,0,0,0,0,0,0,0,0,0
"101","1996-W08",2,2,0,2,0,27,27,0,27,0
"102","1996-W09",2,2,0,2,0,32,32,0,32,0
"103","1996-W10",0,0,0,0,0,0,0,0,0,0
"104","1996-W11",0,0,0,0,0,0,0,0,0,0
"105","1996-W12",0,0,0,0,0,0,0,0,0,0
"106","1996-W13",0,0,0,0,0,0,0,0,0,0
"107","1996-W14",0,0,0,0,0,0,0,0,0,0
"108","1996-W15",0,0,0,0,0,0,0,0,0,0
"109","1996-W16",0,0,0,0,0,0,0,0,0,0
"110","1996-W17",0,0,0,0,0,0,0,0,0,0
"111","1996-W18",0,0,0,0,0,0,0,0,0,0
"112","1996-W19",0,0,0,0,0,0,0,0,0,0
"113","1996-W20",0,0,0,0,0,0,0,0,0,0
"114","1996-W21",0,0,0,0,0,0,0,0,0,0
"115","1996-W22",0,0,0,0,0,0,0,0,0,0
"116","1996-W23",0,0,0,0,0,0,0,0,0,0
"117","1996-W24",0,0,0,0,0,0,0,0,0,0
"118","1996-W25",0,0,0,0,0,0,0,0,0,0
"119","1996-W26",0,0,0,0,0,0,0,0,0,0
"120","1996-W27",0,0,0,0,0,0,0,0,0,0
"121","1996-W28",0,0,0,0,0,0,0,0,0,0
"122","1996-W29",0,0,0,0,0,0,0,0,0,0
"123","1996-W30",0,0,0,0,0,0,0,0,0,0
"124","1996-W31",0,0,0,0,0,0,0,0,0,0
"125","1996-W32",0,0,0,0,0,0,0,0,0,0
"126","1996-W33",0,0,0,0,0,0,0,0,0,0
"127","1996-W34",0,0,0,0,0,0,0,0,0,0
"128","1996-W35",0,0,0,0,0,0,0,0,0,0
"129","1996-W36",0,0,0,0,0,0,0,0,0,0
"130","1996-W37",0,0,0,0,0,0,0,0,0,0
"131","1996-W38",0,0,0,0,0,0,0,0,0,0
"132","1996-W39",0,0,0,0,0,0,0,0,0,0
"133","1996-W40",0,0,0,0,0,0,0,0,0,0
"134","1996-W41",0,0,0,0,0,0,0,0,0,0
"135","1996-W42",0,0,0,0,0,0,0,0,0,0
"136","1996-W43",0,0,0,0,0,0,0,0,0,0
"137","1996-W44",0,0,0,0,0,0,0,0,0,0
"138","1996-W45",0,0,0,0,0,0,0,0,0,0
"139","1996-W46",0,0,0,0,0,0,0,0,0,0
"140","1996-W47",0,0,0,0,0,0,0,0,0,0
"141","1996-W48",0,0,0,0,0,0,0,0,0,0
"142","1996-W49",0,0,0,0,0,0,0,0,0,0
"143","1996-W50",0,0,0,0,0,0,0,0,0,0
"144","1996-W51",0,0,0,0,0,0,0,0,0,0
"145","1996-W52",0,0,0,0,0,0,0,0,0,0
"146","1997-W00",0,0,0,0,0,0,0,0,0,0
"147","1997-W01",0,0,0,0,0,0,0,0,0,0
"148","1997-W02",0,0,0,0,0,0,0,0,0,0
"149","1997-W03",0,0,0,0,0,0,0,0,0,0
"150","1997-W04",0,0,0,0,0,0,0,0,0,0
"151","1997-W05",0,0,0,0,0,0,0,0,0,0
"152","1997-W06",0,0,0,0,0,0,0,0,0,0
"153","1997-W07",0,0,0,0,0,0,0,0,0,0
"154","1997-W08",0,0,0,0,0,0,0,0,0,0
"155","1997-W09",0,0,0,0,0,0,0,0,0,0
"156","1997-W10",0,0,0,0,0,0,0,0,0,0
"157","1997-W11",1,1,0,1,0,3,3,0,3,0
"158","1997-W12",0,0,0,0,0,0,0,0,0,0
"159","1997-W13",0,0,0,0,0,0,0,0,0,0
"160","1997-W14",0,0,0,0,0,0,0,0,0,0
"161","1997-W15",0,0,0,0,0,0,0,0,0,0
"162","1997-W16",0,0,0,0,0,0,0,0,0,0
"163","1997-W17",0,0,0,0,0,0,0,0,0,0
"164","1997-W18",0,0,0,0,0,0,0,0,0,0
"165","1997-W19",0,0,0,0,0,0,0,0,0,0
"166","1997-W20",0,0,0,0,0,0,0,0,0,0
"167","1997-W21",0,0,0,0,0,0,0,0,0,0
"168","1997-W22",0,0,0,0,0,0,0,0,0,0
"169","1997-W23",0,0,0,0,0,0,0,0,0,0
"170","1997-W24",0,0,0,0,0,0,0,0,0,0
"171","1997-W25",0,0,0,0,0,0,0,0,0,0
"172","1997-W26",0,0,0,0,0,0,0,0,0,0
"173","1997-W27",0,0,0,0,0,0,0,0,0,0
"174","1997-W28",0,0,0,0,0,0,0,0,0,0
"175","1997-W29",0,0,0,0,0,0,0,0,0,0
"176","1997-W30",1,1,0,1,0,16,16,0,16,0
"177","1997-W31",0,0,0,0,0,0,0,0,0,0
"178","1997-W32",0,0,0,0,0,0,0,0,0,0
"179","1997-W33",0,0,0,0,0,0,0,0,0,0
"180","1997-W34",0,0,0,0,0,0,0,0,0,0
"181","1997-W35",1,1,0,1,0,5,5,0,5,0
"182","1997-W36",0,0,0,0,0,0,0,0,0,0
"183","1997-W37",0,0,0,0,0,0,0,0,0,0
"184","1997-W38",0,0,0,0,0,0,0,0,0,0
"185","1997-W39",0,0,0,0,0,0,0,0,0,0
"186","1997-W40",0,0,0,0,0,0,0,0,0,0
"187","1997-W41",0,0,0,0,0,0,0,0,0,0
"188","1997-W42",0,0,0,0,0,0,0,0,0,0
"189","1997-W43",0,0,0,0,0,0,0,0,0,0
"190","1997-W44",0,0,0,0,0,0,0,0,0,0
"191","1997-W45",0,0,0,0,0,0,0,0,0,0
"192","1997-W46",0,0,0,0,0,0,0,0,0,0
"193","1997-W47",0,0,0,0,0,0,0,0,0,0
"194","1997-W48",0,0,0,0,0,0,0,0,0,0
"195","1997-W49",0,0,0,0,0,0,0,0,0,0
"196","1997-W50",0,0,0,0,0,0,0,0,0,0
"197","1997-W51",0,0,0,0,0,0,0,0,0,0
"198","1997-W52",0,0,0,0,0,0,0,0,0,0
"199","1998-W00",0,0,0,0,0,0,0,0,0,0
"200","1998-W01",0,0,0,0,0,0,0,0,0,0
"201","1998-W02",0,0,0,0,0,0,0,0,0,0
"202","1998-W03",0,0,0,0,0,0,0,0,0,0
"203","1998-W04",0,0,0,0,0,0,0,0,0,0
"204","1998-W05",0,0,0,0,0,0,0,0,0,0
"205","1998-W06",0,0,0,0,0,0,0,0,0,0
"206","1998-W07",0,0,0,0,0,0,0,0,0,0
"207","1998-W08",0,0,0,0,0,0,0,0,0,0
"208","1998-W09",0,0,0,0,0,0,0,0,0,0
"209","1998-W10",0,0,0,0,0,0,0,0,0,0
"210","1998-W11",0,0,0,0,0,0,0,0,0,0
"211","1998-W12",0,0,0,0,0,0,0,0,0,0
"212","1998-W13",0,0,0,0,0,0,0,0,0,0
"213","1998-W14",0,0,0,0,0,0,0,0,0,0
"214","1998-W15",0,0,0,0,0,0,0,0,0,0
"215","1998-W16",0,0,0,0,0,0,0,0,0,0
"216","1998-W17",0,0,0,0,0,0,0,0,0,0
"217","1998-W18",0,0,0,0,0,0,0,0,0,0
"218","1998-W19",0,0,0,0,0,0,0,0,0,0
"219","1998-W20",0,0,0,0,0,0,0,0,0,0
"220","1998-W21",0,0,0,0,0,0,0,0,0,0
"221","1998-W22",0,0,0,0,0,0,0,0,0,0
"222","1998-W23",0,0,0,0,0,0,0,0,0,0
"223","1998-W24",0,0,0,0,0,0,0,0,0,0
"224","1998-W25",0,0,0,0,0,0,0,0,0,0
"225","1998-W26",0,0,0,0,0,0,0,0,0,0
"226","1998-W27",0,0,0,0,0,0,0,0,0,0
"227","1998-W28",0,0,0,0,0,0,0,0,0,0
"228","1998-W29",0,0,0,0,0,0,0,0,0,0
"229","1998-W30",0,0,0,0,0,0,0,0,0,0
"230","1998-W31",0,0,0,0,0,0,0,0,0,0
"231","1998-W32",0,0,0,0,0,0,0,0,0,0
"232","1998-W33",0,0,0,0,0,0,0,0,0,0
"233","1998-W34",0,0,0,0,0,0,0,0,0,0
"234","1998-W35",0,0,0,0,0,0,0,0,0,0
"235","1998-W36",0,0,0,0,0,0,0,0,0,0
"236","1998-W37",0,0,0,0,0,0,0,0,0,0
"237","1998-W38",0,0,0,0,0,0,0,0,0,0
"238","1998-W39",0,0,0,0,0,0,0,0,0,0
"239","1998-W40",0,0,0,0,0,0,0,0,0,0
"240","1998-W41",0,0,0,0,0,0,0,0,0,0
"241","1998-W42",0,0,0,0,0,0,0,0,0,0
"242","1998-W43",1,0,1,0,1,1,0,1,0,1
"243","1998-W44",0,0,0,0,0,0,0,0,0,0
"244","1998-W45",0,0,0,0,0,0,0,0,0,0
"245","1998-W46",0,0,0,0,0,0,0,0,0,0
"246","1998-W47",0,0,0,0,0,0,0,0,0,0
"247","1998-W48",0,0,0,0,0,0,0,0,0,0
"248","1998-W49",0,0,0,0,0,0,0,0,0,0
"249","1998-W50",0,0,0,0,0,0,0,0,0,0
"250","1998-W51",0,0,0,0,0,0,0,0,0,0
"251","1998-W52",0,0,0,0,0,0,0,0,0,0
"252","1999-W00",0,0,0,0,0,0,0,0,0,0
"253","1999-W01",0,0,0,0,0,0,0,0,0,0
"254","1999-W02",0,0,0,0,0,0,0,0,0,0
"255","1999-W03",0,0,0,0,0,0,0,0,0,0
"256","1999-W04",0,0,0,0,0,0,0,0,0,0
"257","1999-W05",0,0,0,0,0,0,0,0,0,0
"258","1999-W06",0,0,0,0,0,0,0,0,0,0
"259","1999-W07",0,0,0,0,0,0,0,0,0,0
"260","1999-W08",0,0,0,0,0,0,0,0,0,0
"261","1999-W09",0,0,0,0,0,0,0,0,0,0
"262","1999-W10",0,0,0,0,0,0,0,0,0,0
"263","1999-W11",0,0,0,0,0,0,0,0,0,0
"264","1999-W12",0,0,0,0,0,0,0,0,0,0
"265","1999-W13",0,0,0,0,0,0,0,0,0,0
"266","1999-W14",0,0,0,0,0,0,0,0,0,0
"267","1999-W15",0,0,0,0,0,0,0,0,0,0
"268","1999-W16",0,0,0,0,0,0,0,0,0,0
"269","1999-W17",0,0,0,0,0,0,0,0,0,0
"270","1999-W18",0,0,0,0,0,0,0,0,0,0
"271","1999-W19",0,0,0,0,0,0,0,0,0,0
"272","1999-W20",0,0,0,0,0,0,0,0,0,0
"273","1999-W21",0,0,0,0,0,0,0,0,0,0
"274","1999-W22",0,0,0,0,0,0,0,0,0,0
"275","1999-W23",0,0,0,0,0,0,0,0,0,0
"276","1999-W24",0,0,0,0,0,0,0,0,0,0
"277","1999-W25",0,0,0,0,0,0,0,0,0,0
"278","1999-W26",0,0,0,0,0,0,0,0,0,0
"279","1999-W27",0,0,0,0,0,0,0,0,0,0
"280","1999-W28",0,0,0,0,0,0,0,0,0,0
"281","1999-W29",0,0,0,0,0,0,0,0,0,0
"282","1999-W30",0,0,0,0,0,0,0,0,0,0
"283","1999-W31",0,0,0,0,0,0,0,0,0,0
"284","1999-W32",0,0,0,0,0,0,0,0,0,0
"285","1999-W33",0,0,0,0,0,0,0,0,0,0
"286","1999-W34",0,0,0,0,0,0,0,0,0,0
"287","1999-W35",0,0,0,0,0,0,0,0,0,0
"288","1999-W36",0,0,0,0,0,0,0,0,0,0
"289","1999-W37",0,0,0,0,0,0,0,0,0,0
"290","1999-W38",0,0,0,0,0,0,0,0,0,0
"291","1999-W39",0,0,0,0,0,0,0,0,0,0
"292","1999-W40",0,0,0,0,0,0,0,0,0,0
"293","1999-W41",0,0,0,0,0,0,0,0,0,0
"294","1999-W42",0,0,0,0,0,0,0,0,0,0
"295","1999-W43",0,0,0,0,0,0,0,0,0,0
"296","1999-W44",0,0,0,0,0,0,0,0,0,0
"297","1999-W45",0,0,0,0,0,0,0,0,0,0
"298","1999-W46",0,0,0,0,0,0,0,0,0,0
"299","1999-W47",0,0,0,0,0,0,0,0,0,0
"300","1999-W48",0,0,0,0,0,0,0,0,0,0
"301","1999-W49",0,0,0,0,0,0,0,0,0,0
"302","1999-W50",0,0,0,0,0,0,0,0,0,0
"303","1999-W51",0,0,0,0,0,0,0,0,0,0
"304","1999-W52",0,0,0,0,0,0,0,0,0,0
"305","2000-W00",0,0,0,0,0,0,0,0,0,0
"306","2000-W01",0,0,0,0,0,0,0,0,0,0
"307","2000-W02",0,0,0,0,0,0,0,0,0,0
"308","2000-W03",0,0,0,0,0,0,0,0,0,0
"309","2000-W04",0,0,0,0,0,0,0,0,0,0
"310","2000-W05",0,0,0,0,0,0,0,0,0,0
"311","2000-W06",0,0,0,0,0,0,0,0,0,0
"312","2000-W07",0,0,0,0,0,0,0,0,0,0
"313","2000-W08",0,0,0,0,0,0,0,0,0,0
"314","2000-W09",0,0,0,0,0,0,0,0,0,0
"315","2000-W10",0,0,0,0,0,0,0,0,0,0
"316","2000-W11",0,0,0,0,0,0,0,0,0,0
"317","2000-W12",0,0,0,0,0,0,0,0,0,0
"318","2000-W13",0,0,0,0,0,0,0,0,0,0
"319","2000-W14",0,0,0,0,0,0,0,0,0,0
"320","2000-W15",0,0,0,0,0,0,0,0,0,0
"321","2000-W16",0,0,0,0,0,0,0,0,0,0
"322","2000-W17",0,0,0,0,0,0,0,0,0,0
"323","2000-W18",0,0,0,0,0,0,0,0,0,0
"324","2000-W19",0,0,0,0,0,0,0,0,0,0
"325","2000-W20",0,0,0,0,0,0,0,0,0,0
"326","2000-W21",0,0,0,0,0,0,0,0,0,0
"327","2000-W22",0,0,0,0,0,0,0,0,0,0
"328","2000-W23",0,0,0,0,0,0,0,0,0,0
"329","2000-W24",0,0,0,0,0,0,0,0,0,0
"330","2000-W25",0,0,0,0,0,0,0,0,0,0
"331","2000-W26",0,0,0,0,0,0,0,0,0,0
"332","2000-W27",0,0,0,0,0,0,0,0,0,0
"333","2000-W28",0,0,0,0,0,0,0,0,0,0
"334","2000-W29",0,0,0,0,0,0,0,0,0,0
"335","2000-W30",0,0,0,0,0,0,0,0,0,0
"336","2000-W31",0,0,0,0,0,0,0,0,0,0
"337","2000-W32",0,0,0,0,0,0,0,0,0,0
"338","2000-W33",0,0,0,0,0,0,0,0,0,0
"339","2000-W34",0,0,0,0,0,0,0,0,0,0
"340","2000-W35",0,0,0,0,0,0,0,0,0,0
"341","2000-W36",0,0,0,0,0,0,0,0,0,0
"342","2000-W37",0,0,0,0,0,0,0,0,0,0
"343","2000-W38",0,0,0,0,0,0,0,0,0,0
"344","2000-W39",0,0,0,0,0,0,0,0,0,0
"345","2000-W40",0,0,0,0,0,0,0,0,0,0
"346","2000-W41",0,0,0,0,0,0,0,0,0,0
"347","2000-W42",0,0,0,0,0,0,0,0,0,0
"348","2000-W43",0,0,0,0,0,0,0,0,0,0
"349","2000-W44",1,1,0,1,0,2,2,0,2,0
"350","2000-W45",0,0,0,0,0,0,0,0,0,0
"351","2000-W46",0,0,0,0,0,0,0,0,0,0
"352","2000-W47",2,1,1,2,0,4,2,2,4,0
"353","2000-W48",0,0,0,0,0,0,0,0,0,0
"354","2000-W49",0,0,0,0,0,0,0,0,0,0
"355","2000-W50",0,0,0,0,0,0,0,0,0,0
"356","2000-W51",1,0,1,0,1,0,0,0,0,0
"357","2000-W52",0,0,0,0,0,0,0,0,0,0
"358","2000-W53",0,0,0,0,0,0,0,0,0,0
"359","2001-W00",1,1,0,1,0,0,0,0,0,0
"360","2001-W01",0,0,0,0,0,0,0,0,0,0
"361","2001-W02",0,0,0,0,0,0,0,0,0,0
"362","2001-W03",0,0,0,0,0,0,0,0,0,0
"363","2001-W04",0,0,0,0,0,0,0,0,0,0
"364","2001-W05",1,1,0,1,0,0,0,0,0,0
"365","2001-W06",1,1,0,1,0,8,8,0,8,0
"366","2001-W07",0,0,0,0,0,0,0,0,0,0
"367","2001-W08",1,1,0,1,0,1,1,0,1,0
"368","2001-W09",1,1,0,1,0,3,3,0,3,0
"369","2001-W10",0,0,0,0,0,0,0,0,0,0
"370","2001-W11",0,0,0,0,0,0,0,0,0,0
"371","2001-W12",3,3,0,3,0,2,2,0,2,0
"372","2001-W13",0,0,0,0,0,0,0,0,0,0
"373","2001-W14",1,1,0,1,0,0,0,0,0,0
"374","2001-W15",0,0,0,0,0,0,0,0,0,0
"375","2001-W16",2,2,0,2,0,1,1,0,1,0
"376","2001-W17",1,0,1,0,0,0,0,0,0,0
"377","2001-W18",0,0,0,0,0,0,0,0,0,0
"378","2001-W19",1,1,0,1,0,5,5,0,5,0
"379","2001-W20",1,1,0,1,0,0,0,0,0,0
"380","2001-W21",3,3,0,3,0,21,21,0,21,0
"381","2001-W22",0,0,0,0,0,0,0,0,0,0
"382","2001-W23",0,0,0,0,0,0,0,0,0,0
"383","2001-W24",1,0,1,0,1,2,0,2,0,2
"384","2001-W25",0,0,0,0,0,0,0,0,0,0
"385","2001-W26",1,1,0,1,0,0,0,0,0,0
"386","2001-W27",0,0,0,0,0,0,0,0,0,0
"387","2001-W28",1,1,0,0,1,2,2,0,0,2
"388","2001-W29",0,0,0,0,0,0,0,0,0,0
"389","2001-W30",0,0,0,0,0,0,0,0,0,0
"390","2001-W31",2,1,1,1,1,15,15,0,15,0
"391","2001-W32",1,1,0,1,0,0,0,0,0,0
"392","2001-W33",1,1,0,1,0,0,0,0,0,0
"393","2001-W34",0,0,0,0,0,0,0,0,0,0
"394","2001-W35",0,0,0,0,0,0,0,0,0,0
"395","2001-W36",2,2,0,2,0,3,3,0,3,0
"396","2001-W37",0,0,0,0,0,0,0,0,0,0
"397","2001-W38",0,0,0,0,0,0,0,0,0,0
"398","2001-W39",1,1,0,1,0,0,0,0,0,0
"399","2001-W40",1,1,0,1,0,1,1,0,1,0
"400","2001-W41",0,0,0,0,0,0,0,0,0,0
"401","2001-W42",0,0,0,0,0,0,0,0,0,0
"402","2001-W43",0,0,0,0,0,0,0,0,0,0
"403","2001-W44",0,0,0,0,0,0,0,0,0,0
"404","2001-W45",0,0,0,0,0,0,0,0,0,0
"405","2001-W46",0,0,0,0,0,0,0,0,0,0
"406","2001-W47",3,2,1,2,1,14,14,0,14,0
"407","2001-W48",2,2,0,2,0,16,16,0,16,0
"408","2001-W49",2,1,1,2,0,0,0,0,0,0
"409","2001-W50",0,0,0,0,0,0,0,0,0,0
"410","2001-W51",0,0,0,0,0,0,0,0,0,0
"411","2001-W52",0,0,0,0,0,0,0,0,0,0
"412","2002-W00",0,0,0,0,0,0,0,0,0,0
"413","2002-W01",0,0,0,0,0,0,0,0,0,0
"414","2002-W02",0,0,0,0,0,0,0,0,0,0
"415","2002-W03",1,1,0,1,0,0,0,0,0,0
"416","2002-W04",1,1,0,1,0,1,1,0,1,0
"417","2002-W05",0,0,0,0,0,0,0,0,0,0
"418","2002-W06",1,0,1,1,0,3,0,3,3,0
"419","2002-W07",1,0,1,1,0,1,0,1,1,0
"420","2002-W08",2,2,0,1,1,11,11,0,11,0
"421","2002-W09",3,2,1,3,0,12,12,0,12,0
"422","2002-W10",0,0,0,0,0,0,0,0,0,0
"423","2002-W11",3,3,0,2,0,10,10,0,3,0
"424","2002-W12",3,3,0,3,0,33,33,0,33,0
"425","2002-W13",3,2,1,2,1,16,16,0,15,1
"426","2002-W14",2,2,0,2,0,14,14,0,14,0
"427","2002-W15",0,0,0,0,0,0,0,0,0,0
"428","2002-W16",0,0,0,0,0,0,0,0,0,0
"429","2002-W17",0,0,0,0,0,0,0,0,0,0
"430","2002-W18",1,1,0,1,0,16,16,0,16,0
"431","2002-W19",0,0,0,0,0,0,0,0,0,0
"432","2002-W20",3,3,0,3,0,5,5,0,5,0
"433","2002-W21",1,1,0,1,0,2,2,0,2,0
"434","2002-W22",1,1,0,1,0,17,17,0,17,0
"435","2002-W23",1,1,0,1,0,1,1,0,1,0
"436","2002-W24",2,2,0,2,0,26,26,0,26,0
"437","2002-W25",0,0,0,0,0,0,0,0,0,0
"438","2002-W26",0,0,0,0,0,0,0,0,0,0
"439","2002-W27",0,0,0,0,0,0,0,0,0,0
"440","2002-W28",2,1,1,2,0,14,5,9,14,0
"441","2002-W29",0,0,0,0,0,0,0,0,0,0
"442","2002-W30",2,2,0,2,0,9,9,0,9,0
"443","2002-W31",2,2,0,2,0,9,9,0,9,0
"444","2002-W32",0,0,0,0,0,0,0,0,0,0
"445","2002-W33",0,0,0,0,0,0,0,0,0,0
"446","2002-W34",0,0,0,0,0,0,0,0,0,0
"447","2002-W35",0,0,0,0,0,0,0,0,0,0
"448","2002-W36",0,0,0,0,0,0,0,0,0,0
"449","2002-W37",2,2,0,1,0,7,7,0,6,0
"450","2002-W38",0,0,0,0,0,0,0,0,0,0
"451","2002-W39",0,0,0,0,0,0,0,0,0,0
"452","2002-W40",1,1,0,1,0,1,1,0,1,0
"453","2002-W41",0,0,0,0,0,0,0,0,0,0
"454","2002-W42",1,1,0,1,0,14,14,0,14,0
"455","2002-W43",1,0,1,0,1,3,0,3,0,3
"456","2002-W44",1,1,0,1,0,2,2,0,2,0
"457","2002-W45",0,0,0,0,0,0,0,0,0,0
"458","2002-W46",1,1,0,1,0,7,7,0,7,0
"459","2002-W47",0,0,0,0,0,0,0,0,0,0
"460","2002-W48",0,0,0,0,0,0,0,0,0,0
"461","2002-W49",0,0,0,0,0,0,0,0,0,0
"462","2002-W50",0,0,0,0,0,0,0,0,0,0
"463","2002-W51",0,0,0,0,0,0,0,0,0,0
"464","2002-W52",0,0,0,0,0,0,0,0,0,0
"465","2003-W00",0,0,0,0,0,0,0,0,0,0
"466","2003-W01",1,1,0,1,0,22,22,0,22,0
"467","2003-W02",0,0,0,0,0,0,0,0,0,0
"468","2003-W03",0,0,0,0,0,0,0,0,0,0
"469","2003-W04",0,0,0,0,0,0,0,0,0,0
"470","2003-W05",0,0,0,0,0,0,0,0,0,0
"471","2003-W06",0,0,0,0,0,0,0,0,0,0
"472","2003-W07",0,0,0,0,0,0,0,0,0,0
"473","2003-W08",0,0,0,0,0,0,0,0,0,0
"474","2003-W09",1,1,0,1,0,17,17,0,17,0
"475","2003-W10",0,0,0,0,0,0,0,0,0,0
"476","2003-W11",0,0,0,0,0,0,0,0,0,0
"477","2003-W12",0,0,0,0,0,0,0,0,0,0
"478","2003-W13",1,1,0,1,0,0,0,0,0,0
"479","2003-W14",0,0,0,0,0,0,0,0,0,0
"480","2003-W15",0,0,0,0,0,0,0,0,0,0
"481","2003-W16",1,1,0,1,0,1,1,0,1,0
"482","2003-W17",1,1,0,1,0,3,3,0,3,0
"483","2003-W18",0,0,0,0,0,0,0,0,0,0
"484","2003-W19",1,0,1,1,0,2,0,2,2,0
"485","2003-W20",4,2,2,3,1,10,10,0,10,0
"486","2003-W21",0,0,0,0,0,0,0,0,0,0
"487","2003-W22",0,0,0,0,0,0,0,0,0,0
"488","2003-W23",1,1,0,1,0,17,17,0,17,0
"489","2003-W24",1,1,0,1,0,1,1,0,1,0
"490","2003-W25",0,0,0,0,0,0,0,0,0,0
"491","2003-W26",0,0,0,0,0,0,0,0,0,0
"492","2003-W27",1,1,0,1,0,1,1,0,1,0
"493","2003-W28",0,0,0,0,0,0,0,0,0,0
"494","2003-W29",0,0,0,0,0,0,0,0,0,0
"495","2003-W30",0,0,0,0,0,0,0,0,0,0
"496","2003-W31",0,0,0,0,0,0,0,0,0,0
"497","2003-W32",1,0,1,1,0,2,0,2,2,0
"498","2003-W33",1,1,0,1,0,23,23,0,23,0
"499","2003-W34",0,0,0,0,0,0,0,0,0,0
"500","2003-W35",0,0,0,0,0,0,0,0,0,0
"501","2003-W36",2,2,0,1,1,16,16,0,7,9
"502","2003-W37",0,0,0,0,0,0,0,0,0,0
"503","2003-W38",0,0,0,0,0,0,0,0,0,0
"504","2003-W39",1,1,0,1,0,21,21,0,21,0
"505","2003-W40",1,0,1,0,1,0,0,0,0,0
"506","2003-W41",1,0,1,1,0,3,0,3,3,0
"507","2003-W42",0,0,0,0,0,0,0,0,0,0
"508","2003-W43",0,0,0,0,0,0,0,0,0,0
"509","2003-W44",1,0,1,0,1,0,0,0,0,0
"510","2003-W45",0,0,0,0,0,0,0,0,0,0
"511","2003-W46",0,0,0,0,0,0,0,0,0,0
"512","2003-W47",0,0,0,0,0,0,0,0,0,0
"513","2003-W48",0,0,0,0,0,0,0,0,0,0
"514","2003-W49",0,0,0,0,0,0,0,0,0,0
"515","2003-W50",0,0,0,0,0,0,0,0,0,0
"516","2003-W51",1,1,0,1,0,4,4,0,4,0
"517","2003-W52",0,0,0,0,0,0,0,0,0,0
"518","2004-W00",0,0,0,0,0,0,0,0,0,0
"519","2004-W01",0,0,0,0,0,0,0,0,0,0
"520","2004-W02",1,0,1,0,1,4,0,4,0,4
"521","2004-W03",0,0,0,0,0,0,0,0,0,0
"522","2004-W04",1,1,0,1,0,11,11,0,11,0
"523","2004-W05",0,0,0,0,0,0,0,0,0,0
"524","2004-W06",0,0,0,0,0,0,0,0,0,0
"525","2004-W07",0,0,0,0,0,0,0,0,0,0
"526","2004-W08",1,1,0,1,0,8,8,0,8,0
"527","2004-W09",0,0,0,0,0,0,0,0,0,0
"528","2004-W10",0,0,0,0,0,0,0,0,0,0
"529","2004-W11",1,1,0,1,0,10,10,0,10,0
"530","2004-W12",0,0,0,0,0,0,0,0,0,0
"531","2004-W13",0,0,0,0,0,0,0,0,0,0
"532","2004-W14",0,0,0,0,0,0,0,0,0,0
"533","2004-W15",1,0,1,0,1,1,0,1,0,1
"534","2004-W16",0,0,0,0,0,0,0,0,0,0
"535","2004-W17",0,0,0,0,0,0,0,0,0,0
"536","2004-W18",0,0,0,0,0,0,0,0,0,0
"537","2004-W19",0,0,0,0,0,0,0,0,0,0
"538","2004-W20",1,0,1,0,1,0,0,0,0,0
"539","2004-W21",0,0,0,0,0,0,0,0,0,0
"540","2004-W22",0,0,0,0,0,0,0,0,0,0
"541","2004-W23",0,0,0,0,0,0,0,0,0,0
"542","2004-W24",0,0,0,0,0,0,0,0,0,0
"543","2004-W25",0,0,0,0,0,0,0,0,0,0
"544","2004-W26",0,0,0,0,0,0,0,0,0,0
"545","2004-W27",0,0,0,0,0,0,0,0,0,0
"546","2004-W28",1,1,0,1,0,1,1,0,1,0
"547","2004-W29",0,0,0,0,0,0,0,0,0,0
"548","2004-W30",0,0,0,0,0,0,0,0,0,0
"549","2004-W31",0,0,0,0,0,0,0,0,0,0
"550","2004-W32",1,0,1,0,1,0,0,0,0,0
"551","2004-W33",0,0,0,0,0,0,0,0,0,0
"552","2004-W34",0,0,0,0,0,0,0,0,0,0
"553","2004-W35",1,1,0,1,0,16,16,0,16,0
"554","2004-W36",0,0,0,0,0,0,0,0,0,0
"555","2004-W37",1,0,1,0,1,0,0,0,0,0
"556","2004-W38",1,1,0,0,1,2,2,0,0,2
"557","2004-W39",0,0,0,0,0,0,0,0,0,0
"558","2004-W40",1,0,0,1,0,12,0,0,12,0
"559","2004-W41",0,0,0,0,0,0,0,0,0,0
"560","2004-W42",0,0,0,0,0,0,0,0,0,0
"561","2004-W43",0,0,0,0,0,0,0,0,0,0
"562","2004-W44",1,1,0,1,0,3,3,0,3,0
"563","2004-W45",0,0,0,0,0,0,0,0,0,0
"564","2004-W46",0,0,0,0,0,0,0,0,0,0
"565","2004-W47",0,0,0,0,0,0,0,0,0,0
"566","2004-W48",0,0,0,0,0,0,0,0,0,0
"567","2004-W49",1,0,1,0,1,1,0,1,0,1
"568","2004-W50",0,0,0,0,0,0,0,0,0,0
"569","2004-W51",0,0,0,0,0,0,0,0,0,0
"570","2004-W52",0,0,0,0,0,0,0,0,0,0
"571","2005-W00",0,0,0,0,0,0,0,0,0,0
"572","2005-W01",0,0,0,0,0,0,0,0,0,0
"573","2005-W02",2,0,2,0,2,7,0,7,0,7
"574","2005-W03",1,0,1,0,1,0,0,0,0,0
"575","2005-W04",0,0,0,0,0,0,0,0,0,0
"576","2005-W05",0,0,0,0,0,0,0,0,0,0
"577","2005-W06",0,0,0,0,0,0,0,0,0,0
"578","2005-W07",0,0,0,0,0,0,0,0,0,0
"579","2005-W08",1,1,0,1,0,5,5,0,5,0
"580","2005-W09",0,0,0,0,0,0,0,0,0,0
"581","2005-W10",0,0,0,0,0,0,0,0,0,0
"582","2005-W11",0,0,0,0,0,0,0,0,0,0
"583","2005-W12",0,0,0,0,0,0,0,0,0,0
"584","2005-W13",0,0,0,0,0,0,0,0,0,0
"585","2005-W14",0,0,0,0,0,0,0,0,0,0
"586","2005-W15",0,0,0,0,0,0,0,0,0,0
"587","2005-W16",0,0,0,0,0,0,0,0,0,0
"588","2005-W17",0,0,0,0,0,0,0,0,0,0
"589","2005-W18",0,0,0,0,0,0,0,0,0,0
"590","2005-W19",0,0,0,0,0,0,0,0,0,0
"591","2005-W20",0,0,0,0,0,0,0,0,0,0
"592","2005-W21",0,0,0,0,0,0,0,0,0,0
"593","2005-W22",0,0,0,0,0,0,0,0,0,0
"594","2005-W23",0,0,0,0,0,0,0,0,0,0
"595","2005-W24",0,0,0,0,0,0,0,0,0,0
"596","2005-W25",0,0,0,0,0,0,0,0,0,0
"597","2005-W26",0,0,0,0,0,0,0,0,0,0
"598","2005-W27",0,0,0,0,0,0,0,0,0,0
"599","2005-W28",1,1,0,1,0,5,5,0,5,0
"600","2005-W29",0,0,0,0,0,0,0,0,0,0
"601","2005-W30",0,0,0,0,0,0,0,0,0,0
"602","2005-W31",0,0,0,0,0,0,0,0,0,0
"603","2005-W32",0,0,0,0,0,0,0,0,0,0
"604","2005-W33",0,0,0,0,0,0,0,0,0,0
"605","2005-W34",0,0,0,0,0,0,0,0,0,0
"606","2005-W35",1,1,0,1,0,0,0,0,0,0
"607","2005-W36",0,0,0,0,0,0,0,0,0,0
"608","2005-W37",0,0,0,0,0,0,0,0,0,0
"609","2005-W38",0,0,0,0,0,0,0,0,0,0
"610","2005-W39",0,0,0,0,0,0,0,0,0,0
"611","2005-W40",0,0,0,0,0,0,0,0,0,0
"612","2005-W41",0,0,0,0,0,0,0,0,0,0
"613","2005-W42",0,0,0,0,0,0,0,0,0,0
"614","2005-W43",1,1,0,1,0,6,6,0,6,0
"615","2005-W44",0,0,0,0,0,0,0,0,0,0
"616","2005-W45",0,0,0,0,0,0,0,0,0,0
"617","2005-W46",0,0,0,0,0,0,0,0,0,0
"618","2005-W47",0,0,0,0,0,0,0,0,0,0
"619","2005-W48",0,0,0,0,0,0,0,0,0,0
"620","2005-W49",1,1,0,1,0,5,5,0,5,0
"621","2005-W50",0,0,0,0,0,0,0,0,0,0
"622","2005-W51",0,0,0,0,0,0,0,0,0,0
"623","2005-W52",1,0,1,0,1,1,0,1,0,1
"624","2006-W01",0,0,0,0,0,0,0,0,0,0
"625","2006-W02",0,0,0,0,0,0,0,0,0,0
"626","2006-W03",1,1,0,1,0,0,0,0,0,0
"627","2006-W04",0,0,0,0,0,0,0,0,0,0
"628","2006-W05",0,0,0,0,0,0,0,0,0,0
"629","2006-W06",0,0,0,0,0,0,0,0,0,0
"630","2006-W07",0,0,0,0,0,0,0,0,0,0
"631","2006-W08",0,0,0,0,0,0,0,0,0,0
"632","2006-W09",0,0,0,0,0,0,0,0,0,0
"633","2006-W10",0,0,0,0,0,0,0,0,0,0
"634","2006-W11",0,0,0,0,0,0,0,0,0,0
"635","2006-W12",0,0,0,0,0,0,0,0,0,0
"636","2006-W13",1,0,1,1,0,4,0,4,4,0
"637","2006-W14",0,0,0,0,0,0,0,0,0,0
"638","2006-W15",0,0,0,0,0,0,0,0,0,0
"639","2006-W16",1,1,0,1,0,11,11,0,11,0
"640","2006-W17",0,0,0,0,0,0,0,0,0,0
"641","2006-W18",0,0,0,0,0,0,0,0,0,0
"642","2006-W19",0,0,0,0,0,0,0,0,0,0
"643","2006-W20",0,0,0,0,0,0,0,0,0,0
"644","2006-W21",0,0,0,0,0,0,0,0,0,0
"645","2006-W22",0,0,0,0,0,0,0,0,0,0
"646","2006-W23",0,0,0,0,0,0,0,0,0,0
"647","2006-W24",0,0,0,0,0,0,0,0,0,0
"648","2006-W25",0,0,0,0,0,0,0,0,0,0
"649","2006-W26",0,0,0,0,0,0,0,0,0,0
"650","2006-W27",0,0,0,0,0,0,0,0,0,0
"651","2006-W28",0,0,0,0,0,0,0,0,0,0
"652","2006-W29",0,0,0,0,0,0,0,0,0,0
"653","2006-W30",0,0,0,0,0,0,0,0,0,0
"654","2006-W31",0,0,0,0,0,0,0,0,0,0
"655","2006-W32",0,0,0,0,0,0,0,0,0,0
"656","2006-W33",0,0,0,0,0,0,0,0,0,0
"657","2006-W34",0,0,0,0,0,0,0,0,0,0
"658","2006-W35",0,0,0,0,0,0,0,0,0,0
"659","2006-W36",0,0,0,0,0,0,0,0,0,0
"660","2006-W37",0,0,0,0,0,0,0,0,0,0
"661","2006-W38",0,0,0,0,0,0,0,0,0,0
"662","2006-W39",0,0,0,0,0,0,0,0,0,0
"663","2006-W40",0,0,0,0,0,0,0,0,0,0
"664","2006-W41",0,0,0,0,0,0,0,0,0,0
"665","2006-W42",0,0,0,0,0,0,0,0,0,0
"666","2006-W43",0,0,0,0,0,0,0,0,0,0
"667","2006-W44",0,0,0,0,0,0,0,0,0,0
"668","2006-W45",0,0,0,0,0,0,0,0,0,0
"669","2006-W46",0,0,0,0,0,0,0,0,0,0
"670","2006-W47",0,0,0,0,0,0,0,0,0,0
"671","2006-W48",0,0,0,0,0,0,0,0,0,0
"672","2006-W49",0,0,0,0,0,0,0,0,0,0
"673","2006-W50",0,0,0,0,0,0,0,0,0,0
"674","2006-W51",0,0,0,0,0,0,0,0,0,0
"675","2006-W52",0,0,0,0,0,0,0,0,0,0
"676","2006-W53",0,0,0,0,0,0,0,0,0,0
"677","2007-W00",0,0,0,0,0,0,0,0,0,0
"678","2007-W01",0,0,0,0,0,0,0,0,0,0
"679","2007-W02",0,0,0,0,0,0,0,0,0,0
"680","2007-W03",0,0,0,0,0,0,0,0,0,0
"681","2007-W04",1,1,0,1,0,3,3,0,3,0
"682","2007-W05",0,0,0,0,0,0,0,0,0,0
"683","2007-W06",0,0,0,0,0,0,0,0,0,0
"684","2007-W07",0,0,0,0,0,0,0,0,0,0
"685","2007-W08",0,0,0,0,0,0,0,0,0,0
"686","2007-W09",0,0,0,0,0,0,0,0,0,0
"687","2007-W10",0,0,0,0,0,0,0,0,0,0
"688","2007-W11",0,0,0,0,0,0,0,0,0,0
"689","2007-W12",0,0,0,0,0,0,0,0,0,0
"690","2007-W13",0,0,0,0,0,0,0,0,0,0
"691","2007-W14",0,0,0,0,0,0,0,0,0,0
"692","2007-W15",0,0,0,0,0,0,0,0,0,0
"693","2007-W16",0,0,0,0,0,0,0,0,0,0
"694","2007-W17",0,0,0,0,0,0,0,0,0,0
"695","2007-W18",0,0,0,0,0,0,0,0,0,0
"696","2007-W19",0,0,0,0,0,0,0,0,0,0
"697","2007-W20",0,0,0,0,0,0,0,0,0,0
"698","2007-W21",0,0,0,0,0,0,0,0,0,0
"699","2007-W22",0,0,0,0,0,0,0,0,0,0
"700","2007-W23",0,0,0,0,0,0,0,0,0,0
"701","2007-W24",0,0,0,0,0,0,0,0,0,0
"702","2007-W25",0,0,0,0,0,0,0,0,0,0
"703","2007-W26",0,0,0,0,0,0,0,0,0,0
"704","2007-W27",0,0,0,0,0,0,0,0,0,0
"705","2007-W28",0,0,0,0,0,0,0,0,0,0
"706","2007-W29",0,0,0,0,0,0,0,0,0,0
"707","2007-W30",0,0,0,0,0,0,0,0,0,0
"708","2007-W31",0,0,0,0,0,0,0,0,0,0
"709","2007-W32",0,0,0,0,0,0,0,0,0,0
"710","2007-W33",0,0,0,0,0,0,0,0,0,0
"711","2007-W34",0,0,0,0,0,0,0,0,0,0
"712","2007-W35",0,0,0,0,0,0,0,0,0,0
"713","2007-W36",0,0,0,0,0,0,0,0,0,0
"714","2007-W37",0,0,0,0,0,0,0,0,0,0
"715","2007-W38",0,0,0,0,0,0,0,0,0,0
"716","2007-W39",0,0,0,0,0,0,0,0,0,0
"717","2007-W40",0,0,0,0,0,0,0,0,0,0
"718","2007-W41",0,0,0,0,0,0,0,0,0,0
"719","2007-W42",0,0,0,0,0,0,0,0,0,0
"720","2007-W43",0,0,0,0,0,0,0,0,0,0
"721","2007-W44",0,0,0,0,0,0,0,0,0,0
"722","2007-W45",0,0,0,0,0,0,0,0,0,0
"723","2007-W46",0,0,0,0,0,0,0,0,0,0
"724","2007-W47",0,0,0,0,0,0,0,0,0,0
"725","2007-W48",0,0,0,0,0,0,0,0,0,0
"726","2007-W49",0,0,0,0,0,0,0,0,0,0
"727","2007-W50",0,0,0,0,0,0,0,0,0,0
"728","2007-W51",0,0,0,0,0,0,0,0,0,0
"729","2007-W52",0,0,0,0,0,0,0,0,0,0
"730","2008-W00",0,0,0,0,0,0,0,0,0,0
"731","2008-W01",0,0,0,0,0,0,0,0,0,0
"732","2008-W02",0,0,0,0,0,0,0,0,0,0
"733","2008-W03",0,0,0,0,0,0,0,0,0,0
"734","2008-W04",0,0,0,0,0,0,0,0,0,0
"735","2008-W05",1,1,0,1,0,1,1,0,1,0
"736","2008-W06",0,0,0,0,0,0,0,0,0,0
"737","2008-W07",0,0,0,0,0,0,0,0,0,0
"738","2008-W08",0,0,0,0,0,0,0,0,0,0
"739","2008-W09",1,1,0,1,0,8,8,0,8,0
"740","2008-W10",0,0,0,0,0,0,0,0,0,0
"741","2008-W11",0,0,0,0,0,0,0,0,0,0
"742","2008-W12",0,0,0,0,0,0,0,0,0,0
"743","2008-W13",0,0,0,0,0,0,0,0,0,0
"744","2008-W14",0,0,0,0,0,0,0,0,0,0
"745","2008-W15",0,0,0,0,0,0,0,0,0,0
"746","2008-W16",0,0,0,0,0,0,0,0,0,0
"747","2008-W17",0,0,0,0,0,0,0,0,0,0
"748","2008-W18",0,0,0,0,0,0,0,0,0,0
"749","2008-W19",1,1,0,1,0,0,0,0,0,0
"750","2008-W20",0,0,0,0,0,0,0,0,0,0
"751","2008-W21",0,0,0,0,0,0,0,0,0,0
"752","2008-W22",0,0,0,0,0,0,0,0,0,0
"753","2008-W23",0,0,0,0,0,0,0,0,0,0
"754","2008-W24",0,0,0,0,0,0,0,0,0,0
"755","2008-W25",0,0,0,0,0,0,0,0,0,0
"756","2008-W26",1,1,0,1,0,3,3,0,3,0
"757","2008-W27",0,0,0,0,0,0,0,0,0,0
"758","2008-W28",0,0,0,0,0,0,0,0,0,0
"759","2008-W29",0,0,0,0,0,0,0,0,0,0
"760","2008-W30",0,0,0,0,0,0,0,0,0,0
"761","2008-W31",0,0,0,0,0,0,0,0,0,0
"762","2008-W32",0,0,0,0,0,0,0,0,0,0
"763","2008-W33",0,0,0,0,0,0,0,0,0,0
"764","2008-W34",0,0,0,0,0,0,0,0,0,0
"765","2008-W35",0,0,0,0,0,0,0,0,0,0
"766","2008-W36",0,0,0,0,0,0,0,0,0,0
"767","2008-W37",0,0,0,0,0,0,0,0,0,0
"768","2008-W38",0,0,0,0,0,0,0,0,0,0
"769","2008-W39",0,0,0,0,0,0,0,0,0,0
"770","2008-W40",0,0,0,0,0,0,0,0,0,0
"771","2008-W41",0,0,0,0,0,0,0,0,0,0
"772","2008-W42",0,0,0,0,0,0,0,0,0,0
"773","2008-W43",0,0,0,0,0,0,0,0,0,0
"774","2008-W44",0,0,0,0,0,0,0,0,0,0
"775","2008-W45",0,0,0,0,0,0,0,0,0,0
"776","2008-W46",0,0,0,0,0,0,0,0,0,0
"777","2008-W47",0,0,0,0,0,0,0,0,0,0
"778","2008-W48",0,0,0,0,0,0,0,0,0,0
"779","2008-W49",0,0,0,0,0,0,0,0,0,0
"780","2008-W50",0,0,0,0,0,0,0,0,0,0
"781","2008-W51",0,0,0,0,0,0,0,0,0,0
"782","2008-W52",0,0,0,0,0,0,0,0,0,0
"783","2009-W00",0,0,0,0,0,0,0,0,0,0
"784","2009-W01",0,0,0,0,0,0,0,0,0,0
"785","2009-W02",0,0,0,0,0,0,0,0,0,0
"786","2009-W03",0,0,0,0,0,0,0,0,0,0
"787","2009-W04",0,0,0,0,0,0,0,0,0,0
"788","2009-W05",0,0,0,0,0,0,0,0,0,0
"789","2009-W06",0,0,0,0,0,0,0,0,0,0
"790","2009-W07",0,0,0,0,0,0,0,0,0,0
"791","2009-W08",0,0,0,0,0,0,0,0,0,0
"792","2009-W09",0,0,0,0,0,0,0,0,0,0
"793","2009-W10",0,0,0,0,0,0,0,0,0,0
"794","2009-W11",0,0,0,0,0,0,0,0,0,0
"795","2009-W12",0,0,0,0,0,0,0,0,0,0
"796","2009-W13",0,0,0,0,0,0,0,0,0,0
"797","2009-W14",0,0,0,0,0,0,0,0,0,0
"798","2009-W15",0,0,0,0,0,0,0,0,0,0
"799","2009-W16",0,0,0,0,0,0,0,0,0,0
"800","2009-W17",0,0,0,0,0,0,0,0,0,0
"801","2009-W18",0,0,0,0,0,0,0,0,0,0
"802","2009-W19",0,0,0,0,0,0,0,0,0,0
"803","2009-W20",0,0,0,0,0,0,0,0,0,0
"804","2009-W21",0,0,0,0,0,0,0,0,0,0
"805","2009-W22",0,0,0,0,0,0,0,0,0,0
"806","2009-W23",0,0,0,0,0,0,0,0,0,0
"807","2009-W24",0,0,0,0,0,0,0,0,0,0
"808","2009-W25",0,0,0,0,0,0,0,0,0,0
"809","2009-W26",0,0,0,0,0,0,0,0,0,0
"810","2009-W27",0,0,0,0,0,0,0,0,0,0
"811","2009-W28",0,0,0,0,0,0,0,0,0,0
"812","2009-W29",0,0,0,0,0,0,0,0,0,0
"813","2009-W30",0,0,0,0,0,0,0,0,0,0
"814","2009-W31",0,0,0,0,0,0,0,0,0,0
"815","2009-W32",0,0,0,0,0,0,0,0,0,0
"816","2009-W33",0,0,0,0,0,0,0,0,0,0
"817","2009-W34",0,0,0,0,0,0,0,0,0,0
"818","2009-W35",0,0,0,0,0,0,0,0,0,0
"819","2009-W36",0,0,0,0,0,0,0,0,0,0
"820","2009-W37",0,0,0,0,0,0,0,0,0,0
"821","2009-W38",0,0,0,0,0,0,0,0,0,0
"822","2009-W39",0,0,0,0,0,0,0,0,0,0
"823","2009-W40",0,0,0,0,0,0,0,0,0,0
"824","2009-W41",0,0,0,0,0,0,0,0,0,0
"825","2009-W42",0,0,0,0,0,0,0,0,0,0
"826","2009-W43",0,0,0,0,0,0,0,0,0,0
"827","2009-W44",0,0,0,0,0,0,0,0,0,0
"828","2009-W45",0,0,0,0,0,0,0,0,0,0
"829","2009-W46",0,0,0,0,0,0,0,0,0,0
"830","2009-W47",0,0,0,0,0,0,0,0,0,0
"831","2009-W48",0,0,0,0,0,0,0,0,0,0
"832","2009-W49",0,0,0,0,0,0,0,0,0,0
"833","2009-W50",0,0,0,0,0,0,0,0,0,0
"834","2009-W51",0,0,0,0,0,0,0,0,0,0
"835","2009-W52",0,0,0,0,0,0,0,0,0,0
"836","2010-W00",0,0,0,0,0,0,0,0,0,0
"837","2010-W01",0,0,0,0,0,0,0,0,0,0
"838","2010-W02",0,0,0,0,0,0,0,0,0,0
"839","2010-W03",0,0,0,0,0,0,0,0,0,0
"840","2010-W04",0,0,0,0,0,0,0,0,0,0
"841","2010-W05",0,0,0,0,0,0,0,0,0,0
"842","2010-W06",0,0,0,0,0,0,0,0,0,0
"843","2010-W07",0,0,0,0,0,0,0,0,0,0
"844","2010-W08",0,0,0,0,0,0,0,0,0,0
"845","2010-W09",0,0,0,0,0,0,0,0,0,0
"846","2010-W10",0,0,0,0,0,0,0,0,0,0
"847","2010-W11",0,0,0,0,0,0,0,0,0,0
"848","2010-W12",0,0,0,0,0,0,0,0,0,0
"849","2010-W13",0,0,0,0,0,0,0,0,0,0
"850","2010-W14",0,0,0,0,0,0,0,0,0,0
"851","2010-W15",0,0,0,0,0,0,0,0,0,0
"852","2010-W16",0,0,0,0,0,0,0,0,0,0
"853","2010-W17",0,0,0,0,0,0,0,0,0,0
"854","2010-W18",0,0,0,0,0,0,0,0,0,0
"855","2010-W19",0,0,0,0,0,0,0,0,0,0
"856","2010-W20",0,0,0,0,0,0,0,0,0,0
"857","2010-W21",0,0,0,0,0,0,0,0,0,0
"858","2010-W22",0,0,0,0,0,0,0,0,0,0
"859","2010-W23",0,0,0,0,0,0,0,0,0,0
"860","2010-W24",0,0,0,0,0,0,0,0,0,0
"861","2010-W25",0,0,0,0,0,0,0,0,0,0
"862","2010-W26",0,0,0,0,0,0,0,0,0,0
"863","2010-W27",0,0,0,0,0,0,0,0,0,0
"864","2010-W28",0,0,0,0,0,0,0,0,0,0
"865","2010-W29",0,0,0,0,0,0,0,0,0,0
"866","2010-W30",0,0,0,0,0,0,0,0,0,0
"867","2010-W31",0,0,0,0,0,0,0,0,0,0
"868","2010-W32",0,0,0,0,0,0,0,0,0,0
"869","2010-W33",0,0,0,0,0,0,0,0,0,0
"870","2010-W34",0,0,0,0,0,0,0,0,0,0
"871","2010-W35",0,0,0,0,0,0,0,0,0,0
"872","2010-W36",0,0,0,0,0,0,0,0,0,0
"873","2010-W37",0,0,0,0,0,0,0,0,0,0
"874","2010-W38",0,0,0,0,0,0,0,0,0,0
"875","2010-W39",0,0,0,0,0,0,0,0,0,0
"876","2010-W40",0,0,0,0,0,0,0,0,0,0
"877","2010-W41",0,0,0,0,0,0,0,0,0,0
"878","2010-W42",0,0,0,0,0,0,0,0,0,0
"879","2010-W43",0,0,0,0,0,0,0,0,0,0
"880","2010-W44",0,0,0,0,0,0,0,0,0,0
"881","2010-W45",0,0,0,0,0,0,0,0,0,0
"882","2010-W46",0,0,0,0,0,0,0,0,0,0
"883","2010-W47",0,0,0,0,0,0,0,0,0,0
"884","2010-W48",0,0,0,0,0,0,0,0,0,0
"885","2010-W49",0,0,0,0,0,0,0,0,0,0
"886","2010-W50",0,0,0,0,0,0,0,0,0,0
"887","2010-W51",0,0,0,0,0,0,0,0,0,0
"888","2010-W52",0,0,0,0,0,0,0,0,0,0
"889","2011-W00",0,0,0,0,0,0,0,0,0,0
"890","2011-W01",0,0,0,0,0,0,0,0,0,0
"891","2011-W02",0,0,0,0,0,0,0,0,0,0
"892","2011-W03",0,0,0,0,0,0,0,0,0,0
"893","2011-W04",0,0,0,0,0,0,0,0,0,0
"894","2011-W05",0,0,0,0,0,0,0,0,0,0
"895","2011-W06",0,0,0,0,0,0,0,0,0,0
"896","2011-W07",0,0,0,0,0,0,0,0,0,0
"897","2011-W08",0,0,0,0,0,0,0,0,0,0
"898","2011-W09",0,0,0,0,0,0,0,0,0,0
"899","2011-W10",0,0,0,0,0,0,0,0,0,0
"900","2011-W11",0,0,0,0,0,0,0,0,0,0
"901","2011-W12",1,1,0,1,0,1,1,0,1,0
"902","2011-W13",0,0,0,0,0,0,0,0,0,0
"903","2011-W14",0,0,0,0,0,0,0,0,0,0
"904","2011-W15",0,0,0,0,0,0,0,0,0,0
"905","2011-W16",0,0,0,0,0,0,0,0,0,0
"906","2011-W17",0,0,0,0,0,0,0,0,0,0
"907","2011-W18",0,0,0,0,0,0,0,0,0,0
"908","2011-W19",0,0,0,0,0,0,0,0,0,0
"909","2011-W20",0,0,0,0,0,0,0,0,0,0
"910","2011-W21",0,0,0,0,0,0,0,0,0,0
"911","2011-W22",0,0,0,0,0,0,0,0,0,0
"912","2011-W23",0,0,0,0,0,0,0,0,0,0
"913","2011-W24",0,0,0,0,0,0,0,0,0,0
"914","2011-W25",0,0,0,0,0,0,0,0,0,0
"915","2011-W26",0,0,0,0,0,0,0,0,0,0
"916","2011-W27",0,0,0,0,0,0,0,0,0,0
"917","2011-W28",0,0,0,0,0,0,0,0,0,0
"918","2011-W29",0,0,0,0,0,0,0,0,0,0
"919","2011-W30",0,0,0,0,0,0,0,0,0,0
"920","2011-W31",0,0,0,0,0,0,0,0,0,0
"921","2011-W32",0,0,0,0,0,0,0,0,0,0
"922","2011-W33",1,1,0,1,0,3,3,0,3,0
"923","2011-W34",0,0,0,0,0,0,0,0,0,0
"924","2011-W35",0,0,0,0,0,0,0,0,0,0
"925","2011-W36",0,0,0,0,0,0,0,0,0,0
"926","2011-W37",0,0,0,0,0,0,0,0,0,0
"927","2011-W38",0,0,0,0,0,0,0,0,0,0
"928","2011-W39",0,0,0,0,0,0,0,0,0,0
"929","2011-W40",0,0,0,0,0,0,0,0,0,0
"930","2011-W41",0,0,0,0,0,0,0,0,0,0
"931","2011-W42",0,0,0,0,0,0,0,0,0,0
"932","2011-W43",0,0,0,0,0,0,0,0,0,0
"933","2011-W44",0,0,0,0,0,0,0,0,0,0
"934","2011-W45",0,0,0,0,0,0,0,0,0,0
"935","2011-W46",0,0,0,0,0,0,0,0,0,0
"936","2011-W47",0,0,0,0,0,0,0,0,0,0
"937","2011-W48",0,0,0,0,0,0,0,0,0,0
"938","2011-W49",0,0,0,0,0,0,0,0,0,0
"939","2011-W50",0,0,0,0,0,0,0,0,0,0
"940","2011-W51",0,0,0,0,0,0,0,0,0,0
"941","2011-W52",0,0,0,0,0,0,0,0,0,0
"942","2012-W01",0,0,0,0,0,0,0,0,0,0
"943","2012-W02",0,0,0,0,0,0,0,0,0,0
"944","2012-W03",0,0,0,0,0,0,0,0,0,0
"945","2012-W04",0,0,0,0,0,0,0,0,0,0
"946","2012-W05",0,0,0,0,0,0,0,0,0,0
"947","2012-W06",0,0,0,0,0,0,0,0,0,0
"948","2012-W07",0,0,0,0,0,0,0,0,0,0
"949","2012-W08",0,0,0,0,0,0,0,0,0,0
"950","2012-W09",0,0,0,0,0,0,0,0,0,0
"951","2012-W10",0,0,0,0,0,0,0,0,0,0
"952","2012-W11",0,0,0,0,0,0,0,0,0,0
"953","2012-W12",0,0,0,0,0,0,0,0,0,0
"954","2012-W13",0,0,0,0,0,0,0,0,0,0
"955","2012-W14",0,0,0,0,0,0,0,0,0,0
"956","2012-W15",0,0,0,0,0,0,0,0,0,0
"957","2012-W16",0,0,0,0,0,0,0,0,0,0
"958","2012-W17",0,0,0,0,0,0,0,0,0,0
"959","2012-W18",0,0,0,0,0,0,0,0,0,0
"960","2012-W19",0,0,0,0,0,0,0,0,0,0
"961","2012-W20",0,0,0,0,0,0,0,0,0,0
"962","2012-W21",0,0,0,0,0,0,0,0,0,0
"963","2012-W22",0,0,0,0,0,0,0,0,0,0
"964","2012-W23",0,0,0,0,0,0,0,0,0,0
"965","2012-W24",0,0,0,0,0,0,0,0,0,0
"966","2012-W25",0,0,0,0,0,0,0,0,0,0
"967","2012-W26",0,0,0,0,0,0,0,0,0,0
"968","2012-W27",0,0,0,0,0,0,0,0,0,0
"969","2012-W28",0,0,0,0,0,0,0,0,0,0
"970","2012-W29",1,0,0,0,0,6,0,0,0,0
"971","2012-W30",0,0,0,0,0,0,0,0,0,0
"972","2012-W31",0,0,0,0,0,0,0,0,0,0
"973","2012-W32",0,0,0,0,0,0,0,0,0,0
"974","2012-W33",0,0,0,0,0,0,0,0,0,0
"975","2012-W34",0,0,0,0,0,0,0,0,0,0
"976","2012-W35",0,0,0,0,0,0,0,0,0,0
"977","2012-W36",0,0,0,0,0,0,0,0,0,0
"978","2012-W37",0,0,0,0,0,0,0,0,0,0
"979","2012-W38",0,0,0,0,0,0,0,0,0,0
"980","2012-W39",0,0,0,0,0,0,0,0,0,0
"981","2012-W40",0,0,0,0,0,0,0,0,0,0
"982","2012-W41",0,0,0,0,0,0,0,0,0,0
"983","2012-W42",0,0,0,0,0,0,0,0,0,0
"984","2012-W43",0,0,0,0,0,0,0,0,0,0
"985","2012-W44",0,0,0,0,0,0,0,0,0,0
"986","2012-W45",0,0,0,0,0,0,0,0,0,0
"987","2012-W46",0,0,0,0,0,0,0,0,0,0
"988","2012-W47",1,1,0,1,0,0,0,0,0,0
"989","2012-W48",0,0,0,0,0,0,0,0,0,0
"990","2012-W49",0,0,0,0,0,0,0,0,0,0
"991","2012-W50",0,0,0,0,0,0,0,0,0,0
"992","2012-W51",0,0,0,0,0,0,0,0,0,0
"993","2012-W52",0,0,0,0,0,0,0,0,0,0
"994","2012-W53",0,0,0,0,0,0,0,0,0,0
"995","2013-W00",0,0,0,0,0,0,0,0,0,0
"996","2013-W01",0,0,0,0,0,0,0,0,0,0
"997","2013-W02",0,0,0,0,0,0,0,0,0,0
"998","2013-W03",0,0,0,0,0,0,0,0,0,0
"999","2013-W04",0,0,0,0,0,0,0,0,0,0
"1000","2013-W05",0,0,0,0,0,0,0,0,0,0
"1001","2013-W06",0,0,0,0,0,0,0,0,0,0
"1002","2013-W07",0,0,0,0,0,0,0,0,0,0
"1003","2013-W08",0,0,0,0,0,0,0,0,0,0
"1004","2013-W09",0,0,0,0,0,0,0,0,0,0
"1005","2013-W10",0,0,0,0,0,0,0,0,0,0
"1006","2013-W11",0,0,0,0,0,0,0,0,0,0
"1007","2013-W12",0,0,0,0,0,0,0,0,0,0
"1008","2013-W13",0,0,0,0,0,0,0,0,0,0
"1009","2013-W14",0,0,0,0,0,0,0,0,0,0
"1010","2013-W15",0,0,0,0,0,0,0,0,0,0
"1011","2013-W16",0,0,0,0,0,0,0,0,0,0
"1012","2013-W17",0,0,0,0,0,0,0,0,0,0
"1013","2013-W18",0,0,0,0,0,0,0,0,0,0
"1014","2013-W19",0,0,0,0,0,0,0,0,0,0
"1015","2013-W20",0,0,0,0,0,0,0,0,0,0
"1016","2013-W21",0,0,0,0,0,0,0,0,0,0
"1017","2013-W22",0,0,0,0,0,0,0,0,0,0
"1018","2013-W23",0,0,0,0,0,0,0,0,0,0
"1019","2013-W24",0,0,0,0,0,0,0,0,0,0
"1020","2013-W25",0,0,0,0,0,0,0,0,0,0
"1021","2013-W26",0,0,0,0,0,0,0,0,0,0
"1022","2013-W27",0,0,0,0,0,0,0,0,0,0
"1023","2013-W28",0,0,0,0,0,0,0,0,0,0
"1024","2013-W29",0,0,0,0,0,0,0,0,0,0
"1025","2013-W30",0,0,0,0,0,0,0,0,0,0
"1026","2013-W31",0,0,0,0,0,0,0,0,0,0
"1027","2013-W32",0,0,0,0,0,0,0,0,0,0
"1028","2013-W33",0,0,0,0,0,0,0,0,0,0
"1029","2013-W34",0,0,0,0,0,0,0,0,0,0
"1030","2013-W35",0,0,0,0,0,0,0,0,0,0
"1031","2013-W36",0,0,0,0,0,0,0,0,0,0
"1032","2013-W37",0,0,0,0,0,0,0,0,0,0
"1033","2013-W38",0,0,0,0,0,0,0,0,0,0
"1034","2013-W39",0,0,0,0,0,0,0,0,0,0
"1035","2013-W40",0,0,0,0,0,0,0,0,0,0
"1036","2013-W41",0,0,0,0,0,0,0,0,0,0
"1037","2013-W42",0,0,0,0,0,0,0,0,0,0
"1038","2013-W43",0,0,0,0,0,0,0,0,0,0
"1039","2013-W44",0,0,0,0,0,0,0,0,0,0
"1040","2013-W45",0,0,0,0,0,0,0,0,0,0
"1041","2013-W46",0,0,0,0,0,0,0,0,0,0
"1042","2013-W47",0,0,0,0,0,0,0,0,0,0
"1043","2013-W48",0,0,0,0,0,0,0,0,0,0
"1044","2013-W49",0,0,0,0,0,0,0,0,0,0
"1045","2013-W50",0,0,0,0,0,0,0,0,0,0
"1046","2013-W51",0,0,0,0,0,0,0,0,0,0
"1047","2013-W52",0,0,0,0,0,0,0,0,0,0
"1048","2014-W00",0,0,0,0,0,0,0,0,0,0
"1049","2014-W01",0,0,0,0,0,0,0,0,0,0
"1050","2014-W02",0,0,0,0,0,0,0,0,0,0
"1051","2014-W03",0,0,0,0,0,0,0,0,0,0
"1052","2014-W04",0,0,0,0,0,0,0,0,0,0
"1053","2014-W05",0,0,0,0,0,0,0,0,0,0
"1054","2014-W06",0,0,0,0,0,0,0,0,0,0
"1055","2014-W07",0,0,0,0,0,0,0,0,0,0
"1056","2014-W08",0,0,0,0,0,0,0,0,0,0
"1057","2014-W09",0,0,0,0,0,0,0,0,0,0
"1058","2014-W10",0,0,0,0,0,0,0,0,0,0
"1059","2014-W11",0,0,0,0,0,0,0,0,0,0
"1060","2014-W12",0,0,0,0,0,0,0,0,0,0
"1061","2014-W13",0,0,0,0,0,0,0,0,0,0
"1062","2014-W14",0,0,0,0,0,0,0,0,0,0
"1063","2014-W15",0,0,0,0,0,0,0,0,0,0
"1064","2014-W16",0,0,0,0,0,0,0,0,0,0
"1065","2014-W17",0,0,0,0,0,0,0,0,0,0
"1066","2014-W18",0,0,0,0,0,0,0,0,0,0
"1067","2014-W19",0,0,0,0,0,0,0,0,0,0
"1068","2014-W20",0,0,0,0,0,0,0,0,0,0
"1069","2014-W21",0,0,0,0,0,0,0,0,0,0
"1070","2014-W22",0,0,0,0,0,0,0,0,0,0
"1071","2014-W23",0,0,0,0,0,0,0,0,0,0
"1072","2014-W24",0,0,0,0,0,0,0,0,0,0
"1073","2014-W25",0,0,0,0,0,0,0,0,0,0
"1074","2014-W26",0,0,0,0,0,0,0,0,0,0
"1075","2014-W27",0,0,0,0,0,0,0,0,0,0
"1076","2014-W28",0,0,0,0,0,0,0,0,0,0
"1077","2014-W29",0,0,0,0,0,0,0,0,0,0
"1078","2014-W30",0,0,0,0,0,0,0,0,0,0
"1079","2014-W31",0,0,0,0,0,0,0,0,0,0
"1080","2014-W32",0,0,0,0,0,0,0,0,0,0
"1081","2014-W33",0,0,0,0,0,0,0,0,0,0
"1082","2014-W34",0,0,0,0,0,0,0,0,0,0
"1083","2014-W35",0,0,0,0,0,0,0,0,0,0
"1084","2014-W36",0,0,0,0,0,0,0,0,0,0
"1085","2014-W37",0,0,0,0,0,0,0,0,0,0
"1086","2014-W38",0,0,0,0,0,0,0,0,0,0
"1087","2014-W39",0,0,0,0,0,0,0,0,0,0
"1088","2014-W40",0,0,0,0,0,0,0,0,0,0
"1089","2014-W41",0,0,0,0,0,0,0,0,0,0
"1090","2014-W42",0,0,0,0,0,0,0,0,0,0
"1091","2014-W43",0,0,0,0,0,0,0,0,0,0
"1092","2014-W44",0,0,0,0,0,0,0,0,0,0
"1093","2014-W45",0,0,0,0,0,0,0,0,0,0
"1094","2014-W46",0,0,0,0,0,0,0,0,0,0
"1095","2014-W47",0,0,0,0,0,0,0,0,0,0
"1096","2014-W48",0,0,0,0,0,0,0,0,0,0
"1097","2014-W49",0,0,0,0,0,0,0,0,0,0
"1098","2014-W50",0,0,0,0,0,0,0,0,0,0
"1099","2014-W51",0,0,0,0,0,0,0,0,0,0
"1100","2014-W52",0,0,0,0,0,0,0,0,0,0
"1101","2015-W00",0,0,0,0,0,0,0,0,0,0
"1102","2015-W01",0,0,0,0,0,0,0,0,0,0
"1103","2015-W02",0,0,0,0,0,0,0,0,0,0
"1104","2015-W03",0,0,0,0,0,0,0,0,0,0
"1105","2015-W04",0,0,0,0,0,0,0,0,0,0
"1106","2015-W05",0,0,0,0,0,0,0,0,0,0
"1107","2015-W06",0,0,0,0,0,0,0,0,0,0
"1108","2015-W07",0,0,0,0,0,0,0,0,0,0
"1109","2015-W08",0,0,0,0,0,0,0,0,0,0
"1110","2015-W09",0,0,0,0,0,0,0,0,0,0
"1111","2015-W10",0,0,0,0,0,0,0,0,0,0
"1112","2015-W11",0,0,0,0,0,0,0,0,0,0
"1113","2015-W12",0,0,0,0,0,0,0,0,0,0
"1114","2015-W13",0,0,0,0,0,0,0,0,0,0
"1115","2015-W14",0,0,0,0,0,0,0,0,0,0
"1116","2015-W15",0,0,0,0,0,0,0,0,0,0
"1117","2015-W16",0,0,0,0,0,0,0,0,0,0
"1118","2015-W17",0,0,0,0,0,0,0,0,0,0
"1119","2015-W18",0,0,0,0,0,0,0,0,0,0
"1120","2015-W19",0,0,0,0,0,0,0,0,0,0
"1121","2015-W20",0,0,0,0,0,0,0,0,0,0
"1122","2015-W21",0,0,0,0,0,0,0,0,0,0
"1123","2015-W22",0,0,0,0,0,0,0,0,0,0
"1124","2015-W23",0,0,0,0,0,0,0,0,0,0
"1125","2015-W24",0,0,0,0,0,0,0,0,0,0
"1126","2015-W25",0,0,0,0,0,0,0,0,0,0
"1127","2015-W26",0,0,0,0,0,0,0,0,0,0
"1128","2015-W27",0,0,0,0,0,0,0,0,0,0
"1129","2015-W28",0,0,0,0,0,0,0,0,0,0
"1130","2015-W29",0,0,0,0,0,0,0,0,0,0
"1131","2015-W30",0,0,0,0,0,0,0,0,0,0
"1132","2015-W31",0,0,0,0,0,0,0,0,0,0
"1133","2015-W32",0,0,0,0,0,0,0,0,0,0
"1134","2015-W33",0,0,0,0,0,0,0,0,0,0
"1135","2015-W34",0,0,0,0,0,0,0,0,0,0
"1136","2015-W35",0,0,0,0,0,0,0,0,0,0
"1137","2015-W36",0,0,0,0,0,0,0,0,0,0
"1138","2015-W37",0,0,0,0,0,0,0,0,0,0
"1139","2015-W38",0,0,0,0,0,0,0,0,0,0
"1140","2015-W39",0,0,0,0,0,0,0,0,0,0
"1141","2015-W40",0,0,0,0,0,0,0,0,0,0
"1142","2015-W41",1,0,1,0,1,0,0,0,0,0
"1143","2015-W42",0,0,0,0,0,0,0,0,0,0
"1144","2015-W43",0,0,0,0,0,0,0,0,0,0
"1145","2015-W44",0,0,0,0,0,0,0,0,0,0
"1146","2015-W45",0,0,0,0,0,0,0,0,0,0
"1147","2015-W46",0,0,0,0,0,0,0,0,0,0
"1148","2015-W47",0,0,0,0,0,0,0,0,0,0
"1149","2015-W48",0,0,0,0,0,0,0,0,0,0
"1150","2015-W49",0,0,0,0,0,0,0,0,0,0
"1151","2015-W50",0,0,0,0,0,0,0,0,0,0
"1152","2015-W51",0,0,0,0,0,0,0,0,0,0
"1153","2015-W52",0,0,0,0,0,0,0,0,0,0
"1154","2016-W00",0,0,0,0,0,0,0,0,0,0
"1155","2016-W01",0,0,0,0,0,0,0,0,0,0
"1156","2016-W02",0,0,0,0,0,0,0,0,0,0
"1157","2016-W03",0,0,0,0,0,0,0,0,0,0
"1158","2016-W04",0,0,0,0,0,0,0,0,0,0
"1159","2016-W05",0,0,0,0,0,0,0,0,0,0
"1160","2016-W06",0,0,0,0,0,0,0,0,0,0
"1161","2016-W07",0,0,0,0,0,0,0,0,0,0
"1162","2016-W08",0,0,0,0,0,0,0,0,0,0
"1163","2016-W09",0,0,0,0,0,0,0,0,0,0
"1164","2016-W10",0,0,0,0,0,0,0,0,0,0
"1165","2016-W11",0,0,0,0,0,0,0,0,0,0
"1166","2016-W12",0,0,0,0,0,0,0,0,0,0
"1167","2016-W13",0,0,0,0,0,0,0,0,0,0
"1168","2016-W14",0,0,0,0,0,0,0,0,0,0
"1169","2016-W15",0,0,0,0,0,0,0,0,0,0
"1170","2016-W16",1,1,0,1,0,0,0,0,0,0
