"","yearweek","mean(temperature)","mean(humidity)"
"1","1994-W13",14.7,78.0625
"2","1994-W14",18.0803571428571,64.5178571428571
"3","1994-W15",18.9071428571429,65.0357142857143
"4","1994-W16",25.1107142857143,49.4285714285714
"5","1994-W17",19.2357142857143,68.0892857142857
"6","1994-W18",19.3446428571429,64.2142857142857
"7","1994-W19",20.6854545454545,61.5090909090909
"8","1994-W20",22.1,66.375
"9","1994-W21",23.9928571428571,63.9821428571429
"10","1994-W22",23.2267857142857,69.9642857142857
"11","1994-W23",23.7482142857143,61.2857142857143
"12","1994-W24",23.7910714285714,67.625
"13","1994-W25",24.8285714285714,69.6071428571429
"14","1994-W26",24.6607142857143,67.8928571428571
"15","1994-W27",25.5535714285714,73.1785714285714
"16","1994-W28",26.05,67.5357142857143
"17","1994-W29",25.9696428571429,71.7142857142857
"18","1994-W30",26.3178571428571,66.875
"19","1994-W31",25.8339285714286,67.6428571428571
"20","1994-W32",25.9696428571429,71.875
"21","1994-W33",26.7107142857143,72.5
"22","1994-W34",26.25,74.375
"23","1994-W35",26.5142857142857,70.8214285714286
"24","1994-W36",26.4607142857143,71.4642857142857
"25","1994-W37",27.5089285714286,69.4107142857143
"26","1994-W38",26.5321428571429,72.7678571428571
"27","1994-W39",25.5571428571429,69.8035714285714
"28","1994-W40",27.2589285714286,67.3571428571429
"29","1994-W41",27.3071428571429,53.8571428571429
"30","1994-W42",22.9196428571429,75.5535714285714
"31","1994-W43",23.8482142857143,69.9464285714286
"32","1994-W44",22.4946428571429,69.1428571428571
"33","1994-W45",17.6642857142857,60.5178571428571
"34","1994-W46",16.9727272727273,79.5090909090909
"35","1994-W47",15.9267857142857,67.4285714285714
"36","1994-W48",13.2839285714286,76
"37","1994-W49",10.9125,65.1785714285714
"38","1994-W50",13.0482142857143,72.0178571428571
"39","1994-W51",12.15,71.0357142857143
"40","1994-W52",13.15,73.875
"41","1995-W01",13.1910714285714,81.6964285714286
"42","1995-W02",12.275,75.5714285714286
"43","1995-W03",11.4285714285714,78.6428571428571
"44","1995-W04",11.9517857142857,79.5357142857143
"45","1995-W05",12.8714285714286,80
"46","1995-W06",11.5910714285714,78.1071428571429
"47","1995-W07",14.3446428571429,70.5178571428571
"48","1995-W08",13.0785714285714,80.6428571428571
"49","1995-W09",15.1,70.0178571428571
"50","1995-W10",15.0035714285714,73.8035714285714
"51","1995-W11",15.6767857142857,67.9642857142857
"52","1995-W12",15.4660714285714,75
"53","1995-W13",15.4232142857143,69.0892857142857
"54","1995-W14",14.7178571428571,71.8214285714286
"55","1995-W15",17.2535714285714,63.6607142857143
"56","1995-W16",17.5125,66
"57","1995-W17",18.7178571428571,72.6071428571429
"58","1995-W18",18.3553571428571,73.25
"59","1995-W19",18.1089285714286,72.7321428571429
"60","1995-W20",21.1357142857143,71.9107142857143
"61","1995-W21",23.6089285714286,73.7321428571429
"62","1995-W22",23.0535714285714,74.2142857142857
"63","1995-W23",23.7803571428571,72.5714285714286
"64","1995-W24",25.2928571428571,66.7678571428571
"65","1995-W25",25.5071428571429,72.2857142857143
"66","1995-W26",26.7428571428571,68.3571428571429
"67","1995-W27",27.1517857142857,69.625
"68","1995-W28",26.0464285714286,69.8571428571429
"69","1995-W29",26.5410714285714,72.6785714285714
"70","1995-W30",26.7571428571429,74.2142857142857
"71","1995-W31",27.0839285714286,73.0178571428571
"72","1995-W32",27.0607142857143,70.8571428571429
"73","1995-W33",27.2392857142857,70.6785714285714
"74","1995-W34",26.9732142857143,69.8928571428571
"75","1995-W35",27.2625,69.75
"76","1995-W36",26.1446428571429,66.5714285714286
"77","1995-W37",25.9625,72.8035714285714
"78","1995-W38",25.1303571428571,66.1071428571429
"79","1995-W39",25.4642857142857,68.1964285714286
"80","1995-W40",22.7232142857143,64.2678571428571
"81","1995-W41",21.2714285714286,69.7142857142857
"82","1995-W42",21.2857142857143,72.1964285714286
"83","1995-W43",23.3678571428571,62.2678571428571
"84","1995-W44",20.1571428571429,66.7857142857143
"85","1995-W45",18.15,63.1428571428571
"86","1995-W46",16.4571428571429,61.2857142857143
"87","1995-W47",15.4517857142857,69.1428571428571
"88","1995-W48",13.3660714285714,60.3035714285714
"89","1995-W49",14.4053571428571,77.8214285714286
"90","1995-W50",12.0839285714286,81.6428571428571
"91","1995-W51",12.8517857142857,74.0714285714286
"92","1995-W52",12.4678571428571,81.8035714285714
"93","1995-W53",13.625,85.25
"94","1996-W00",14.55,74.4375
"95","1996-W01",12.3071428571429,80.2142857142857
"96","1996-W02",10.1892857142857,83.8928571428571
"97","1996-W03",12.2142857142857,72.625
"98","1996-W04",14.3267857142857,78.8928571428571
"99","1996-W05",15.2125,66.7857142857143
"100","1996-W06",13.625,80.7678571428571
"101","1996-W07",13.7517857142857,77.6607142857143
"102","1996-W08",13.7107142857143,74.1607142857143
"103","1996-W09",13.8767857142857,71.1607142857143
"104","1996-W10",15.3732142857143,75.6964285714286
"105","1996-W11",14.5553571428571,74.8928571428571
"106","1996-W12",15.5053571428571,76.3571428571429
"107","1996-W13",16.7928571428571,75.9285714285714
"108","1996-W14",16.7,70.8392857142857
"109","1996-W15",17.2071428571429,66.4107142857143
"110","1996-W16",16.4964285714286,67.5714285714286
"111","1996-W17",22.2160714285714,64.2142857142857
"112","1996-W18",22.0214285714286,68.9464285714286
"113","1996-W19",22.1517857142857,64.5714285714286
"114","1996-W20",22.0982142857143,75.625
"115","1996-W21",22.2607142857143,71.5892857142857
"116","1996-W22",23.025,72.3571428571429
"117","1996-W23",24.0875,75.0535714285714
"118","1996-W24",23.9303571428571,70.0178571428571
"119","1996-W25",25.2660714285714,72.375
"120","1996-W26",25.8857142857143,70.4285714285714
"121","1996-W27",26.3464285714286,71.1428571428571
"122","1996-W28",26.6571428571429,71.9107142857143
"123","1996-W29",26.8035714285714,71.8214285714286
"124","1996-W30",27.2267857142857,73.7321428571429
"125","1996-W31",26.6678571428571,74.7678571428571
"126","1996-W32",27.3982142857143,74.9107142857143
"127","1996-W33",26.2821428571429,69.0357142857143
"128","1996-W34",26.3410714285714,70.6785714285714
"129","1996-W35",27.1232142857143,67.2857142857143
"130","1996-W36",25.3017857142857,67.75
"131","1996-W37",25.7214285714286,64.3214285714286
"132","1996-W38",25.1142857142857,70.875
"133","1996-W39",23.6357142857143,69.8392857142857
"134","1996-W40",23.6535714285714,65.0892857142857
"135","1996-W41",23.4678571428571,54.1785714285714
"136","1996-W42",21.3946428571429,68.4821428571429
"137","1996-W43",17.9178571428571,71.9464285714286
"138","1996-W44",18.1767857142857,75.8214285714286
"139","1996-W45",21.2964285714286,41.0892857142857
"140","1996-W46",19.7821428571429,77.6607142857143
"141","1996-W47",18.1714285714286,77.2142857142857
"142","1996-W48",16.8357142857143,71.1071428571429
"143","1996-W49",14.7142857142857,80.8392857142857
"144","1996-W50",14.5660714285714,76.5892857142857
"145","1996-W51",15.2928571428571,73.7678571428571
"146","1996-W52",13.2083333333333,76.7083333333333
"147","1997-W00",12.590625,78.90625
"148","1997-W01",14.8285714285714,71.4107142857143
"149","1997-W02",14.1,75.9642857142857
"150","1997-W03",11.7142857142857,77.3392857142857
"151","1997-W04",11.4285714285714,76.0178571428571
"152","1997-W05",9.59636363636364,61.3090909090909
"153","1997-W06",10.2660714285714,71.0714285714286
"154","1997-W07",13.5446428571429,76.6607142857143
"155","1997-W08",12.6607142857143,71.4107142857143
"156","1997-W09",13.1267857142857,76.6964285714286
"157","1997-W10",13.6732142857143,70.2678571428571
"158","1997-W11",14.5214285714286,72.0178571428571
"159","1997-W12",12.8589285714286,66.7142857142857
"160","1997-W13",16.4846153846154,66.6923076923077
"161","1997-W14",13.4339285714286,58.6071428571429
"162","1997-W15",17.0160714285714,61.9285714285714
"163","1997-W16",21.1339285714286,62.8571428571429
"164","1997-W17",18.3571428571429,64.1964285714286
"165","1997-W18",19.475,73.2142857142857
"166","1997-W19",21.85,76.2321428571429
"167","1997-W20",22.1428571428571,68.625
"168","1997-W21",22.2375,72.5892857142857
"169","1997-W22",22.4982142857143,67.9107142857143
"170","1997-W23",24.3660714285714,67.2678571428571
"171","1997-W24",25.2428571428571,71.25
"172","1997-W25",25.8125,70.6607142857143
"173","1997-W26",26.3125,74.875
"174","1997-W27",26.7785714285714,68.4464285714286
"175","1997-W28",26.825,68.6607142857143
"176","1997-W29",26.9857142857143,72.75
"177","1997-W30",26.6446428571429,66.5535714285714
"178","1997-W31",26.3946428571429,70
"179","1997-W32",26.5446428571429,68.1071428571429
"180","1997-W33",25.9464285714286,66.4821428571429
"181","1997-W34",25.4267857142857,67.75
"182","1997-W35",25.4053571428571,66.5892857142857
"183","1997-W36",24.5392857142857,70.7678571428571
"184","1997-W37",24.9482142857143,68.3214285714286
"185","1997-W38",24.4767857142857,62.7142857142857
"186","1997-W39",22.5830188679245,65.9811320754717
"187","1997-W40",22.8089285714286,72.5535714285714
"188","1997-W41",24.6660714285714,68.3214285714286
"189","1997-W42",19.8696428571429,69.8214285714286
"190","1997-W43",21.9928571428571,75.9642857142857
"191","1997-W44",19.9803571428571,70.375
"192","1997-W45",19.1196428571429,68.25
"193","1997-W46",18.2254545454545,74.7454545454545
"194","1997-W47",17.7767857142857,67.5
"195","1997-W48",15.3916666666667,78.9583333333333
"196","1997-W49",15.7410714285714,74.7321428571429
"197","1997-W50",14.5018181818182,77.2181818181818
"198","1997-W51",13.4625,78.6428571428571
"199","1997-W52",14.403125,70.5625
"200","1998-W00",11.5,71.0833333333333
"201","1998-W01",12.9803571428571,79.1428571428571
"202","1998-W02",11.9785714285714,76.8392857142857
"203","1998-W03",13.3145454545455,72.4909090909091
"204","1998-W04",13.2571428571429,77.3928571428571
"205","1998-W05",14.8285714285714,71.5
"206","1998-W06",12.9160714285714,76.2678571428571
"207","1998-W07",13.2303571428571,72.3571428571429
"208","1998-W08",13.6696428571429,71.75
"209","1998-W09",14.1232142857143,75.5357142857143
"210","1998-W10",15.1232142857143,67.1428571428571
"211","1998-W11",14.1339285714286,67.6607142857143
"212","1998-W12",15.4563636363636,57.0727272727273
"213","1998-W13",15.05,70.2592592592593
"214","1998-W14",18.52,71.2727272727273
"215","1998-W15",26.0464285714286,50.3214285714286
"216","1998-W16",18.3482142857143,64.2321428571429
"217","1998-W17",18.8017857142857,66.3392857142857
"218","1998-W18",24.6321428571429,59.9464285714286
"219","1998-W19",19.8982142857143,71.4642857142857
"220","1998-W20",21.4910714285714,62.3214285714286
"221","1998-W21",21.8142857142857,71.1964285714286
"222","1998-W22",22.3678571428571,72.6428571428571
"223","1998-W23",24.1035714285714,68.8571428571429
"224","1998-W24",24.8482142857143,70.5357142857143
"225","1998-W25",24.9910714285714,69.3214285714286
"226","1998-W26",26.1375,70.3035714285714
"227","1998-W27",26.1727272727273,67.4181818181818
"228","1998-W28",25.9089285714286,68.1785714285714
"229","1998-W29",26.6339285714286,73.6428571428571
"230","1998-W30",27.7625,71.7857142857143
"231","1998-W31",28.4428571428571,76.0535714285714
"232","1998-W32",29.1418181818182,71.7818181818182
"233","1998-W33",27.8196428571429,71.3214285714286
"234","1998-W34",27.4017857142857,69.375
"235","1998-W35",26.9173076923077,69.9230769230769
"236","1998-W36",28.0589285714286,61.875
"237","1998-W37",26.9428571428571,66.6428571428571
"238","1998-W38",25.0196428571429,61.4107142857143
"239","1998-W39",24.8053571428571,68.375
"240","1998-W40",24.1909090909091,66.8
"241","1998-W41",25.9107142857143,48.0535714285714
"242","1998-W42",21.5,69.7857142857143
"243","1998-W43",21.1517857142857,67.9821428571429
"244","1998-W44",21.3942307692308,73.5576923076923
"245","1998-W45",19.0160714285714,76.0178571428571
"246","1998-W46",19.2482142857143,70.8214285714286
"247","1998-W47",19.4392857142857,77.1964285714286
"248","1998-W48",17.6392857142857,61.5714285714286
"249","1998-W49",18.4071428571429,60.9285714285714
"250","1998-W50",14.9785714285714,58.0535714285714
"251","1998-W51",14.3625,65.3392857142857
"252","1998-W52",14.615,68.475
"253","1999-W00",15.05625,71.5
"254","1999-W01",13.4357142857143,75.4107142857143
"255","1999-W02",12.9767857142857,73.3035714285714
"256","1999-W03",12.875,76.3928571428571
"257","1999-W04",12.6170212765957,77.7234042553192
"258","1999-W05",13.090243902439,80.390243902439
"259","1999-W06",13.392,73.42
"260","1999-W07",14.4375,69
"261","1999-W08",12.6176470588235,71.078431372549
"262","1999-W09",14.8714285714286,71.0892857142857
"263","1999-W10",14.8235294117647,69.7450980392157
"264","1999-W11",15.978431372549,63.2941176470588
"265","1999-W12",14.5906976744186,71.0232558139535
"266","1999-W13",17.7755102040816,65.2040816326531
"267","1999-W14",16.8163636363636,69.5090909090909
"268","1999-W15",17.5134615384615,69.3653846153846
"269","1999-W16",19.2303571428571,65.125
"270","1999-W17",19.9946428571429,71.7857142857143
"271","1999-W18",22.2732142857143,64.2321428571429
"272","1999-W19",20.3178571428571,69.8392857142857
"273","1999-W20",23.0035714285714,63.7678571428571
"274","1999-W21",24.1232142857143,63.3392857142857
"275","1999-W22",22.8357142857143,72.3035714285714
"276","1999-W23",24.3446428571429,70.3214285714286
"277","1999-W24",25.4821428571429,72.4107142857143
"278","1999-W25",25.3464285714286,66.1071428571429
"279","1999-W26",25.3553571428571,71.9285714285714
"280","1999-W27",26.1625,73.6428571428571
"281","1999-W28",27.5607142857143,71.7321428571429
"282","1999-W29",27.0232142857143,70.3035714285714
"283","1999-W30",26.8109090909091,68.5454545454545
"284","1999-W31",26.875,67.9642857142857
"285","1999-W32",27.7553571428571,70.8928571428571
"286","1999-W33",28.1054545454545,72.6363636363636
"287","1999-W34",27.8464285714286,66.3392857142857
"288","1999-W35",26.8053571428571,61.0892857142857
"289","1999-W36",26.7607142857143,64.5535714285714
"290","1999-W37",26.3410714285714,64.9642857142857
"291","1999-W38",25.3696428571429,68.2142857142857
"292","1999-W39",26.0410714285714,69.8035714285714
"293","1999-W40",24.525,66.5178571428571
"294","1999-W41",22.9089285714286,62.0714285714286
"295","1999-W42",22.6357142857143,70.5178571428571
"296","1999-W43",22.0303571428571,67.0535714285714
"297","1999-W44",21.1982142857143,53.2678571428571
"298","1999-W45",18.6767857142857,68.5
"299","1999-W46",19.1107142857143,63.1428571428571
"300","1999-W47",19.1303571428571,58.4642857142857
"301","1999-W48",12.5545454545455,45.1636363636364
"302","1999-W49",15.5107142857143,55.5714285714286
"303","1999-W50",14.6821428571429,75.1071428571429
"304","1999-W51",15.0839285714286,75.6071428571429
"305","1999-W52",13.9958333333333,75.4166666666667
"306","2000-W00",15.9625,82.375
"307","2000-W01",13.2339285714286,81.8928571428571
"308","2000-W02",11.2160714285714,68.9821428571429
"309","2000-W03",12.0727272727273,63.3272727272727
"310","2000-W04",10.7571428571429,75.8571428571429
"311","2000-W05",11.5071428571429,73.4464285714286
"312","2000-W06",12.4267857142857,64.8035714285714
"313","2000-W07",12.7607142857143,72.3214285714286
"314","2000-W08",12.3517857142857,69.6964285714286
"315","2000-W09",12.2732142857143,72.5892857142857
"316","2000-W10",12.8928571428571,64.9821428571429
"317","2000-W11",14.4107142857143,72.3214285714286
"318","2000-W12",13.8928571428571,70.5892857142857
"319","2000-W13",16.1142857142857,74.0357142857143
"320","2000-W14",18.8714285714286,70.1785714285714
"321","2000-W15",19.7982142857143,58.3392857142857
"322","2000-W16",19.7125,63.2321428571429
"323","2000-W17",18.0482142857143,72.3928571428571
"324","2000-W18",19.8482142857143,68.4464285714286
"325","2000-W19",19.2303571428571,65.1964285714286
"326","2000-W20",21.7017857142857,67.5178571428571
"327","2000-W21",21.1142857142857,64.0178571428571
"328","2000-W22",23.5963636363636,66.1090909090909
"329","2000-W23",23.1089285714286,69.4107142857143
"330","2000-W24",25.7660714285714,66.9821428571429
"331","2000-W25",24.9321428571429,63.1964285714286
"332","2000-W26",25.6410714285714,72.3035714285714
"333","2000-W27",27.4857142857143,71.5714285714286
"334","2000-W28",27.8982142857143,73.1071428571429
"335","2000-W29",26.8053571428571,68.5357142857143
"336","2000-W30",27.3923076923077,68.5192307692308
"337","2000-W31",28.05,67.7678571428571
"338","2000-W32",26.7017857142857,68.1428571428571
"339","2000-W33",27.3625,70.7678571428571
"340","2000-W34",27.2160714285714,69.5535714285714
"341","2000-W35",26.6517857142857,65.3214285714286
"342","2000-W36",26.5053571428571,64.5
"343","2000-W37",25.9714285714286,68.4285714285714
"344","2000-W38",25.8428571428571,71.2857142857143
"345","2000-W39",24.1482142857143,64.7142857142857
"346","2000-W40",25.2982142857143,58.5178571428571
"347","2000-W41",23.5714285714286,68.4642857142857
"348","2000-W42",21.8660714285714,71.7142857142857
"349","2000-W43",17.9910714285714,73.8392857142857
"350","2000-W44",18.8928571428571,72.4107142857143
"351","2000-W45",18.9535714285714,56.4285714285714
"352","2000-W46",18.1875,56.5714285714286
"353","2000-W47",16.0089285714286,66.9107142857143
"354","2000-W48",16.0142857142857,68.4285714285714
"355","2000-W49",15.4357142857143,72.1785714285714
"356","2000-W50",14.1696428571429,78.2857142857143
"357","2000-W51",13.7571428571429,79.7678571428571
"358","2000-W52",13.3571428571429,70.0535714285714
"359","2000-W53",13.6625,62.75
"360","2001-W00",12.8833333333333,81.9285714285714
"361","2001-W01",13.4410714285714,77.6428571428571
"362","2001-W02",12.7303571428571,78.4107142857143
"363","2001-W03",11.5839285714286,76.9107142857143
"364","2001-W04",11.8928571428571,66.2321428571429
"365","2001-W05",12.4321428571429,77.4642857142857
"366","2001-W06",13.7464285714286,71.0357142857143
"367","2001-W07",11.9589285714286,72.5357142857143
"368","2001-W08",16.0571428571429,67.25
"369","2001-W09",16.0803571428571,77.3214285714286
"370","2001-W10",16.5839285714286,75.625
"371","2001-W11",18.6107142857143,69.5892857142857
"372","2001-W12",20.2982142857143,55.3214285714286
"373","2001-W13",18.7303571428571,67.1428571428571
"374","2001-W14",17.3857142857143,69.0535714285714
"375","2001-W15",20.05,58.5892857142857
"376","2001-W16",20.7071428571429,59.9464285714286
"377","2001-W17",21.5571428571429,64.2321428571429
"378","2001-W18",21.1,58.7321428571429
"379","2001-W19",20.7982142857143,64.0357142857143
"380","2001-W20",23.0785714285714,65.4285714285714
"381","2001-W21",24.8178571428571,66.2321428571429
"382","2001-W22",23.3017857142857,67.375
"383","2001-W23",24.6178571428571,66
"384","2001-W24",24.8625,66.6071428571429
"385","2001-W25",24.8017857142857,68.7857142857143
"386","2001-W26",25.1160714285714,68.3392857142857
"387","2001-W27",26.3375,70.9285714285714
"388","2001-W28",26.9017857142857,72.1785714285714
"389","2001-W29",26.8589285714286,70.1428571428571
"390","2001-W30",27.4660714285714,68.5357142857143
"391","2001-W31",28.15,72.3392857142857
"392","2001-W32",27.9875,67.8392857142857
"393","2001-W33",27.1625,65.5357142857143
"394","2001-W34",27.2071428571429,68.1785714285714
"395","2001-W35",27.4839285714286,65.2321428571429
"396","2001-W36",26.0589285714286,61.875
"397","2001-W37",25.0946428571429,67.8214285714286
"398","2001-W38",25.3375,68.9821428571429
"399","2001-W39",24.5339285714286,63.5
"400","2001-W40",25.0545454545455,71.7636363636364
"401","2001-W41",23.6696428571429,65.9464285714286
"402","2001-W42",21.9803571428571,69.3928571428571
"403","2001-W43",20.1482142857143,65.7321428571429
"404","2001-W44",19.6571428571429,70.0892857142857
"405","2001-W45",20.0517857142857,63.5714285714286
"406","2001-W46",15.1464285714286,62.6071428571429
"407","2001-W47",16.4839285714286,70.5
"408","2001-W48",15.1517857142857,64.1071428571429
"409","2001-W49",14.5464285714286,73.625
"410","2001-W50",12.3892857142857,73.6964285714286
"411","2001-W51",14.7517857142857,73.3392857142857
"412","2001-W52",12.95625,65.4375
"413","2002-W00",12.8025,62.05
"414","2002-W01",9.34285714285714,76.0178571428571
"415","2002-W02",11.1607142857143,68.8035714285714
"416","2002-W03",11.8357142857143,69.5178571428571
"417","2002-W04",12.675,71.4285714285714
"418","2002-W05",14.9178571428571,60.2142857142857
"419","2002-W06",14.1392857142857,77.7321428571429
"420","2002-W07",13.7,60.9464285714286
"421","2002-W08",14.3875,64.9285714285714
"422","2002-W09",17.6411764705882,63.8235294117647
"423","2002-W10",18.2711538461538,62.9615384615385
"424","2002-W11",16.8207547169811,72.2641509433962
"425","2002-W12",15.0196078431373,63.6078431372549
"426","2002-W13",17,61.6666666666667
"427","2002-W14",17.0901960784314,65.3333333333333
"428","2002-W15",21.1732142857143,55.7142857142857
"429","2002-W16",17.6928571428571,66.9642857142857
"430","2002-W17",17.811320754717,71.4716981132076
"431","2002-W18",20.0839285714286,67.2142857142857
"432","2002-W19",21.2535714285714,65.5892857142857
"433","2002-W20",21.3071428571429,68.6607142857143
"434","2002-W21",22.5642857142857,69.75
"435","2002-W22",24.5089285714286,59.1071428571429
"436","2002-W23",25.5946428571429,66.25
"437","2002-W24",24.7288461538462,70.7115384615385
"438","2002-W25",25.4839285714286,70.5535714285714
"439","2002-W26",26.4472727272727,72.7090909090909
"440","2002-W27",27.0946428571429,68.625
"441","2002-W28",28.1017857142857,73.4821428571429
"442","2002-W29",27.5946428571429,69.25
"443","2002-W30",29.0851851851852,69.8518518518518
"444","2002-W31",28.2178571428571,72.6964285714286
"445","2002-W32",28.3607142857143,71.9464285714286
"446","2002-W33",26.9142857142857,70.7678571428571
"447","2002-W34",27.0767857142857,74.5178571428571
"448","2002-W35",26.85,66.3571428571429
"449","2002-W36",26.2839285714286,65
"450","2002-W37",26.6232142857143,61.1785714285714
"451","2002-W38",25.2125,72.5535714285714
"452","2002-W39",25.7327272727273,63.3818181818182
"453","2002-W40",24.4125,71.1785714285714
"454","2002-W41",23.7851851851852,76.5555555555556
"455","2002-W42",22.6851851851852,73.4444444444444
"456","2002-W43",21.4527272727273,71.6363636363636
"457","2002-W44",21.55,62.9285714285714
"458","2002-W45",19.6303571428571,61.6964285714286
"459","2002-W46",20.1821428571429,41.3214285714286
"460","2002-W47",17.3964285714286,65.8214285714286
"461","2002-W48",17.2232142857143,69.3928571428571
"462","2002-W49",15.4517857142857,67.0357142857143
"463","2002-W50",14.3285714285714,76.4642857142857
"464","2002-W51",13.1553571428571,83.1071428571429
"465","2002-W52",14.1,77.1666666666667
"466","2003-W00",14.15625,79.1875
"467","2003-W01",15.0777777777778,70.2222222222222
"468","2003-W02",15.1357142857143,70.7678571428571
"469","2003-W03",12.4857142857143,81.0357142857143
"470","2003-W04",13.4589285714286,69.7678571428571
"471","2003-W05",12.9203703703704,67.8518518518518
"472","2003-W06",12.1821428571429,80.7857142857143
"473","2003-W07",13.8607142857143,72.7321428571429
"474","2003-W08",11.0303571428571,78.4821428571429
"475","2003-W09",15.2875,69.9642857142857
"476","2003-W10",13.9732142857143,79.2678571428571
"477","2003-W11",14.1982142857143,78.0178571428571
"478","2003-W12",12.4178571428571,79.4107142857143
"479","2003-W13",20.0571428571429,64.625
"480","2003-W14",17.5017857142857,74.2678571428571
"481","2003-W15",17.8285714285714,70.9642857142857
"482","2003-W16",19.0696428571429,63.7142857142857
"483","2003-W17",19.5982142857143,60.9464285714286
"484","2003-W18",25.7910714285714,48.75
"485","2003-W19",25.1380952380952,60.6666666666667
"486","2003-W20",23.1481481481481,70.5740740740741
"487","2003-W21",24.0160714285714,62.0714285714286
"488","2003-W22",23.1696428571429,73.1071428571429
"489","2003-W23",24.1517857142857,73.8214285714286
"490","2003-W24",25.7089285714286,68.25
"491","2003-W25",25.7672727272727,72.4181818181818
"492","2003-W26",26.7196428571429,71.9821428571429
"493","2003-W27",26.7321428571429,67.6071428571429
"494","2003-W28",25.754,73.04
"495","2003-W29",26.868,72.38
"496","2003-W30",27.0410714285714,73.2142857142857
"497","2003-W31",27.4035714285714,72.7321428571429
"498","2003-W32",27.7517857142857,71.4821428571429
"499","2003-W33",27.1910714285714,74.5357142857143
"500","2003-W34",26.9678571428571,72.8571428571429
"501","2003-W35",27.3214285714286,66.5535714285714
"502","2003-W36",25.7267857142857,64.5
"503","2003-W37",25.3660714285714,67
"504","2003-W38",24.3410714285714,68.9107142857143
"505","2003-W39",23.8375,68.6428571428571
"506","2003-W40",24.3660714285714,73.4285714285714
"507","2003-W41",21.9857142857143,69.8928571428571
"508","2003-W42",23.5678571428571,72.25
"509","2003-W43",22.2821428571429,63.4821428571429
"510","2003-W44",21.9357142857143,74.8928571428571
"511","2003-W45",17.825,73.0357142857143
"512","2003-W46",17.4982142857143,69.9285714285714
"513","2003-W47",17.3732142857143,74.0892857142857
"514","2003-W48",14.5821428571429,84.3392857142857
"515","2003-W49",15.875,71.375
"516","2003-W50",15.5,69.4107142857143
"517","2003-W51",13.1517857142857,64.6607142857143
"518","2003-W52",13.484375,71.6875
"519","2004-W00",12.359375,74.78125
"520","2004-W01",11.8267857142857,79.4285714285714
"521","2004-W02",13.3660714285714,81.2321428571429
"522","2004-W03",12.7964285714286,74.2678571428571
"523","2004-W04",12.8535714285714,72.5892857142857
"524","2004-W05",12.1785714285714,80.9821428571429
"525","2004-W06",13.4642857142857,77
"526","2004-W07",12.3517857142857,76.5714285714286
"527","2004-W08",14.5714285714286,69.2678571428571
"528","2004-W09",20.7232142857143,60.3928571428571
"529","2004-W10",13.5857142857143,72.3035714285714
"530","2004-W11",12.9285714285714,69.0178571428571
"531","2004-W12",17.6928571428571,63.4821428571429
"532","2004-W13",18.1553571428571,76.6607142857143
"533","2004-W14",16.3267857142857,72.5357142857143
"534","2004-W15",17.9321428571429,65.625
"535","2004-W16",18.1375,66.875
"536","2004-W17",20.2839285714286,59.3035714285714
"537","2004-W18",21.5660714285714,64.8571428571429
"538","2004-W19",22.4839285714286,59.6785714285714
"539","2004-W20",20.4857142857143,62.8392857142857
"540","2004-W21",20.3625,70.4464285714286
"541","2004-W22",22.275,67.8392857142857
"542","2004-W23",23.2696428571429,70.375
"543","2004-W24",24.5071428571429,73.6785714285714
"544","2004-W25",24.7963636363636,71.6545454545455
"545","2004-W26",25.5017857142857,72.0714285714286
"546","2004-W27",26.5053571428571,74.5
"547","2004-W28",27.2785714285714,69.3571428571429
"548","2004-W29",26.5053571428571,71.0714285714286
"549","2004-W30",27.1571428571429,73.2857142857143
"550","2004-W31",27.1,69.1964285714286
"551","2004-W32",27.1660714285714,71.0178571428571
"552","2004-W33",26.5811320754717,70.8301886792453
"553","2004-W34",26.7571428571429,74.2678571428571
"554","2004-W35",26.2714285714286,69.1785714285714
"555","2004-W36",26.3696428571429,69
"556","2004-W37",24.3035714285714,66.9107142857143
"557","2004-W38",24.9196428571429,74.3928571428571
"558","2004-W39",25.4035714285714,78.3928571428571
"559","2004-W40",23.225,69.9642857142857
"560","2004-W41",24.0660714285714,72.7678571428571
"561","2004-W42",23.4357142857143,77.3571428571429
"562","2004-W43",23.3160714285714,74.5
"563","2004-W44",23.0254545454545,58.0545454545455
"564","2004-W45",20.6107142857143,70.0714285714286
"565","2004-W46",20.2625,68.3035714285714
"566","2004-W47",15.1264150943396,61.9245283018868
"567","2004-W48",13.9214285714286,57.875
"568","2004-W49",14.5053571428571,69.4285714285714
"569","2004-W50",10.4982142857143,68.8928571428571
"570","2004-W51",12.8892857142857,78.8392857142857
"571","2004-W52",13.2604166666667,75.4375
"572","2005-W00",14.15,81.125
"573","2005-W01",12.4464285714286,79.3392857142857
"574","2005-W02",11.8035714285714,70.1071428571429
"575","2005-W03",11.265306122449,75.5918367346939
"576","2005-W04",13.8071428571429,69.4642857142857
"577","2005-W05",13.6946428571429,74
"578","2005-W06",9.72321428571429,79.4821428571429
"579","2005-W07",14.9636363636364,67.0363636363636
"580","2005-W08",14.0839285714286,79.4464285714286
"581","2005-W09",17.1964285714286,59.875
"582","2005-W10",15.5142857142857,73.2321428571429
"583","2005-W11",13.6714285714286,73.4821428571429
"584","2005-W12",14.5785714285714,72.0357142857143
"585","2005-W13",17.0910714285714,70.7678571428571
"586","2005-W14",16.775,65.4642857142857
"587","2005-W15",20.5708333333333,59.9791666666667
"588","2005-W16",21.3053571428571,61.9464285714286
"589","2005-W17",18.0767857142857,74.0535714285714
"590","2005-W18",18.7410714285714,71.1071428571429
"591","2005-W19",19.9927272727273,73.1272727272727
"592","2005-W20",21.9178571428571,75.4642857142857
"593","2005-W21",22.1464285714286,68.9642857142857
"594","2005-W22",22.6625,70.7678571428571
"595","2005-W23",23.4339285714286,73.0892857142857
"596","2005-W24",24.4053571428571,68.25
"597","2005-W25",25.6160714285714,68.4285714285714
"598","2005-W26",25.025,72.1428571428571
"599","2005-W27",25.8839285714286,71.6071428571429
"600","2005-W28",26.5375,73.3214285714286
"601","2005-W29",27.0125,74.3928571428571
"602","2005-W30",27.2017857142857,72.8392857142857
"603","2005-W31",27.8267857142857,70.8928571428571
"604","2005-W32",27.3214285714286,65.875
"605","2005-W33",27.4037037037037,71.2222222222222
"606","2005-W34",27.46,68.1454545454545
"607","2005-W35",27.4196428571429,70.9821428571429
"608","2005-W36",26.1764705882353,62.7058823529412
"609","2005-W37",26.1160714285714,65.4107142857143
"610","2005-W38",26.6339285714286,65.875
"611","2005-W39",25.3625,59.8928571428571
"612","2005-W40",24.3625,64.3928571428571
"613","2005-W41",23.8714285714286,65.9821428571429
"614","2005-W42",20.6410714285714,58.0357142857143
"615","2005-W43",21.2035714285714,56.4821428571429
"616","2005-W44",17.8053571428571,66.75
"617","2005-W45",17.2053571428571,65.125
"618","2005-W46",17.0785714285714,69.2142857142857
"619","2005-W47",17.1410714285714,68.7678571428571
"620","2005-W48",18.6660714285714,70.5178571428571
"621","2005-W49",17.5446428571429,79.0892857142857
"622","2005-W50",16.3821428571429,77.1785714285714
"623","2005-W51",13.1857142857143,79.7142857142857
"624","2005-W52",12.6410714285714,65.9642857142857
"625","2006-W01",16.2285714285714,61.1428571428571
"626","2006-W02",11.3196428571429,86.8035714285714
"627","2006-W03",11.2767857142857,77.9107142857143
"628","2006-W04",13.4125,72.625
"629","2006-W05",13.3125,72.1964285714286
"630","2006-W06",13.3142857142857,72.5892857142857
"631","2006-W07",12.7178571428571,72.0178571428571
"632","2006-W08",16.3875,61.875
"633","2006-W09",15.3767857142857,73.5178571428571
"634","2006-W10",15.0410714285714,65.2142857142857
"635","2006-W11",15.3767857142857,65.0535714285714
"636","2006-W12",17.5910714285714,63.5892857142857
"637","2006-W13",16.2464285714286,69.4107142857143
"638","2006-W14",16.6089285714286,75.2142857142857
"639","2006-W15",18.7607142857143,70.0178571428571
"640","2006-W16",19.0196428571429,72.75
"641","2006-W17",20,65.4464285714286
"642","2006-W18",19.6446428571429,69.2857142857143
"643","2006-W19",20.5375,64.9642857142857
"644","2006-W20",20.5303571428571,69.0178571428571
"645","2006-W21",22.9428571428571,70.0714285714286
"646","2006-W22",23.9767857142857,74.2142857142857
"647","2006-W23",24.9553571428571,66.875
"648","2006-W24",23.8767857142857,63.8392857142857
"649","2006-W25",24.9625,70.7857142857143
"650","2006-W26",26.2642857142857,71.8928571428571
"651","2006-W27",26.7017857142857,68.8571428571429
"652","2006-W28",26.6875,65.3035714285714
"653","2006-W29",26.5696428571429,70.0357142857143
"654","2006-W30",26.8107142857143,70.4107142857143
"655","2006-W31",26.7160714285714,71.0714285714286
"656","2006-W32",27.1,68.2727272727273
"657","2006-W33",27.4785714285714,67.6785714285714
"658","2006-W34",28.3625,72.5178571428571
"659","2006-W35",27.6446428571429,65.1428571428571
"660","2006-W36",26.45,64.1428571428571
"661","2006-W37",27.0125,70.375
"662","2006-W38",26.6285714285714,64.125
"663","2006-W39",25.7910714285714,58.6964285714286
"664","2006-W40",24.775,67.4285714285714
"665","2006-W41",24.9267857142857,57.375
"666","2006-W42",22.7375,65.4464285714286
"667","2006-W43",21.0696428571429,73.125
"668","2006-W44",20.3464285714286,68.25
"669","2006-W45",16.5017857142857,65.375
"670","2006-W46",17.2482142857143,76.6607142857143
"671","2006-W47",16.5392857142857,64.5535714285714
"672","2006-W48",14.9035714285714,54.4821428571429
"673","2006-W49",14.65,53.8571428571429
"674","2006-W50",14.1964285714286,60.2678571428571
"675","2006-W51",12.8018181818182,65.9636363636364
"676","2006-W52",10.2160714285714,75.25
"677","2006-W53",10.5,88.25
"678","2007-W00",11.4208333333333,79.125
"679","2007-W01",12.1910714285714,69.3035714285714
"680","2007-W02",11.3642857142857,74.625
"681","2007-W03",12.7660714285714,72.5357142857143
"682","2007-W04",12.9982142857143,72.1607142857143
"683","2007-W05",12.1928571428571,77.6964285714286
"684","2007-W06",14.0857142857143,75.6428571428571
"685","2007-W07",14.975,70.625
"686","2007-W08",14.6839285714286,75.4107142857143
"687","2007-W09",15.175,69.0714285714286
"688","2007-W10",14.5160714285714,74.6071428571429
"689","2007-W11",16.6607142857143,65.4107142857143
"690","2007-W12",15.15,69.3214285714286
"691","2007-W13",18.6464285714286,64.7678571428571
"692","2007-W14",17.0089285714286,71.4642857142857
"693","2007-W15",17.8321428571429,63.2321428571429
"694","2007-W16",20.2178571428571,59.3214285714286
"695","2007-W17",21.2803571428571,60.375
"696","2007-W18",24.1357142857143,63.6785714285714
"697","2007-W19",21.4928571428571,71.0892857142857
"698","2007-W20",22.1388888888889,66.1666666666667
"699","2007-W21",23.8732142857143,62.75
"700","2007-W22",23.4446428571429,67.1964285714286
"701","2007-W23",24.7785714285714,66.3392857142857
"702","2007-W24",25.4696428571429,70.3035714285714
"703","2007-W25",27.8089285714286,64.3928571428571
"704","2007-W26",25.9982142857143,68.3928571428571
"705","2007-W27",26.5910714285714,67.3035714285714
"706","2007-W28",27.2767857142857,67.6964285714286
"707","2007-W29",28.5053571428571,68.3214285714286
"708","2007-W30",28.5964285714286,68.25
"709","2007-W31",27.4214285714286,61.1071428571429
"710","2007-W32",27.2357142857143,67.25
"711","2007-W33",27.8267857142857,71.0357142857143
"712","2007-W34",28.0946428571429,70.3035714285714
"713","2007-W35",28.1053571428571,67.0892857142857
"714","2007-W36",25.7232142857143,61.4285714285714
"715","2007-W37",25.6125,67.75
"716","2007-W38",25.9821428571429,65.8928571428571
"717","2007-W39",25.5107142857143,70
"718","2007-W40",24.7125,70.5535714285714
"719","2007-W41",24.1482142857143,60.75
"720","2007-W42",23.3910714285714,69.6964285714286
"721","2007-W43",21.9928571428571,70.8571428571429
"722","2007-W44",22.0428571428571,55.3035714285714
"723","2007-W45",18.8464285714286,66.6964285714286
"724","2007-W46",16.5875,77.8928571428571
"725","2007-W47",16.4053571428571,67.9285714285714
"726","2007-W48",16.2678571428571,76.25
"727","2007-W49",15.1964285714286,70.3928571428571
"728","2007-W50",13.6875,77.0714285714286
"729","2007-W51",12.8178571428571,65.9821428571429
"730","2007-W52",10.3125,59.375
"731","2008-W00",13.55,73.9
"732","2008-W01",10.8732142857143,74.6607142857143
"733","2008-W02",8.48928571428571,50.4285714285714
"734","2008-W03",11.1875,74.6071428571429
"735","2008-W04",11.1763636363636,74.2909090909091
"736","2008-W05",12.6446428571429,67.4107142857143
"737","2008-W06",12.9089285714286,76.7857142857143
"738","2008-W07",11.9839285714286,68.4464285714286
"739","2008-W08",14.3339285714286,76.3214285714286
"740","2008-W09",17.5571428571429,68.125
"741","2008-W10",16.6553571428571,68.9107142857143
"742","2008-W11",18.4982142857143,54.4821428571429
"743","2008-W12",20.7660714285714,48.5714285714286
"744","2008-W13",17.0321428571429,66.0357142857143
"745","2008-W14",18.7125,63.4642857142857
"746","2008-W15",21.5553571428571,55.6607142857143
"747","2008-W16",23.0464285714286,55.1964285714286
"748","2008-W17",18.4178571428571,63.625
"749","2008-W18",19.7535714285714,59.9285714285714
"750","2008-W19",21.7339285714286,58.1607142857143
"751","2008-W20",21.8642857142857,70.8392857142857
"752","2008-W21",22.5696428571429,69.8035714285714
"753","2008-W22",24.6428571428571,63.8571428571429
"754","2008-W23",25.0428571428571,60.2857142857143
"755","2008-W24",25.2392857142857,64.75
"756","2008-W25",26.4857142857143,69.7142857142857
"757","2008-W26",26.8410714285714,70.2678571428571
"758","2008-W27",26.9607142857143,66.2321428571429
"759","2008-W28",27.3303571428571,68.125
"760","2008-W29",27.4553571428571,65.1785714285714
"761","2008-W30",27.3017857142857,65.4107142857143
"762","2008-W31",27.2,67.1071428571429
"763","2008-W32",27.2732142857143,67.4821428571429
"764","2008-W33",28.0125,70.4821428571429
"765","2008-W34",28.3178571428571,71.9107142857143
"766","2008-W35",27.9785714285714,66.8928571428571
"767","2008-W36",26.5303571428571,66.1964285714286
"768","2008-W37",26.4321428571429,66.5714285714286
"769","2008-W38",26.2892857142857,55.9821428571429
"770","2008-W39",24.6607142857143,57.1071428571429
"771","2008-W40",23.9517857142857,62.8214285714286
"772","2008-W41",23.2642857142857,67.5
"773","2008-W42",22.9660714285714,69.3392857142857
"774","2008-W43",19.375,79.6071428571429
"775","2008-W44",20.4892857142857,51.8214285714286
"776","2008-W45",19.2160714285714,70.8571428571429
"777","2008-W46",18.6285714285714,67.8571428571429
"778","2008-W47",17.4553571428571,66.3571428571429
"779","2008-W48",16.7017857142857,45.3392857142857
"780","2008-W49",16.5571428571429,61.4464285714286
"781","2008-W50",15.3017857142857,61.3214285714286
"782","2008-W51",14.3392857142857,71.0892857142857
"783","2008-W52",13.634375,75.40625
"784","2009-W00",10.4,64.1666666666667
"785","2009-W01",12.8446428571429,72.8928571428571
"786","2009-W02",12.5589285714286,53.2142857142857
"787","2009-W03",15.0017857142857,64.875
"788","2009-W04",14.6428571428571,60.1428571428571
"789","2009-W05",14.8017857142857,68.625
"790","2009-W06",15.2053571428571,67.375
"791","2009-W07",13.9946428571429,67.2142857142857
"792","2009-W08",12.7821428571429,70.6607142857143
"793","2009-W09",16.4732142857143,64.1607142857143
"794","2009-W10",15.9,68.9285714285714
"795","2009-W11",14.1553571428571,63.5714285714286
"796","2009-W12",14.8196428571429,64.1785714285714
"797","2009-W13",16.5482142857143,71
"798","2009-W14",17.8178571428571,67.0535714285714
"799","2009-W15",19.7678571428571,59.1428571428571
"800","2009-W16",19.5018181818182,57.5090909090909
"801","2009-W17",18.6017857142857,65.0714285714286
"802","2009-W18",20.825,58.4107142857143
"803","2009-W19",20.9785714285714,66.0892857142857
"804","2009-W20",24.0214285714286,56.5714285714286
"805","2009-W21",22.5964285714286,65.625
"806","2009-W22",23.8357142857143,66.0892857142857
"807","2009-W23",24.9589285714286,67.75
"808","2009-W24",25.5982142857143,67.4642857142857
"809","2009-W25",26.7339285714286,66.8035714285714
"810","2009-W26",27.2410714285714,59.7142857142857
"811","2009-W27",27.2339285714286,66.375
"812","2009-W28",27.5464285714286,61.75
"813","2009-W29",28.0875,69.1071428571429
"814","2009-W30",28.175,66.75
"815","2009-W31",28.1678571428571,65.0357142857143
"816","2009-W32",28.2142857142857,63.8571428571429
"817","2009-W33",28.6982142857143,68.9642857142857
"818","2009-W34",27.5267857142857,63.25
"819","2009-W35",27.3053571428571,64.1071428571429
"820","2009-W36",27.3767857142857,61.6071428571429
"821","2009-W37",27.1910714285714,66.4107142857143
"822","2009-W38",25.2767857142857,62.6607142857143
"823","2009-W39",25.1517857142857,66.1071428571429
"824","2009-W40",24.8196428571429,73.4285714285714
"825","2009-W41",24.9035714285714,66.9464285714286
"826","2009-W42",25.5553571428571,53.8035714285714
"827","2009-W43",23.3053571428571,66.25
"828","2009-W44",20.2607142857143,63.9464285714286
"829","2009-W45",20.6178571428571,70.9642857142857
"830","2009-W46",17.1839285714286,70.3928571428571
"831","2009-W47",16.8946428571429,69.5714285714286
"832","2009-W48",17.0821428571429,65.7678571428571
"833","2009-W49",15.9875,73.3392857142857
"834","2009-W50",15.5107142857143,68.9285714285714
"835","2009-W51",15.6803571428571,78.8392857142857
"836","2009-W52",16.1175,81.325
"837","2010-W00",16.16875,81.375
"838","2010-W01",15.8875,76.1785714285714
"839","2010-W02",15.2053571428571,75.6964285714286
"840","2010-W03",14.7803571428571,79.8035714285714
"841","2010-W04",14.3089285714286,65.5178571428571
"842","2010-W05",12.7214285714286,73.7857142857143
"843","2010-W06",15.5125,63.25
"844","2010-W07",20.2785714285714,64.0892857142857
"845","2010-W08",16.2625,74.0892857142857
"846","2010-W09",17.1071428571429,77.5892857142857
"847","2010-W10",21.5017857142857,68.9642857142857
"848","2010-W11",17.5928571428571,60.9285714285714
"849","2010-W12",17.8107142857143,58.8928571428571
"850","2010-W13",17.5392857142857,61.75
"851","2010-W14",18.0678571428571,66.9821428571429
"852","2010-W15",19.0839285714286,64.8214285714286
"853","2010-W16",20.3125,60.625
"854","2010-W17",20.1428571428571,63.7142857142857
"855","2010-W18",20.2678571428571,65.9285714285714
"856","2010-W19",23.1696428571429,58.6071428571429
"857","2010-W20",22.6178571428571,59.1428571428571
"858","2010-W21",22.9589285714286,62.75
"859","2010-W22",24.5857142857143,66.8214285714286
"860","2010-W23",24.85,62.2142857142857
"861","2010-W24",25.9267857142857,68.4107142857143
"862","2010-W25",27.1196428571429,56.1428571428571
"863","2010-W26",25.9125,60.875
"864","2010-W27",26.4482142857143,69.1785714285714
"865","2010-W28",27.3660714285714,69.1964285714286
"866","2010-W29",27.5464285714286,68.1071428571429
"867","2010-W30",28.3714285714286,65.8035714285714
"868","2010-W31",29.4517857142857,67.0892857142857
"869","2010-W32",28.5428571428571,67.2678571428571
"870","2010-W33",29.6607142857143,72.3392857142857
"871","2010-W34",29.1571428571429,70.5535714285714
"872","2010-W35",28.4642857142857,64.8928571428571
"873","2010-W36",28.0875,67.2857142857143
"874","2010-W37",27.6464285714286,61.5357142857143
"875","2010-W38",27.9517857142857,73.1428571428571
"876","2010-W39",28.0035714285714,66.6428571428571
"877","2010-W40",25.6196428571429,63.2857142857143
"878","2010-W41",25.6410714285714,55.4821428571429
"879","2010-W42",26.3232142857143,62.5178571428571
"880","2010-W43",23.3446428571429,66.8392857142857
"881","2010-W44",23.1982142857143,47.4107142857143
"882","2010-W45",21.1946428571429,70.625
"883","2010-W46",21.7946428571429,78
"884","2010-W47",18.9053571428571,70.2857142857143
"885","2010-W48",17.9357142857143,48.9107142857143
"886","2010-W49",18.0107142857143,65.8928571428571
"887","2010-W50",14.4357142857143,65.0892857142857
"888","2010-W51",15.4589285714286,70.5178571428571
"889","2010-W52",17.6145833333333,45.4791666666667
"890","2011-W00",15.9875,77.625
"891","2011-W01",14.5642857142857,78.0178571428571
"892","2011-W02",14.0875,72.0535714285714
"893","2011-W03",13.9232142857143,67.6964285714286
"894","2011-W04",15.0410714285714,73.7321428571429
"895","2011-W05",14.0678571428571,76.1785714285714
"896","2011-W06",14.3428571428571,78.8571428571429
"897","2011-W07",15.7928571428571,71.1428571428571
"898","2011-W08",16.4892857142857,68.1607142857143
"899","2011-W09",15.5125,72.0357142857143
"900","2011-W10",14.7625,72.5357142857143
"901","2011-W11",16.0732142857143,61.75
"902","2011-W12",16.5767857142857,74.2678571428571
"903","2011-W13",17.4803571428571,70.625
"904","2011-W14",17.1589285714286,75.3392857142857
"905","2011-W15",18.7910714285714,59.375
"906","2011-W16",20.875,58.4821428571429
"907","2011-W17",19.7821428571429,65.3035714285714
"908","2011-W18",22.6089285714286,58.3928571428571
"909","2011-W19",20.3196428571429,64.625
"910","2011-W20",22.2464285714286,65.375
"911","2011-W21",24.1428571428571,63.9464285714286
"912","2011-W22",23.3071428571429,70.5535714285714
"913","2011-W23",25.5214285714286,68.0892857142857
"914","2011-W24",25,66.4285714285714
"915","2011-W25",26.1857142857143,71.3928571428571
"916","2011-W26",25.7017857142857,64.1964285714286
"917","2011-W27",26.6053571428571,69.6428571428571
"918","2011-W28",27.4553571428571,72.0178571428571
"919","2011-W29",28.1625,69.8571428571429
"920","2011-W30",29.0232142857143,69.0714285714286
"921","2011-W31",28.8142857142857,69.5
"922","2011-W32",28.4428571428571,69.5535714285714
"923","2011-W33",27.6285714285714,68.3571428571429
"924","2011-W34",27.9660714285714,70.7142857142857
"925","2011-W35",27.3660714285714,65.0892857142857
"926","2011-W36",27.1464285714286,69.1428571428571
"927","2011-W37",26.9053571428571,70.9642857142857
"928","2011-W38",26.4214285714286,68.8214285714286
"929","2011-W39",26.0214285714286,67.6785714285714
"930","2011-W40",24.5928571428571,63.9642857142857
"931","2011-W41",25.0392857142857,57.0714285714286
"932","2011-W42",22.9553571428571,58.6428571428571
"933","2011-W43",22.2107142857143,64.3214285714286
"934","2011-W44",19.2571428571429,64.3392857142857
"935","2011-W45",18,60.3571428571429
"936","2011-W46",16.5321428571429,75.5892857142857
"937","2011-W47",15.0517857142857,73.3214285714286
"938","2011-W48",12.9196428571429,57.9642857142857
"939","2011-W49",14.2142857142857,58.1428571428571
"940","2011-W50",13.6035714285714,70.6071428571429
"941","2011-W51",16.7785714285714,60.9821428571429
"942","2011-W52",13.1714285714286,71.3392857142857
"943","2012-W01",13.0125,74.6964285714286
"944","2012-W02",11.5928571428571,72.0535714285714
"945","2012-W03",11.7428571428571,71.3392857142857
"946","2012-W04",13.2553571428571,74.9285714285714
"947","2012-W05",12.6607142857143,75.2321428571429
"948","2012-W06",13.1714285714286,57.5714285714286
"949","2012-W07",14.0339285714286,63.4107142857143
"950","2012-W08",12.9410714285714,64.0892857142857
"951","2012-W09",11.9767857142857,76.1607142857143
"952","2012-W10",14.1142857142857,76.3928571428571
"953","2012-W11",16.0714285714286,62.4107142857143
"954","2012-W12",14.5160714285714,59.6428571428571
"955","2012-W13",15.5089285714286,73.2678571428571
"956","2012-W14",18.9142857142857,66.6964285714286
"957","2012-W15",19.5517857142857,63.3214285714286
"958","2012-W16",19.9267857142857,61.5
"959","2012-W17",18.9107142857143,70.6785714285714
"960","2012-W18",21.3928571428571,68.5535714285714
"961","2012-W19",21.8696428571429,67.9821428571429
"962","2012-W20",22.7553571428571,65.3392857142857
"963","2012-W21",22.8785714285714,62.6428571428571
"964","2012-W22",24.3767857142857,59.3035714285714
"965","2012-W23",23.9857142857143,69.1785714285714
"966","2012-W24",25.5678571428571,72.4107142857143
"967","2012-W25",27.2910714285714,68.7857142857143
"968","2012-W26",27.2303571428571,71.75
"969","2012-W27",27.8660714285714,69.0178571428571
"970","2012-W28",28.4,70.5535714285714
"971","2012-W29",29.4964285714286,70.8928571428571
"972","2012-W30",29.525,69.125
"973","2012-W31",29.7178571428571,64.2678571428571
"974","2012-W32",29.3910714285714,68.6428571428571
"975","2012-W33",29.0107142857143,67.6785714285714
"976","2012-W34",28.9928571428571,67.5
"977","2012-W35",28.1392857142857,66.8571428571429
"978","2012-W36",28.2446428571429,67.8928571428571
"979","2012-W37",27.2732142857143,64.2321428571429
"980","2012-W38",26.7357142857143,66.9285714285714
"981","2012-W39",26.075,67.5892857142857
"982","2012-W40",26.9285714285714,70.125
"983","2012-W41",24.9625,65.0178571428571
"984","2012-W42",25.3107142857143,72.1785714285714
"985","2012-W43",23.1714285714286,68.5535714285714
"986","2012-W44",23.4035714285714,66.3392857142857
"987","2012-W45",22.7142857142857,69.2321428571429
"988","2012-W46",20.0142857142857,67.6785714285714
"989","2012-W47",19.0053571428571,77.4464285714286
"990","2012-W48",17.6125,71.5178571428571
"991","2012-W49",17.8232142857143,73.3214285714286
"992","2012-W50",15.6821428571429,76.0535714285714
"993","2012-W51",14.9875,69.9821428571429
"994","2012-W52",14.3803571428571,78.1785714285714
"995","2012-W53",14.51875,76.4375
"996","2013-W00",14.1725,79.625
"997","2013-W01",11.1089285714286,72.5357142857143
"998","2013-W02",13.15,65.3392857142857
"999","2013-W03",15.1625,72.75
"1000","2013-W04",13.5892857142857,81.6607142857143
"1001","2013-W05",15.1625,70.3214285714286
"1002","2013-W06",14.4261904761905,72
"1003","2013-W07",15.2232142857143,70.0357142857143
"1004","2013-W08",16.9464285714286,69.3035714285714
"1005","2013-W09",17.6285714285714,53.2857142857143
"1006","2013-W10",21.0535714285714,56.6785714285714
"1007","2013-W11",17.4160714285714,61.4107142857143
"1008","2013-W12",18.3982142857143,62.4107142857143
"1009","2013-W13",19.9625,63.7321428571429
"1010","2013-W14",19.2142857142857,63.5357142857143
"1011","2013-W15",17.2946428571429,71.375
"1012","2013-W16",20.4267857142857,57.6964285714286
"1013","2013-W17",24.8892857142857,46.1428571428571
"1014","2013-W18",22.5339285714286,73.1607142857143
"1015","2013-W19",21.7482142857143,66.1071428571429
"1016","2013-W20",23.9928571428571,67.0535714285714
"1017","2013-W21",24.4946428571429,61.1071428571429
"1018","2013-W22",25.4071428571429,57.4642857142857
"1019","2013-W23",25.1482142857143,63.0357142857143
"1020","2013-W24",25.9642857142857,66.25
"1021","2013-W25",26.6035714285714,70.1964285714286
"1022","2013-W26",26.4428571428571,63.3392857142857
"1023","2013-W27",26.8553571428571,65.7142857142857
"1024","2013-W28",27.1625,68.8035714285714
"1025","2013-W29",27.2892857142857,70.6428571428571
"1026","2013-W30",27.5464285714286,70
"1027","2013-W31",27.7732142857143,70.4285714285714
"1028","2013-W32",28.1839285714286,69.6071428571429
"1029","2013-W33",27.8982142857143,68.4285714285714
"1030","2013-W34",27.7767857142857,68.7142857142857
"1031","2013-W35",27.3339285714286,63.2678571428571
"1032","2013-W36",26.7321428571429,65.1964285714286
"1033","2013-W37",26.8107142857143,61.9821428571429
"1034","2013-W38",24.8214285714286,61.25
"1035","2013-W39",24.3946428571429,60.3928571428571
"1036","2013-W40",22.2285714285714,45.7678571428571
"1037","2013-W41",22.1375,68.375
"1038","2013-W42",21.2017857142857,57.2857142857143
"1039","2013-W43",21.1553571428571,58.7142857142857
"1040","2013-W44",22.2196428571429,60.4464285714286
"1041","2013-W45",20.6535714285714,64.8571428571429
"1042","2013-W46",18.3017857142857,67.2142857142857
"1043","2013-W47",21.0232142857143,55.0892857142857
"1044","2013-W48",19.5660714285714,63.0892857142857
"1045","2013-W49",10.7392857142857,78.9285714285714
"1046","2013-W50",9.99642857142857,68.5178571428571
"1047","2013-W51",13.8946428571429,49.4642857142857
"1048","2013-W52",12.525,75.25
"1049","2014-W00",12.425,77.34375
"1050","2014-W01",12.7428571428571,64.625
"1051","2014-W02",14.3696428571429,74.875
"1052","2014-W03",13.6803571428571,75.6607142857143
"1053","2014-W04",14.7660714285714,67.0714285714286
"1054","2014-W05",12.1642857142857,55.0535714285714
"1055","2014-W06",14.1821428571429,61.75
"1056","2014-W07",15.3357142857143,69.0714285714286
"1057","2014-W08",15.2875,72.1607142857143
"1058","2014-W09",18.9535714285714,57.5357142857143
"1059","2014-W10",14.3160714285714,76.8035714285714
"1060","2014-W11",16.9857142857143,73.875
"1061","2014-W12",17.8392857142857,72.0714285714286
"1062","2014-W13",16.8285714285714,61.7678571428571
"1063","2014-W14",18.8875,63.9107142857143
"1064","2014-W15",21.6321428571429,53.1428571428571
"1065","2014-W16",21.5642857142857,64.8928571428571
"1066","2014-W17",21.5589285714286,59.8035714285714
"1067","2014-W18",23.7803571428571,55.5892857142857
"1068","2014-W19",21.0821428571429,65.1428571428571
"1069","2014-W20",22.3375,64.4107142857143
"1070","2014-W21",24.4446428571429,60.5714285714286
"1071","2014-W22",24.8509090909091,56.1454545454545
"1072","2014-W23",24.0910714285714,67.6607142857143
"1073","2014-W24",26.2107142857143,62.4285714285714
"1074","2014-W25",26.1375,66.5535714285714
"1075","2014-W26",27.15,68.875
"1076","2014-W27",27.1232142857143,66.9642857142857
"1077","2014-W28",27.1892857142857,62.5
"1078","2014-W29",27.2089285714286,67.0357142857143
"1079","2014-W30",27.4267857142857,68.375
"1080","2014-W31",27.9392857142857,65.7857142857143
"1081","2014-W32",27.9928571428571,69.1071428571429
"1082","2014-W33",28.1196428571429,67.1964285714286
"1083","2014-W34",28.0928571428571,70.3392857142857
"1084","2014-W35",27.8125,63.8035714285714
"1085","2014-W36",27.0392857142857,61.9821428571429
"1086","2014-W37",27.0625,60.5
"1087","2014-W38",26.4035714285714,62.5892857142857
"1088","2014-W39",24.4535714285714,62.625
"1089","2014-W40",23.975,68.6785714285714
"1090","2014-W41",23.0267857142857,66.8214285714286
"1091","2014-W42",21.1839285714286,62.2678571428571
"1092","2014-W43",21.4767857142857,67.5178571428571
"1093","2014-W44",20.2767857142857,55.7678571428571
"1094","2014-W45",19.1839285714286,67.8571428571429
"1095","2014-W46",19.1071428571429,67.8035714285714
"1096","2014-W47",15.175,80.7321428571429
"1097","2014-W48",17.4928571428571,75.1964285714286
"1098","2014-W49",17.6678571428571,70.7142857142857
"1099","2014-W50",15.0178571428571,77.4464285714286
"1100","2014-W51",14.3071428571429,76.5357142857143
"1101","2014-W52",13.49375,72.1875
"1102","2015-W00",13.2625,69.9583333333333
"1103","2015-W01",10.4964285714286,71.3928571428571
"1104","2015-W02",10.4303571428571,78.8214285714286
"1105","2015-W03",12.8285714285714,72.4107142857143
"1106","2015-W04",13.4785714285714,71.0892857142857
"1107","2015-W05",14.1927272727273,70.1454545454545
"1108","2015-W06",12.9910714285714,62.0535714285714
"1109","2015-W07",11.5785714285714,73.5892857142857
"1110","2015-W08",15.9571428571429,62.9642857142857
"1111","2015-W09",16.8321428571429,62.9642857142857
"1112","2015-W10",17.6767857142857,69.6428571428571
"1113","2015-W11",15.2285714285714,66.4464285714286
"1114","2015-W12",19.0321428571429,52.5714285714286
"1115","2015-W13",18.0303571428571,67.5357142857143
"1116","2015-W14",18.2857142857143,61.5357142857143
"1117","2015-W15",16.4214285714286,71.8214285714286
"1118","2015-W16",18.2535714285714,58.1428571428571
"1119","2015-W17",20.5785714285714,64
"1120","2015-W18",20.9910714285714,64.4821428571429
"1121","2015-W19",21.5357142857143,64.7142857142857
"1122","2015-W20",25.1428571428571,54.4107142857143
"1123","2015-W21",26.1821428571429,50.4642857142857
"1124","2015-W22",22.7696428571429,64.2321428571429
"1125","2015-W23",24.6803571428571,63.8928571428571
"1126","2015-W24",25.15,66.5535714285714
"1127","2015-W25",25.2946428571429,60.6964285714286
"1128","2015-W26",25.4125,65.6964285714286
"1129","2015-W27",25.6553571428571,67.5892857142857
"1130","2015-W28",26.7785714285714,70.1071428571429
"1131","2015-W29",27.6214285714286,68.7321428571429
"1132","2015-W30",27.9767857142857,67.5178571428571
"1133","2015-W31",30.1803571428571,66
"1134","2015-W32",29.0321428571429,67.4464285714286
"1135","2015-W33",29.6446428571429,65.9285714285714
"1136","2015-W34",28.5857142857143,64.1428571428571
"1137","2015-W35",28.4892857142857,66.3392857142857
"1138","2015-W36",29.6839285714286,71.4285714285714
"1139","2015-W37",28.2285714285714,67.7142857142857
"1140","2015-W38",27.7910714285714,55.0892857142857
"1141","2015-W39",26.7,67.0178571428571
"1142","2015-W40",25.1107142857143,70.0714285714286
"1143","2015-W41",25.2571428571429,69.9107142857143
"1144","2015-W42",25.0875,66.5
"1145","2015-W43",20.6267857142857,78.0535714285714
"1146","2015-W44",21.9285714285714,64
"1147","2015-W45",19.2178571428571,68.4821428571429
"1148","2015-W46",19.4267857142857,70.1428571428571
"1149","2015-W47",18.9821428571429,58.4642857142857
"1150","2015-W48",15.3107142857143,67.3035714285714
"1151","2015-W49",12.1517857142857,67.75
"1152","2015-W50",13.6589285714286,81.8928571428571
"1153","2015-W51",12.7839285714286,71.2142857142857
"1154","2015-W52",15.375,62.05
"1155","2016-W00",11.1375,71.1875
"1156","2016-W01",14.4767857142857,68.5178571428571
"1157","2016-W02",13.1464285714286,78.0714285714286
"1158","2016-W03",12.7928571428571,73.1785714285714
"1159","2016-W04",8.5375,75.7142857142857
"1160","2016-W05",12.7982142857143,71.5535714285714
"1161","2016-W06",12.875,77.0178571428571
"1162","2016-W07",18.1017857142857,63.8035714285714
"1163","2016-W08",14.8714285714286,80.7678571428571
"1164","2016-W09",18.6089285714286,61.2857142857143
"1165","2016-W10",17.3410714285714,66.9107142857143
"1166","2016-W11",17.4339285714286,63.9107142857143
"1167","2016-W12",19.1535714285714,54.375
"1168","2016-W13",17.2696428571429,58.8214285714286
"1169","2016-W14",21.0553571428571,59.2321428571429
"1170","2016-W15",19.3910714285714,69.2321428571429
"1171","2016-W16",22.0553571428571,58.5
"1172","2016-W17",22.7821428571429,54.5892857142857
"1173","2016-W18",22.2446428571429,58.6964285714286
"1174","2016-W19",22.2589285714286,58.9464285714286
"1175","2016-W20",24.6767857142857,55.4464285714286
"1176","2016-W21",23.3017857142857,58.25
"1177","2016-W22",25.1071428571429,52.75
"1178","2016-W23",25.2714285714286,55.9642857142857
"1179","2016-W24",26.0178571428571,61.8214285714286
"1180","2016-W25",27.5,68.3214285714286
"1181","2016-W26",27.4785714285714,71.4107142857143
"1182","2016-W27",27.6625,69.4642857142857
"1183","2016-W28",27.8732142857143,70.8392857142857
"1184","2016-W29",27.8446428571429,63.625
"1185","2016-W30",28.0482142857143,70.6428571428571
"1186","2016-W31",28.5071428571429,70.6964285714286
"1187","2016-W32",28.4625,68.3035714285714
"1188","2016-W33",28.2428571428571,66.7857142857143
"1189","2016-W34",28.4446428571429,67
"1190","2016-W35",27.9053571428571,63.5357142857143
"1191","2016-W36",27.1053571428571,66.4642857142857
"1192","2016-W37",27.1357142857143,66.6071428571429
"1193","2016-W38",26.6857142857143,65.0535714285714
"1194","2016-W39",24.8714285714286,58.1071428571429
"1195","2016-W40",25.0375,61.0892857142857
"1196","2016-W41",24.1660714285714,69.25
"1197","2016-W42",22.9803571428571,64.7678571428571
"1198","2016-W43",23.0642857142857,67.2321428571429
"1199","2016-W44",21.2107142857143,64.8571428571429
"1200","2016-W45",20.0017857142857,64.4107142857143
"1201","2016-W46",20.0696428571429,63.1964285714286
"1202","2016-W47",18.6303571428571,14.8392857142857
"1203","2016-W48",16.1321428571429,55.9107142857143
"1204","2016-W49",13.9517857142857,69.6607142857143
"1205","2016-W50",14.6339285714286,71.7678571428571
"1206","2016-W51",12.1589285714286,72.2142857142857
"1207","2016-W52",11.5732142857143,74.4285714285714
"1208","2017-W01",11.6892857142857,75
"1209","2017-W02",11.8142857142857,65.625
"1210","2017-W03",13,77.1964285714286
"1211","2017-W04",12.9732142857143,65.3571428571429
"1212","2017-W05",9.82857142857143,69.7857142857143
"1213","2017-W06",13.9214285714286,66.5
"1214","2017-W07",10.4857142857143,79.2142857142857
"1215","2017-W08",12.2571428571429,68.9642857142857
"1216","2017-W09",15.5642857142857,72.1428571428571
"1217","2017-W10",16.4946428571429,67.7321428571429
"1218","2017-W11",15.4303571428571,68.8214285714286
"1219","2017-W12",15.9053571428571,71.1964285714286
"1220","2017-W13",17.1982142857143,66.2142857142857
"1221","2017-W14",18.75,64.8571428571429
"1222","2017-W15",19.3392857142857,63.2321428571429
"1223","2017-W16",20.9982142857143,56.0178571428571
"1224","2017-W17",18.9553571428571,64.8035714285714
"1225","2017-W18",20.5642857142857,69.8214285714286
"1226","2017-W19",23.4482142857143,58.1607142857143
"1227","2017-W20",23.4821428571429,63.8928571428571
"1228","2017-W21",22.7053571428571,57.0535714285714
"1229","2017-W22",23.6392857142857,63.9107142857143
"1230","2017-W23",24.9857142857143,65.3571428571429
"1231","2017-W24",24.9803571428571,67.75
"1232","2017-W25",25.5285714285714,66.4464285714286
"1233","2017-W26",26.8678571428571,71.1607142857143
