yearweek,q3,q1,q2,survey_date,total_attacks,attacks_located_IL,attacks_located_yesha,attacks_target_civilian,attacks_target_security_forces,total_killed,killed_located_IL,killed_located_yesha,killed_target_civilian,killed_target_security_forces,intifada,mean(temperature),mean(humidity),week_range
1994-W14,NA,NA,NA,NA,,,,,,,,,,,,18.08035714,64.51785714,
1994-W15,NA,NA,NA,NA,,,,,,,,,,,,18.90714286,65.03571429,
1994-W16,NA,NA,NA,NA,,,,,,,,,,,,25.11071429,49.42857143,
1994-W17,NA,NA,NA,NA,,,,,,,,,,,,19.23571429,68.08928571,
1994-W18,NA,NA,NA,NA,,,,,,,,,,,,19.34464286,64.21428571,
1994-W19,NA,NA,NA,NA,,,,,,,,,,,,20.68545455,61.50909091,
1994-W20,NA,NA,NA,NA,,,,,,,,,,,,22.1,66.375,
1994-W21,NA,NA,NA,NA,,,,,,,,,,,,23.99285714,63.98214286,
1994-W22,NA,NA,NA,NA,,,,,,,,,,,,23.22678571,69.96428571,
1994-W23,NA,NA,NA,NA,,,,,,,,,,,,23.74821429,61.28571429,
1994-W24,NA,NA,NA,NA,,,,,,,,,,,,23.79107143,67.625,
1994-W25,NA,2.888671875,NA,22/06/1994,,,,,,,,,,,,24.82857143,69.60714286,
1994-W26,NA,NA,NA,NA,,,,,,,,,,,,24.66071429,67.89285714,
1994-W27,NA,2.836575875,NA,07/07/1994,,,,,,,,,,,,25.55357143,73.17857143,
1994-W28,NA,NA,NA,NA,,,,,,,,,,,,26.05,67.53571429,
1994-W29,NA,NA,NA,NA,,,,,,,,,,,,25.96964286,71.71428571,
1994-W30,NA,2.859126984,NA,24/07/1994,,,,,,,,,,,,26.31785714,66.875,
1994-W31,NA,NA,NA,NA,,,,,,,,,,,,25.83392857,67.64285714,
1994-W32,NA,NA,NA,NA,,,,,,,,,,,,25.96964286,71.875,
1994-W33,NA,NA,NA,NA,,,,,,,,,,,,26.71071429,72.5,
1994-W34,NA,2.747011952,NA,24/08/1994,,,,,,,,,,,,26.25,74.375,
1994-W35,NA,NA,NA,NA,,,,,,,,,,,,26.51428571,70.82142857,
1994-W36,NA,NA,NA,NA,,,,,,,,,,,,26.46071429,71.46428571,
1994-W37,NA,NA,NA,NA,,,,,,,,,,,,27.50892857,69.41071429,
1994-W38,NA,NA,NA,NA,,,,,,,,,,,,26.53214286,72.76785714,
1994-W39,NA,2.898203593,NA,28/09/1994,,,,,,,,,,,,25.55714286,69.80357143,
1994-W40,NA,NA,NA,NA,,,,,,,,,,,,27.25892857,67.35714286,
1994-W41,NA,NA,NA,NA,,,,,,,,,,,,27.30714286,53.85714286,
1994-W42,NA,NA,NA,NA,,,,,,,,,,,,22.91964286,75.55357143,
1994-W43,NA,2.928429423,NA,23/10/1994,,,,,,,,,,,,23.84821429,69.94642857,
1994-W44,NA,NA,NA,NA,,,,,,,,,,,,22.49464286,69.14285714,
1994-W45,NA,NA,NA,NA,,,,,,,,,,,,17.66428571,60.51785714,
1994-W46,NA,NA,NA,NA,,,,,,,,,,,,16.97272727,79.50909091,
1994-W47,NA,2.834661355,NA,23/11/1994,,,,,,,,,,,,15.92678571,67.42857143,
1994-W48,NA,NA,NA,NA,,,,,,,,,,,,13.28392857,76,
1994-W49,NA,NA,NA,NA,,,,,,,,,,,,10.9125,65.17857143,
1994-W50,NA,NA,NA,NA,,,,,,,,,,,,13.04821429,72.01785714,
1994-W51,NA,NA,NA,NA,,,,,,,,,,,,12.15,71.03571429,
1994-W52,NA,2.972055888,NA,25/12/1994,,,,,,,,,,,,13.15,73.875,
1995-W01,NA,NA,NA,NA,,,,,,,,,,,,13.19107143,81.69642857,
1995-W02,NA,NA,NA,NA,,,,,,,,,,,,12.275,75.57142857,
1995-W03,NA,NA,NA,NA,,,,,,,,,,,,11.42857143,78.64285714,
1995-W04,NA,3.127236581,NA,26/01/1995,,,,,,,,,,,,11.95178571,79.53571429,
1995-W05,NA,NA,NA,NA,,,,,,,,,,,,12.87142857,80,
1995-W06,NA,NA,NA,NA,,,,,,,,,,,,11.59107143,78.10714286,
1995-W07,NA,NA,NA,NA,,,,,,,,,,,,14.34464286,70.51785714,
1995-W08,NA,NA,NA,NA,,,,,,,,,,,,13.07857143,80.64285714,
1995-W09,NA,3.057654076,NA,27/02/1995,,,,,,,,,,,,15.1,70.01785714,
1995-W10,NA,NA,NA,NA,,,,,,,,,,,,15.00357143,73.80357143,
1995-W11,NA,NA,NA,NA,,,,,,,,,,,,15.67678571,67.96428571,
1995-W12,NA,NA,NA,NA,,,,,,,,,,,,15.46607143,75,
1995-W13,NA,2.932270916,3.133466135,27/03/1995,,,,,,,,,,,,15.42321429,69.08928571,
1995-W14,NA,NA,NA,NA,,,,,,,,,,,,14.71785714,71.82142857,
1995-W15,NA,NA,NA,NA,,,,,,,,,,,,17.25357143,63.66071429,
1995-W16,NA,NA,NA,NA,,,,,,,,,,,,17.5125,66,
1995-W17,NA,3.128968254,NA,25/04/1995,,,,,,,,,,,,18.71785714,72.60714286,
1995-W18,NA,NA,NA,NA,,,,,,,,,,,,18.35535714,73.25,
1995-W19,NA,NA,NA,NA,,,,,,,,,,,,18.10892857,72.73214286,
1995-W20,NA,NA,NA,NA,,,,,,,,,,,,21.13571429,71.91071429,
1995-W21,NA,2.910891089,NA,25/05/1995,,,,,,,,,,,,23.60892857,73.73214286,
1995-W22,NA,NA,NA,NA,,,,,,,,,,,,23.05357143,74.21428571,
1995-W23,NA,NA,NA,NA,,,,,,,,,,,,23.78035714,72.57142857,
1995-W24,NA,NA,NA,NA,,,,,,,,,,,,25.29285714,66.76785714,
1995-W25,NA,NA,NA,NA,,,,,,,,,,,,25.50714286,72.28571429,
1995-W26,NA,3.015904573,3.079522863,26/06/1995,,,,,,,,,,,,26.74285714,68.35714286,
1995-W27,NA,NA,NA,NA,,,,,,,,,,,,27.15178571,69.625,
1995-W28,NA,NA,NA,NA,,,,,,,,,,,,26.04642857,69.85714286,
1995-W29,NA,NA,NA,NA,,,,,,,,,,,,26.54107143,72.67857143,
1995-W30,NA,2.916334661,3.073705179,27/07/1995,,,,,,,,,,,,26.75714286,74.21428571,
1995-W31,NA,NA,NA,NA,,,,,,,,,,,,27.08392857,73.01785714,
1995-W32,NA,NA,NA,NA,,,,,,,,,,,,27.06071429,70.85714286,
1995-W33,NA,NA,NA,NA,,,,,,,,,,,,27.23928571,70.67857143,
1995-W34,NA,NA,NA,NA,,,,,,,,,,,,26.97321429,69.89285714,
1995-W35,NA,2.996007984,3.22754491,28/08/1995,,,,,,,,,,,,27.2625,69.75,
1995-W36,NA,NA,NA,NA,,,,,,,,,,,,26.14464286,66.57142857,
1995-W37,NA,NA,NA,NA,,,,,,,,,,,,25.9625,72.80357143,
1995-W38,NA,NA,NA,NA,,,,,,,,,,,,25.13035714,66.10714286,
1995-W39,NA,2.986083499,3.157057654,27/09/1995,,,,,,,,,,,,25.46428571,68.19642857,
1995-W40,NA,NA,NA,NA,,,,,,,,,,,,22.72321429,64.26785714,
1995-W41,NA,NA,NA,NA,,,,,,,,,,,,21.27142857,69.71428571,
1995-W42,NA,NA,NA,NA,,,,,,,,,,,,21.28571429,72.19642857,
1995-W43,NA,NA,NA,NA,,,,,,,,,,,,23.36785714,62.26785714,
1995-W44,NA,3,3.156435644,29/10/1995,,,,,,,,,,,,20.15714286,66.78571429,
1995-W45,NA,2.450396825,2.587301587,08/11/1995,,,,,,,,,,,,18.15,63.14285714,
1995-W46,NA,NA,NA,NA,,,,,,,,,,,,16.45714286,61.28571429,
1995-W47,NA,NA,NA,NA,,,,,,,,,,,,15.45178571,69.14285714,
1995-W48,NA,2.520958084,2.656686627,29/11/1995,,,,,,,,,,,,13.36607143,60.30357143,
1995-W49,NA,NA,NA,NA,,,,,,,,,,,,14.40535714,77.82142857,
1995-W50,NA,NA,NA,NA,,,,,,,,,,,,12.08392857,81.64285714,
1995-W51,NA,NA,NA,NA,,,,,,,,,,,,12.85178571,74.07142857,
1995-W52,NA,2.587301587,2.771825397,27/12/1995,,,,,,,,,,,,12.46785714,81.80357143,
1995-W53,NA,NA,NA,NA,,,,,,,,,,,,13.625,85.25,
1996-W00,NA,NA,NA,NA,,,,,,,,,,,,14.55,74.4375,
1996-W01,NA,NA,NA,NA,,,,,,,,,,,,12.30714286,80.21428571,
1996-W02,NA,NA,NA,NA,,,,,,,,,,,,10.18928571,83.89285714,
1996-W03,NA,NA,NA,NA,,,,,,,,,,,,12.21428571,72.625,
1996-W04,NA,2.72166998,3.027833002,29/01/1996,,,,,,,,,,,,14.32678571,78.89285714,
1996-W05,NA,NA,NA,NA,,,,,,,,,,,,15.2125,66.78571429,
1996-W06,NA,NA,NA,NA,,,,,,,,,,,,13.625,80.76785714,
1996-W07,NA,NA,NA,NA,,,,,,,,,,,,13.75178571,77.66071429,
1996-W08,NA,2.806387226,3.043912176,28/02/1996,,,,,,,,,,,,13.71071429,74.16071429,
1996-W09,NA,NA,NA,NA,,,,,,,,,,,,13.87678571,71.16071429,
1996-W10,NA,NA,NA,NA,,,,,,,,,,,,15.37321429,75.69642857,
1996-W11,NA,NA,NA,NA,,,,,,,,,,,,14.55535714,74.89285714,
1996-W12,NA,2.799603175,3.027777778,27/03/1996,,,,,,,,,,,,15.50535714,76.35714286,
1996-W13,NA,NA,NA,NA,,,,,,,,,,,,16.79285714,75.92857143,
1996-W14,NA,NA,NA,NA,,,,,,,,,,,,16.7,70.83928571,
1996-W15,NA,NA,NA,NA,,,,,,,,,,,,17.20714286,66.41071429,
1996-W16,NA,NA,NA,NA,,,,,,,,,,,,16.49642857,67.57142857,
1996-W17,NA,2.559760956,2.778884462,29/04/1996,,,,,,,,,,,,22.21607143,64.21428571,
1996-W18,NA,NA,NA,NA,,,,,,,,,,,,22.02142857,68.94642857,
1996-W19,NA,NA,NA,NA,,,,,,,,,,,,22.15178571,64.57142857,
1996-W20,NA,NA,NA,NA,,,,,,,,,,,,22.09821429,75.625,
1996-W21,NA,2.66468254,2.799603175,30/05/1996,,,,,,,,,,,,22.26071429,71.58928571,
1996-W22,NA,NA,NA,NA,,,,,,,,,,,,23.025,72.35714286,
1996-W23,NA,NA,NA,NA,,,,,,,,,,,,24.0875,75.05357143,
1996-W24,NA,NA,NA,NA,,,,,,,,,,,,23.93035714,70.01785714,
1996-W25,NA,NA,NA,NA,,,,,,,,,,,,25.26607143,72.375,
1996-W26,NA,2.545634921,2.801587302,30/06/1996,,,,,,,,,,,,25.88571429,70.42857143,
1996-W27,NA,NA,NA,NA,,,,,,,,,,,,26.34642857,71.14285714,
1996-W28,NA,NA,NA,NA,,,,,,,,,,,,26.65714286,71.91071429,
1996-W29,NA,NA,NA,NA,,,,,,,,,,,,26.80357143,71.82142857,
1996-W30,NA,2.590457256,2.821073559,29/07/1996,,,,,,,,,,,,27.22678571,73.73214286,
1996-W31,NA,NA,NA,NA,,,,,,,,,,,,26.66785714,74.76785714,
1996-W32,NA,NA,NA,NA,,,,,,,,,,,,27.39821429,74.91071429,
1996-W33,NA,NA,NA,NA,,,,,,,,,,,,26.28214286,69.03571429,
1996-W34,NA,2.507905138,2.808300395,28/08/1996,,,,,,,,,,,,26.34107143,70.67857143,
1996-W35,NA,NA,NA,NA,,,,,,,,,,,,27.12321429,67.28571429,
1996-W36,NA,NA,NA,NA,,,,,,,,,,,,25.30178571,67.75,
1996-W37,NA,NA,NA,NA,,,,,,,,,,,,25.72142857,64.32142857,
1996-W38,NA,2.611881188,3.055445545,26/09/1996,,,,,,,,,,,,25.11428571,70.875,
1996-W39,NA,NA,NA,NA,,,,,,,,,,,,23.63571429,69.83928571,
1996-W40,NA,NA,NA,NA,,,,,,,,,,,,23.65357143,65.08928571,
1996-W41,NA,NA,NA,NA,,,,,,,,,,,,23.46785714,54.17857143,
1996-W42,NA,NA,NA,NA,,,,,,,,,,,,21.39464286,68.48214286,
1996-W43,NA,2.57199211,2.958579882,30/10/1996,,,,,,,,,,,,17.91785714,71.94642857,
1996-W44,NA,NA,NA,NA,,,,,,,,,,,,18.17678571,75.82142857,
1996-W45,NA,NA,NA,NA,,,,,,,,,,,,21.29642857,41.08928571,
1996-W46,NA,NA,NA,NA,,,,,,,,,,,,19.78214286,77.66071429,
1996-W47,NA,2.63654224,2.937131631,28/11/1996,,,,,,,,,,,,18.17142857,77.21428571,
1996-W48,NA,NA,NA,NA,,,,,,,,,,,,16.83571429,71.10714286,
1996-W49,NA,NA,NA,NA,,,,,,,,,,,,14.71428571,80.83928571,
1996-W50,NA,NA,NA,NA,,,,,,,,,,,,14.56607143,76.58928571,
1996-W51,NA,NA,NA,NA,,,,,,,,,,,,15.29285714,73.76785714,
1996-W52,NA,2.515873016,2.827380952,30/12/1996,,,,,,,,,,,,13.20833333,76.70833333,
1997-W00,NA,NA,NA,NA,,,,,,,,,,,,12.590625,78.90625,
1997-W01,NA,NA,NA,NA,,,,,,,,,,,,14.82857143,71.41071429,
1997-W02,NA,NA,NA,NA,,,,,,,,,,,,14.1,75.96428571,
1997-W03,NA,NA,NA,NA,,,,,,,,,,,,11.71428571,77.33928571,
1997-W04,NA,2.431411531,2.73359841,29/01/1997,,,,,,,,,,,,11.42857143,76.01785714,
1997-W05,NA,NA,NA,NA,,,,,,,,,,,,9.596363636,61.30909091,
1997-W06,NA,NA,NA,NA,,,,,,,,,,,,10.26607143,71.07142857,
1997-W07,NA,NA,NA,NA,,,,,,,,,,,,13.54464286,76.66071429,
1997-W08,NA,2.569721116,2.900398406,26/02/1997,,,,,,,,,,,,12.66071429,71.41071429,
1997-W09,NA,NA,NA,NA,,,,,,,,,,,,13.12678571,76.69642857,
1997-W10,NA,NA,NA,NA,,,,,,,,,,,,13.67321429,70.26785714,
1997-W11,NA,NA,NA,NA,,,,,,,,,,,,14.52142857,72.01785714,
1997-W12,NA,NA,NA,NA,,,,,,,,,,,,12.85892857,66.71428571,
1997-W13,NA,2.677932406,3.13916501,30/03/1997,,,,,,,,,,,,16.48461538,66.69230769,
1997-W14,NA,NA,NA,NA,,,,,,,,,,,,13.43392857,58.60714286,
1997-W15,NA,NA,NA,NA,,,,,,,,,,,,17.01607143,61.92857143,
1997-W16,NA,NA,NA,NA,,,,,,,,,,,,21.13392857,62.85714286,
1997-W17,NA,2.693069307,3.02970297,30/04/1997,,,,,,,,,,,,18.35714286,64.19642857,
1997-W18,NA,NA,NA,NA,,,,,,,,,,,,19.475,73.21428571,
1997-W19,NA,NA,NA,NA,,,,,,,,,,,,21.85,76.23214286,
1997-W20,NA,NA,NA,NA,,,,,,,,,,,,22.14285714,68.625,
1997-W21,NA,2.446,2.966,29/05/1997,,,,,,,,,,,,22.2375,72.58928571,
1997-W22,NA,NA,NA,NA,,,,,,,,,,,,22.49821429,67.91071429,
1997-W23,NA,NA,NA,NA,,,,,,,,,,,,24.36607143,67.26785714,
1997-W24,NA,NA,NA,NA,,,,,,,,,,,,25.24285714,71.25,
1997-W25,NA,NA,NA,NA,,,,,,,,,,,,25.8125,70.66071429,
1997-W26,NA,2.533596838,2.976284585,30/06/1997,,,,,,,,,,,,26.3125,74.875,
1997-W27,NA,NA,NA,NA,,,,,,,,,,,,26.77857143,68.44642857,
1997-W28,NA,NA,NA,NA,,,,,,,,,,,,26.825,68.66071429,
1997-W29,NA,NA,NA,NA,,,,,,,,,,,,26.98571429,72.75,
1997-W30,NA,2.788235294,3.205882353,30/07/1997,,,,,,,,,,,,26.64464286,66.55357143,
1997-W31,NA,NA,NA,NA,,,,,,,,,,,,26.39464286,70,
1997-W32,NA,NA,NA,NA,,,,,,,,,,,,26.54464286,68.10714286,
1997-W33,NA,NA,NA,NA,,,,,,,,,,,,25.94642857,66.48214286,
1997-W34,NA,NA,NA,NA,,,,,,,,,,,,25.42678571,67.75,
1997-W35,NA,2.748,3.242,31/08/1997,,,,,,,,,,,,25.40535714,66.58928571,
1997-W36,NA,NA,NA,NA,,,,,,,,,,,,24.53928571,70.76785714,
1997-W37,NA,NA,NA,NA,,,,,,,,,,,,24.94821429,68.32142857,
1997-W38,NA,NA,NA,NA,,,,,,,,,,,,24.47678571,62.71428571,
1997-W39,NA,2.683168317,3.168316832,29/09/1997,,,,,,,,,,,,22.58301887,65.98113208,
1997-W40,NA,NA,NA,NA,,,,,,,,,,,,22.80892857,72.55357143,
1997-W41,NA,NA,NA,NA,,,,,,,,,,,,24.66607143,68.32142857,
1997-W42,NA,NA,NA,NA,,,,,,,,,,,,19.86964286,69.82142857,
1997-W43,NA,2.676587302,3.146825397,29/10/1997,,,,,,,,,,,,21.99285714,75.96428571,
1997-W44,NA,NA,NA,NA,,,,,,,,,,,,19.98035714,70.375,
1997-W45,NA,NA,NA,NA,,,,,,,,,,,,19.11964286,68.25,
1997-W46,NA,NA,NA,NA,,,,,,,,,,,,18.22545455,74.74545455,
1997-W47,NA,NA,NA,NA,,,,,,,,,,,,17.77678571,67.5,
1997-W48,NA,2.5249501,2.902195609,30/11/1997,,,,,,,,,,,,15.39166667,78.95833333,
1997-W49,NA,NA,NA,NA,,,,,,,,,,,,15.74107143,74.73214286,
1997-W50,NA,NA,NA,NA,,,,,,,,,,,,14.50181818,77.21818182,
1997-W51,NA,NA,NA,NA,,,,,,,,,,,,13.4625,78.64285714,
1997-W52,NA,2.683168317,2.934653465,30/12/1997,,,,,,,,,,,,14.403125,70.5625,
1998-W00,NA,NA,NA,NA,,,,,,,,,,,,11.5,71.08333333,
1998-W01,NA,NA,NA,NA,,,,,,,,,,,,12.98035714,79.14285714,
1998-W02,NA,NA,NA,NA,,,,,,,,,,,,11.97857143,76.83928571,
1998-W03,NA,NA,NA,NA,,,,,,,,,,,,13.31454545,72.49090909,
1998-W04,NA,2.674,2.938,28/01/1998,,,,,,,,,,,,13.25714286,77.39285714,
1998-W05,NA,NA,NA,NA,,,,,,,,,,,,14.82857143,71.5,
1998-W06,NA,NA,NA,NA,,,,,,,,,,,,12.91607143,76.26785714,
1998-W07,NA,NA,NA,NA,,,,,,,,,,,,13.23035714,72.35714286,
1998-W08,NA,2.698039216,3.21372549,25/02/1998,,,,,,,,,,,,13.66964286,71.75,
1998-W09,NA,NA,NA,NA,,,,,,,,,,,,14.12321429,75.53571429,
1998-W10,NA,NA,NA,NA,,,,,,,,,,,,15.12321429,67.14285714,
1998-W11,NA,NA,NA,NA,,,,,,,,,,,,14.13392857,67.66071429,
1998-W12,NA,NA,NA,NA,,,,,,,,,,,,15.45636364,57.07272727,
1998-W13,NA,2.592814371,3.023952096,29/03/1998,,,,,,,,,,,,15.05,70.25925926,
1998-W14,NA,NA,NA,NA,,,,,,,,,,,,18.52,71.27272727,
1998-W15,NA,NA,NA,NA,,,,,,,,,,,,26.04642857,50.32142857,
1998-W16,NA,NA,NA,NA,,,,,,,,,,,,18.34821429,64.23214286,
1998-W17,NA,2.748502994,2.992015968,27/04/1998,,,,,,,,,,,,18.80178571,66.33928571,
1998-W18,NA,NA,NA,NA,,,,,,,,,,,,24.63214286,59.94642857,
1998-W19,NA,NA,NA,NA,,,,,,,,,,,,19.89821429,71.46428571,
1998-W20,NA,NA,NA,NA,,,,,,,,,,,,21.49107143,62.32142857,
1998-W21,NA,2.63,3.042,28/05/1998,,,,,,,,,,,,21.81428571,71.19642857,
1998-W22,NA,NA,NA,NA,,,,,,,,,,,,22.36785714,72.64285714,
1998-W23,NA,NA,NA,NA,,,,,,,,,,,,24.10357143,68.85714286,
1998-W24,NA,NA,NA,NA,,,,,,,,,,,,24.84821429,70.53571429,
1998-W25,NA,NA,NA,NA,,,,,,,,,,,,24.99107143,69.32142857,
1998-W26,NA,2.561752988,2.944223108,29/06/1998,,,,,,,,,,,,26.1375,70.30357143,
1998-W27,NA,NA,NA,NA,,,,,,,,,,,,26.17272727,67.41818182,
1998-W28,NA,NA,NA,NA,,,,,,,,,,,,25.90892857,68.17857143,
1998-W29,NA,NA,NA,NA,,,,,,,,,,,,26.63392857,73.64285714,
1998-W30,NA,2.652087475,2.978131213,29/07/1998,,,,,,,,,,,,27.7625,71.78571429,
1998-W31,NA,NA,NA,NA,,,,,,,,,,,,28.44285714,76.05357143,
1998-W32,NA,NA,NA,NA,,,,,,,,,,,,29.14181818,71.78181818,
1998-W33,NA,NA,NA,NA,,,,,,,,,,,,27.81964286,71.32142857,
1998-W34,NA,NA,NA,NA,,,,,,,,,,,,27.40178571,69.375,
1998-W35,NA,2.621513944,2.978087649,30/08/1998,,,,,,,,,,,,26.91730769,69.92307692,
1998-W36,NA,NA,NA,NA,,,,,,,,,,,,28.05892857,61.875,
1998-W37,NA,NA,NA,NA,,,,,,,,,,,,26.94285714,66.64285714,
1998-W38,NA,NA,NA,NA,,,,,,,,,,,,25.01964286,61.41071429,
1998-W39,NA,2.779761905,3.067460317,27/09/1998,,,,,,,,,,,,24.80535714,68.375,
1998-W40,NA,NA,NA,NA,,,,,,,,,,,,24.19090909,66.8,
1998-W41,NA,NA,NA,NA,,,,,,,,,,,,25.91071429,48.05357143,
1998-W42,NA,NA,NA,NA,,,,,,,,,,,,21.5,69.78571429,
1998-W43,NA,2.343873518,2.768774704,27/10/1998,,,,,,,,,,,,21.15178571,67.98214286,
1998-W44,NA,NA,NA,NA,,,,,,,,,,,,21.39423077,73.55769231,
1998-W45,NA,NA,NA,NA,,,,,,,,,,,,19.01607143,76.01785714,
1998-W46,NA,NA,NA,NA,,,,,,,,,,,,19.24821429,70.82142857,
1998-W47,NA,NA,NA,NA,,,,,,,,,,,,19.43928571,77.19642857,
1998-W48,NA,2.609037328,3.090373281,29/11/1998,,,,,,,,,,,,17.63928571,61.57142857,
1998-W49,NA,NA,NA,NA,,,,,,,,,,,,18.40714286,60.92857143,
1998-W50,NA,NA,NA,NA,,,,,,,,,,,,14.97857143,58.05357143,
1998-W51,NA,NA,NA,NA,,,,,,,,,,,,14.3625,65.33928571,
1998-W52,NA,2.46,2.922,31/12/1998,,,,,,,,,,,,14.615,68.475,
1999-W00,NA,NA,NA,NA,,,,,,,,,,,,15.05625,71.5,
1999-W01,NA,NA,NA,NA,,,,,,,,,,,,13.43571429,75.41071429,
1999-W02,NA,NA,NA,NA,,,,,,,,,,,,12.97678571,73.30357143,
1999-W03,NA,NA,NA,NA,,,,,,,,,,,,12.875,76.39285714,
1999-W04,NA,2.504970179,2.827037773,27/01/1999,,,,,,,,,,,,12.61702128,77.72340426,
1999-W05,NA,NA,NA,NA,,,,,,,,,,,,13.0902439,80.3902439,
1999-W06,NA,NA,NA,NA,,,,,,,,,,,,13.392,73.42,
1999-W07,NA,NA,NA,NA,,,,,,,,,,,,14.4375,69,
1999-W08,NA,NA,NA,NA,,,,,,,,,,,,12.61764706,71.07843137,
1999-W09,NA,2.508,2.816,28/02/1999,,,,,,,,,,,,14.87142857,71.08928571,
1999-W10,NA,NA,NA,NA,,,,,,,,,,,,14.82352941,69.74509804,
1999-W11,NA,NA,NA,NA,,,,,,,,,,,,15.97843137,63.29411765,
1999-W12,NA,NA,NA,NA,,,,,,,,,,,,14.59069767,71.02325581,
1999-W13,NA,2.440078585,2.829076621,30/03/1999,,,,,,,,,,,,17.7755102,65.20408163,
1999-W14,NA,NA,NA,NA,,,,,,,,,,,,16.81636364,69.50909091,
1999-W15,NA,NA,NA,NA,,,,,,,,,,,,17.51346154,69.36538462,
1999-W16,NA,NA,NA,NA,,,,,,,,,,,,19.23035714,65.125,
1999-W17,NA,2.355731225,2.675889328,29/04/1999,,,,,,,,,,,,19.99464286,71.78571429,
1999-W18,NA,NA,NA,NA,,,,,,,,,,,,22.27321429,64.23214286,
1999-W19,NA,NA,NA,NA,,,,,,,,,,,,20.31785714,69.83928571,
1999-W20,NA,NA,NA,NA,,,,,,,,,,,,23.00357143,63.76785714,
1999-W21,NA,NA,NA,NA,,,,,,,,,,,,24.12321429,63.33928571,
1999-W22,NA,2.353293413,2.678642715,31/05/1999,,,,,,,,,,,,22.83571429,72.30357143,
1999-W23,NA,NA,NA,NA,,,,,,,,,,,,24.34464286,70.32142857,
1999-W24,NA,NA,NA,NA,,,,,,,,,,,,25.48214286,72.41071429,
1999-W25,NA,NA,NA,NA,,,,,,,,,,,,25.34642857,66.10714286,
1999-W26,NA,2.424901186,2.798418972,30/06/1999,,,,,,,,,,,,25.35535714,71.92857143,
1999-W27,NA,NA,NA,NA,,,,,,,,,,,,26.1625,73.64285714,
1999-W28,NA,NA,NA,NA,,,,,,,,,,,,27.56071429,71.73214286,
1999-W29,NA,NA,NA,NA,,,,,,,,,,,,27.02321429,70.30357143,
1999-W30,NA,2.409181637,2.542914172,29/07/1999,,,,,,,,,,,,26.81090909,68.54545455,
1999-W31,NA,NA,NA,NA,,,,,,,,,,,,26.875,67.96428571,
1999-W32,NA,NA,NA,NA,,,,,,,,,,,,27.75535714,70.89285714,
1999-W33,NA,NA,NA,NA,,,,,,,,,,,,28.10545455,72.63636364,
1999-W34,NA,NA,NA,NA,,,,,,,,,,,,27.84642857,66.33928571,
1999-W35,NA,2.49304175,2.831013917,31/08/1999,,,,,,,,,,,,26.80535714,61.08928571,
1999-W36,NA,NA,NA,NA,,,,,,,,,,,,26.76071429,64.55357143,
1999-W37,NA,NA,NA,NA,,,,,,,,,,,,26.34107143,64.96428571,
1999-W38,NA,NA,NA,NA,,,,,,,,,,,,25.36964286,68.21428571,
1999-W39,NA,2.518962076,2.858283433,30/09/1999,,,,,,,,,,,,26.04107143,69.80357143,
1999-W40,NA,NA,NA,NA,,,,,,,,,,,,24.525,66.51785714,
1999-W41,NA,NA,NA,NA,,,,,,,,,,,,22.90892857,62.07142857,
1999-W42,NA,NA,NA,NA,,,,,,,,,,,,22.63571429,70.51785714,
1999-W43,NA,2.51497006,2.832335329,26/10/1999,,,,,,,,,,,,22.03035714,67.05357143,
1999-W44,NA,NA,NA,NA,,,,,,,,,,,,21.19821429,53.26785714,
1999-W45,NA,NA,NA,NA,,,,,,,,,,,,18.67678571,68.5,
1999-W46,NA,NA,NA,NA,,,,,,,,,,,,19.11071429,63.14285714,
1999-W47,NA,NA,NA,NA,,,,,,,,,,,,19.13035714,58.46428571,
1999-W48,NA,2.488593156,3.007604563,30/11/1999,,,,,,,,,,,,12.55454545,45.16363636,
1999-W49,NA,NA,NA,NA,,,,,,,,,,,,15.51071429,55.57142857,
1999-W50,NA,NA,NA,NA,,,,,,,,,,,,14.68214286,75.10714286,
1999-W51,NA,NA,NA,NA,,,,,,,,,,,,15.08392857,75.60714286,
1999-W52,NA,2.636007828,2.984344423,28/12/1999,,,,,,,,,,,,13.99583333,75.41666667,
2000-W00,NA,NA,NA,NA,,,,,,,,,,,,15.9625,82.375,
2000-W01,NA,NA,NA,NA,,,,,,,,,,,,13.23392857,81.89285714,
2000-W02,NA,NA,NA,NA,,,,,,,,,,,,11.21607143,68.98214286,
2000-W03,NA,NA,NA,NA,,,,,,,,,,,,12.07272727,63.32727273,
2000-W04,NA,NA,NA,NA,,,,,,,,,,,,10.75714286,75.85714286,
2000-W05,NA,2.496,2.762,31/01/2000,,,,,,,,,,,,11.50714286,73.44642857,
2000-W06,NA,NA,NA,NA,,,,,,,,,,,,12.42678571,64.80357143,
2000-W07,NA,NA,NA,NA,,,,,,,,,,,,12.76071429,72.32142857,
2000-W08,NA,NA,NA,NA,,,,,,,,,,,,12.35178571,69.69642857,
2000-W09,NA,2.55489022,3.00998004,02/03/2000,,,,,,,,,,,,12.27321429,72.58928571,
2000-W10,NA,NA,NA,NA,,,,,,,,,,,,12.89285714,64.98214286,
2000-W11,NA,NA,NA,NA,,,,,,,,,,,,14.41071429,72.32142857,
2000-W12,NA,NA,NA,NA,,,,,,,,,,,,13.89285714,70.58928571,
2000-W13,NA,2.67248062,2.990310078,31/03/2000,,,,,,,,,,,,16.11428571,74.03571429,
2000-W14,NA,NA,NA,NA,,,,,,,,,,,,18.87142857,70.17857143,
2000-W15,NA,NA,NA,NA,,,,,,,,,,,,19.79821429,58.33928571,
2000-W16,NA,NA,NA,NA,,,,,,,,,,,,19.7125,63.23214286,
2000-W17,NA,NA,NA,NA,,,,,,,,,,,,18.04821429,72.39285714,
2000-W18,NA,2.664670659,2.930139721,30/04/2000,,,,,,,,,,,,19.84821429,68.44642857,
2000-W19,NA,NA,NA,NA,,,,,,,,,,,,19.23035714,65.19642857,
2000-W20,NA,NA,NA,NA,,,,,,,,,,,,21.70178571,67.51785714,
2000-W21,NA,NA,NA,NA,,,,,,,,,,,,21.11428571,64.01785714,
2000-W22,NA,2.617647059,3.2,30/05/2000,,,,,,,,,,,,23.59636364,66.10909091,
2000-W23,NA,NA,NA,NA,,,,,,,,,,,,23.10892857,69.41071429,
2000-W24,NA,NA,NA,NA,,,,,,,,,,,,25.76607143,66.98214286,
2000-W25,NA,NA,NA,NA,,,,,,,,,,,,24.93214286,63.19642857,
2000-W26,NA,2.830677291,2.701195219,25/06/2000,,,,,,,,,,,,25.64107143,72.30357143,
2000-W27,NA,NA,NA,NA,,,,,,,,,,,,27.48571429,71.57142857,
2000-W28,NA,NA,NA,NA,,,,,,,,,,,,27.89821429,73.10714286,
2000-W29,NA,NA,NA,NA,,,,,,,,,,,,26.80535714,68.53571429,
2000-W30,NA,NA,NA,NA,,,,,,,,,,,,27.39230769,68.51923077,
2000-W31,NA,2.734774067,3.066797642,31/07/2000,,,,,,,,,,,,28.05,67.76785714,
2000-W32,NA,NA,NA,NA,,,,,,,,,,,,26.70178571,68.14285714,
2000-W33,NA,NA,NA,NA,,,,,,,,,,,,27.3625,70.76785714,
2000-W34,NA,NA,NA,NA,,,,,,,,,,,,27.21607143,69.55357143,
2000-W35,NA,2.659491194,2.931506849,29/08/2000,,,,,,,,,,,,26.65178571,65.32142857,
2000-W36,NA,NA,NA,NA,,,,,,,,,,,,26.50535714,64.5,
2000-W37,NA,NA,NA,NA,,,,,,,,,,,,25.97142857,68.42857143,
2000-W38,NA,NA,NA,NA,,,,,,,,,,,,25.84285714,71.28571429,
2000-W39,NA,2.395209581,2.80239521,26/09/2000,,,,,,,,,,,,24.14821429,64.71428571,
2000-W40,NA,2.602713178,3.166666667,02/10/2000,,,,,,,,,,,1,25.29821429,58.51785714,
2000-W41,NA,NA,NA,NA,,,,,,,,,,,1,23.57142857,68.46428571,
2000-W42,NA,NA,NA,NA,,,,,,,,,,,1,21.86607143,71.71428571,
2000-W43,NA,NA,NA,NA,,,,,,,,,,,1,17.99107143,73.83928571,
2000-W44,NA,2.885214008,3.287937743,29/10/2000,,,,,,,,,,,1,18.89285714,72.41071429,
2000-W45,NA,NA,NA,NA,,,,,,,,,,,1,18.95357143,56.42857143,
2000-W46,NA,NA,NA,NA,,,,,,,,,,,1,18.1875,56.57142857,
2000-W47,NA,NA,NA,NA,,,,,,,,,,,1,16.00892857,66.91071429,
2000-W48,NA,2.85515873,3.194444444,29/11/2000,,,,,,,,,,,1,16.01428571,68.42857143,
2000-W49,NA,NA,NA,NA,,,,,,,,,,,1,15.43571429,72.17857143,
2000-W50,NA,NA,NA,NA,,,,,,,,,,,1,14.16964286,78.28571429,
2000-W51,NA,NA,NA,NA,,,,,,,,,,,1,13.75714286,79.76785714,
2000-W52,NA,2.950298211,2.574552684,25/12/2000,,,,,,,,,,,1,13.35714286,70.05357143,
2000-W53,NA,NA,NA,NA,,,,,,,,,,,1,13.6625,62.75,
2001-W00,NA,NA,NA,NA,,,,,,,,,,,1,12.88333333,81.92857143,
2001-W01,NA,NA,NA,NA,,,,,,,,,,,1,13.44107143,77.64285714,
2001-W02,NA,NA,NA,NA,,,,,,,,,,,1,12.73035714,78.41071429,
2001-W03,NA,NA,NA,NA,,,,,,,,,,,1,11.58392857,76.91071429,
2001-W04,NA,2.976143141,3.351888668,31/01/2001,,,,,,,,,,,1,11.89285714,66.23214286,
2001-W05,NA,NA,NA,NA,,,,,,,,,,,1,12.43214286,77.46428571,
2001-W06,NA,NA,NA,NA,,,,,,,,,,,1,13.74642857,71.03571429,
2001-W07,NA,NA,NA,NA,,,,,,,,,,,1,11.95892857,72.53571429,
2001-W08,NA,2.812749004,3.310756972,28/02/2001,,,,,,,,,,,1,16.05714286,67.25,
2001-W09,NA,NA,NA,NA,,,,,,,,,,,1,16.08035714,77.32142857,
2001-W10,NA,NA,NA,NA,,,,,,,,,,,1,16.58392857,75.625,
2001-W11,NA,NA,NA,NA,,,,,,,,,,,1,18.61071429,69.58928571,
2001-W12,NA,3.12992126,3.62992126,29/03/2001,,,,,,,,,,,1,20.29821429,55.32142857,
2001-W13,NA,NA,NA,NA,,,,,,,,,,,1,18.73035714,67.14285714,
2001-W14,NA,NA,NA,NA,,,,,,,,,,,1,17.38571429,69.05357143,
2001-W15,NA,NA,NA,NA,,,,,,,,,,,1,20.05,58.58928571,
2001-W16,NA,NA,NA,NA,,,,,,,,,,,1,20.70714286,59.94642857,
2001-W17,NA,2.888888889,3.545634921,30/04/2001,,,,,,,,,,,1,21.55714286,64.23214286,
2001-W18,NA,NA,NA,NA,,,,,,,,,,,1,21.1,58.73214286,
2001-W19,NA,NA,NA,NA,,,,,,,,,,,1,20.79821429,64.03571429,
2001-W20,NA,NA,NA,NA,,,,,,,,,,,1,23.07857143,65.42857143,
2001-W21,NA,3.014,3.668,31/05/2001,,,,,,,,,,,1,24.81785714,66.23214286,
2001-W22,NA,NA,NA,NA,,,,,,,,,,,1,23.30178571,67.375,
2001-W23,NA,NA,NA,NA,,,,,,,,,,,1,24.61785714,66,
2001-W24,NA,NA,NA,NA,,,,,,,,,,,1,24.8625,66.60714286,
2001-W25,NA,3.116831683,3.665346535,26/06/2001,,,,,,,,,,,1,24.80178571,68.78571429,
2001-W26,NA,NA,NA,NA,,,,,,,,,,,1,25.11607143,68.33928571,
2001-W27,NA,NA,NA,NA,,,,,,,,,,,1,26.3375,70.92857143,
2001-W28,NA,NA,NA,NA,,,,,,,,,,,1,26.90178571,72.17857143,
2001-W29,NA,NA,NA,NA,,,,,,,,,,,1,26.85892857,70.14285714,
2001-W30,2.192842942,3.141153082,3.622266402,31/07/2001,0,0,0,0,0,0,0,0,0,0,1,27.46607143,68.53571429,NA
2001-W31,NA,NA,NA,NA,4,2,2,4,0,16,14,2,16,0,1,28.15,72.33928571,2001-08-05 UTC--2001-08-11 UTC
2001-W32,NA,NA,NA,NA,0,0,0,0,0,0,0,0,0,0,1,27.9875,67.83928571,NA
2001-W33,NA,NA,NA,NA,2,0,2,1,1,6,0,6,3,3,1,27.1625,65.53571429,2001-08-19 UTC--2001-08-25 UTC
2001-W34,2.38627451,3.378431373,3.866666667,30/08/2001,4,0,4,4,0,4,0,4,4,0,1,27.20714286,68.17857143,2001-08-26 UTC--2001-09-01 UTC
2001-W35,NA,NA,NA,NA,0,0,0,0,0,0,0,0,0,0,1,27.48392857,65.23214286,NA
2001-W36,NA,NA,NA,NA,5,1,4,4,1,9,3,6,7,2,1,26.05892857,61.875,2001-09-09 UTC--2001-09-15 UTC
2001-W37,NA,NA,NA,NA,2,0,2,1,1,2,0,2,1,1,1,25.09464286,67.82142857,2001-09-16 UTC--2001-09-22 UTC
2001-W38,2.28458498,3.266798419,3.95256917,26/09/2001,2,1,1,2,0,2,1,1,2,0,1,25.3375,68.98214286,2001-09-23 UTC--2001-09-29 UTC
2001-W39,NA,NA,NA,NA,3,1,2,3,0,6,3,3,6,0,1,24.53392857,63.5,2001-09-30 UTC--2001-10-06 UTC
2001-W40,NA,NA,NA,NA,1,1,0,1,0,1,1,0,1,0,1,25.05454545,71.76363636,2001-10-07 UTC--2001-10-13 UTC
2001-W41,NA,NA,NA,NA,2,0,2,2,0,2,0,2,2,0,1,23.66964286,65.94642857,2001-10-14 UTC--2001-10-20 UTC
2001-W42,NA,NA,NA,NA,0,0,0,0,0,0,0,0,0,0,1,21.98035714,69.39285714,NA
2001-W43,2.150793651,3.154761905,3.797619048,31/10/2001,3,2,1,2,1,6,5,1,5,1,1,20.14821429,65.73214286,2001-10-28 UTC--2001-11-03 UTC
2001-W44,NA,NA,NA,NA,3,0,3,2,1,4,0,4,3,1,1,19.65714286,70.08928571,2001-11-04 UTC--2001-11-10 UTC
2001-W45,NA,NA,NA,NA,1,1,0,1,0,1,1,0,1,0,1,20.05178571,63.57142857,2001-11-11 UTC--2001-11-17 UTC
2001-W46,NA,NA,NA,NA,1,0,1,1,0,1,0,1,1,0,1,15.14642857,62.60714286,2001-11-18 UTC--2001-11-24 UTC
2001-W47,2.17794971,3.032882012,3.773694391,29/11/2001,5,3,2,3,2,18,16,2,14,4,1,16.48392857,70.5,2001-11-25 UTC--2001-12-01 UTC
2001-W48,NA,NA,NA,NA,2,1,1,2,0,15,14,1,15,0,1,15.15178571,64.10714286,2001-12-02 UTC--2001-12-08 UTC
2001-W49,NA,NA,NA,NA,1,0,1,1,0,10,0,10,10,0,1,14.54642857,73.625,2001-12-09 UTC--2001-12-15 UTC
2001-W50,NA,NA,NA,NA,0,0,0,0,0,0,0,0,0,0,1,12.38928571,73.69642857,NA
2001-W51,NA,NA,NA,NA,0,0,0,0,0,0,0,0,0,0,1,14.75178571,73.33928571,NA
2001-W52,2.18503937,3.143700787,3.704724409,31/12/2001,0,0,0,0,0,0,0,0,0,0,1,12.95625,65.4375,NA
2002-W00,NA,NA,NA,NA,0,0,0,0,0,0,0,0,0,0,1,12.8025,62.05,NA
2002-W01,NA,NA,NA,NA,1,1,0,1,0,4,4,0,4,0,1,9.342857143,76.01785714,2002-01-06 UTC--2002-01-12 UTC
2002-W02,NA,NA,NA,NA,4,1,3,3,1,9,6,3,8,1,1,11.16071429,68.80357143,2002-01-13 UTC--2002-01-19 UTC
2002-W03,NA,NA,NA,NA,1,1,0,1,0,2,2,0,2,0,1,11.83571429,69.51785714,2002-01-20 UTC--2002-01-26 UTC
2002-W04,2.273809524,3.194444444,3.859126984,31/01/2002,1,1,0,1,0,1,1,0,1,0,1,12.675,71.42857143,2002-01-27 UTC--2002-02-02 UTC
2002-W05,NA,NA,NA,NA,3,1,2,3,0,5,1,4,5,0,1,14.91785714,60.21428571,2002-02-03 UTC--2002-02-09 UTC
2002-W06,NA,NA,NA,NA,3,1,2,2,1,8,2,6,5,3,1,14.13928571,77.73214286,2002-02-10 UTC--2002-02-16 UTC
2002-W07,NA,NA,NA,NA,4,0,4,2,2,11,0,11,2,9,1,13.7,60.94642857,2002-02-17 UTC--2002-02-23 UTC
2002-W08,2.09375,3.140625,3.728515625,28/02/2002,7,1,6,5,2,18,11,7,16,2,1,14.3875,64.92857143,2002-02-24 UTC--2002-03-02 UTC
2002-W09,NA,NA,NA,NA,11,6,5,7,4,35,17,18,22,13,1,17.64117647,63.82352941,2002-03-03 UTC--2002-03-09 UTC
2002-W10,NA,NA,NA,NA,4,0,4,2,2,6,0,6,2,4,1,18.27115385,62.96153846,2002-03-10 UTC--2002-03-16 UTC
2002-W11,NA,NA,NA,NA,4,3,1,3,1,12,11,1,11,1,1,16.82075472,72.26415094,2002-03-17 UTC--2002-03-23 UTC
2002-W12,1.978217822,3.063366337,3.671287129,25/03/2002,9,4,5,7,2,41,31,10,38,3,1,15.01960784,63.60784314,2002-03-24 UTC--2002-03-30 UTC
2002-W13,NA,NA,NA,NA,7,2,5,3,4,26,16,10,17,9,1,17,61.66666667,2002-03-31 UTC--2002-04-06 UTC
2002-W14,NA,NA,NA,NA,5,2,3,3,2,29,12,17,13,16,1,17.09019608,65.33333333,2002-04-07 UTC--2002-04-13 UTC
2002-W15,NA,NA,NA,NA,1,0,1,1,0,1,0,1,1,0,1,21.17321429,55.71428571,2002-04-14 UTC--2002-04-20 UTC
2002-W16,NA,3.342629482,3.832669323,25/04/2002,2,0,2,1,1,5,0,5,4,1,1,17.69285714,66.96428571,2002-04-21 UTC--2002-04-27 UTC
2002-W17,NA,NA,NA,NA,1,0,1,0,1,1,0,1,0,1,1,17.81132075,71.47169811,2002-04-28 UTC--2002-05-04 UTC
2002-W18,NA,NA,NA,NA,1,1,0,1,0,15,15,0,15,0,1,20.08392857,67.21428571,2002-05-05 UTC--2002-05-11 UTC
2002-W19,NA,NA,NA,NA,1,0,1,1,0,1,0,1,1,0,1,21.25357143,65.58928571,2002-05-12 UTC--2002-05-18 UTC
2002-W20,NA,NA,NA,NA,3,2,1,2,1,6,5,1,5,1,1,21.30714286,68.66071429,2002-05-19 UTC--2002-05-25 UTC
2002-W21,2.181818182,3.290513834,3.920948617,31/05/2002,3,1,2,3,0,6,2,4,6,0,1,22.56428571,69.75,2002-05-26 UTC--2002-06-01 UTC
2002-W22,NA,NA,NA,NA,3,1,2,3,0,21,17,4,21,0,1,24.50892857,59.10714286,2002-06-02 UTC--2002-06-08 UTC
2002-W23,NA,NA,NA,NA,2,1,1,1,1,4,1,3,1,3,1,25.59464286,66.25,2002-06-09 UTC--2002-06-15 UTC
2002-W24,NA,NA,NA,NA,4,1,3,3,1,32,19,13,30,2,1,24.72884615,70.71153846,2002-06-16 UTC--2002-06-22 UTC
2002-W25,NA,NA,NA,NA,0,0,0,0,0,0,0,0,0,0,1,25.48392857,70.55357143,NA
2002-W26,2.323353293,3.235528942,3.664670659,30/06/2002,0,0,0,0,0,0,0,0,0,0,1,26.44727273,72.70909091,NA
2002-W27,NA,NA,NA,NA,1,0,1,0,1,1,0,1,0,1,1,27.09464286,68.625,2002-07-07 UTC--2002-07-13 UTC
2002-W28,NA,NA,NA,NA,3,1,2,2,1,12,2,10,11,1,1,28.10178571,73.48214286,2002-07-14 UTC--2002-07-20 UTC
2002-W29,NA,NA,NA,NA,2,0,2,2,0,5,0,5,5,0,1,27.59464286,69.25,2002-07-21 UTC--2002-07-27 UTC
2002-W30,2.113948919,3.166994106,3.836935167,31/07/2002,3,1,2,3,0,8,5,3,8,0,1,29.08518519,69.85185185,2002-07-28 UTC--2002-08-03 UTC
2002-W31,NA,NA,NA,NA,4,1,3,4,0,11,7,4,11,0,1,28.21785714,72.69642857,2002-08-04 UTC--2002-08-10 UTC
2002-W32,NA,NA,NA,NA,0,0,0,0,0,0,0,0,0,0,1,28.36071429,71.94642857,NA
2002-W33,NA,NA,NA,NA,1,0,1,0,1,1,0,1,0,1,1,26.91428571,70.76785714,2002-08-18 UTC--2002-08-24 UTC
2002-W34,2.131782946,3.207364341,3.800387597,31/08/2002,0,0,0,0,0,0,0,0,0,0,1,27.07678571,74.51785714,NA
2002-W35,NA,NA,NA,NA,2,0,2,0,2,2,0,2,0,2,1,26.85,66.35714286,2002-09-01 UTC--2002-09-07 UTC
2002-W36,NA,NA,NA,NA,0,0,0,0,0,0,0,0,0,0,1,26.28392857,65,NA
2002-W37,NA,NA,NA,NA,4,2,2,4,0,8,6,2,8,0,1,26.62321429,61.17857143,2002-09-15 UTC--2002-09-21 UTC
2002-W38,NA,NA,NA,NA,2,0,2,1,1,2,0,2,1,1,1,25.2125,72.55357143,2002-09-22 UTC--2002-09-28 UTC
2002-W39,NA,3.067698259,3.659574468,30/09/2002,1,0,1,0,1,1,0,1,0,1,1,25.73272727,63.38181818,2002-09-29 UTC--2002-10-05 UTC
2002-W40,NA,NA,NA,NA,2,1,1,2,0,2,1,1,2,0,1,24.4125,71.17857143,2002-10-06 UTC--2002-10-12 UTC
2002-W41,NA,NA,NA,NA,0,0,0,0,0,0,0,0,0,0,1,23.78518519,76.55555556,NA
2002-W42,NA,NA,NA,NA,1,1,0,1,0,13,13,0,13,0,1,22.68518519,73.44444444,2002-10-20 UTC--2002-10-26 UTC
2002-W43,2.187747036,2.994071146,3.671936759,30/10/2002,2,0,2,2,0,6,0,6,6,0,1,21.45272727,71.63636364,2002-10-27 UTC--2002-11-02 UTC
2002-W44,NA,NA,NA,NA,3,1,2,2,1,5,2,3,4,1,1,21.55,62.92857143,2002-11-03 UTC--2002-11-09 UTC
2002-W45,NA,NA,NA,NA,2,1,1,2,0,17,5,12,17,0,1,19.63035714,61.69642857,2002-11-10 UTC--2002-11-16 UTC
2002-W46,NA,NA,NA,NA,3,1,2,2,1,12,10,2,11,1,1,20.18214286,41.32142857,2002-11-17 UTC--2002-11-23 UTC
2002-W47,2.13243762,3.157389635,3.710172745,30/11/2002,1,1,0,1,0,6,6,0,6,0,1,17.39642857,65.82142857,2002-11-24 UTC--2002-11-30 UTC
2002-W48,NA,NA,NA,NA,0,0,0,0,0,0,0,0,0,0,1,17.22321429,69.39285714,NA
2002-W49,NA,NA,NA,NA,1,0,1,0,1,2,0,2,0,2,1,15.45178571,67.03571429,2002-12-08 UTC--2002-12-14 UTC
2002-W50,NA,NA,NA,NA,1,0,1,1,0,1,0,1,1,0,1,14.32857143,76.46428571,2002-12-15 UTC--2002-12-21 UTC
2002-W51,NA,NA,NA,NA,1,0,1,1,0,4,0,4,4,0,1,13.15535714,83.10714286,2002-12-22 UTC--2002-12-28 UTC
2002-W52,2.156435644,3.144554455,3.75049505,31/12/2002,0,0,0,0,0,0,0,0,0,0,1,14.1,77.16666667,NA
2003-W00,NA,NA,NA,NA,1,0,1,1,0,1,0,1,1,0,1,14.15625,79.1875,2002-12-29 UTC--2003-01-04 UTC
2003-W01,NA,NA,NA,NA,1,1,0,1,0,15,15,0,15,0,1,15.07777778,70.22222222,2003-01-05 UTC--2003-01-11 UTC
2003-W02,NA,NA,NA,NA,3,2,1,2,1,3,2,1,2,1,1,15.13571429,70.76785714,2003-01-12 UTC--2003-01-18 UTC
2003-W03,NA,NA,NA,NA,1,0,1,0,1,3,0,3,0,3,1,12.48571429,81.03571429,2003-01-19 UTC--2003-01-25 UTC
2003-W04,2.131212724,3.234592445,3.69582505,31/01/2003,0,0,0,0,0,0,0,0,0,0,1,13.45892857,69.76785714,NA
2003-W05,NA,NA,NA,NA,1,0,1,0,1,2,0,2,0,2,1,12.92037037,67.85185185,2003-02-02 UTC--2003-02-08 UTC
2003-W06,NA,NA,NA,NA,2,0,2,0,2,6,0,6,0,6,1,12.18214286,80.78571429,2003-02-09 UTC--2003-02-15 UTC
2003-W07,NA,NA,NA,NA,0,0,0,0,0,0,0,0,0,0,1,13.86071429,72.73214286,NA
2003-W08,2.075098814,3.059288538,3.606719368,28/02/2003,1,0,1,0,1,1,0,1,0,1,1,11.03035714,78.48214286,2003-02-23 UTC--2003-03-01 UTC
2003-W09,NA,NA,NA,NA,2,1,1,2,0,19,17,2,19,0,1,15.2875,69.96428571,2003-03-02 UTC--2003-03-08 UTC
2003-W10,NA,NA,NA,NA,2,0,2,0,2,2,0,2,0,2,1,13.97321429,79.26785714,2003-03-09 UTC--2003-03-15 UTC
2003-W11,NA,NA,NA,NA,2,0,2,1,1,2,0,2,1,1,1,14.19821429,78.01785714,2003-03-16 UTC--2003-03-22 UTC
2003-W12,NA,NA,NA,NA,0,0,0,0,0,0,0,0,0,0,1,12.41785714,79.41071429,NA
2003-W13,2.12749004,3.173306773,3.810756972,31/03/2003,0,0,0,0,0,0,0,0,0,0,1,20.05714286,64.625,NA
2003-W14,NA,NA,NA,NA,1,0,1,0,1,2,0,2,0,2,1,17.50178571,74.26785714,2003-04-06 UTC--2003-04-12 UTC
2003-W15,NA,NA,NA,NA,2,0,2,1,1,2,0,2,1,1,1,17.82857143,70.96428571,2003-04-13 UTC--2003-04-19 UTC
2003-W16,NA,NA,NA,NA,2,1,1,1,1,2,1,1,1,1,1,19.06964286,63.71428571,2003-04-20 UTC--2003-04-26 UTC
2003-W17,1.962745098,3.050980392,3.6,30/04/2003,0,0,0,0,0,0,0,0,0,0,1,19.59821429,60.94642857,NA
2003-W18,NA,NA,NA,NA,1,0,1,1,0,1,0,1,1,0,1,25.79107143,48.75,2003-05-04 UTC--2003-05-10 UTC
2003-W19,NA,NA,NA,NA,2,0,2,2,0,3,0,3,3,0,1,25.13809524,60.66666667,2003-05-11 UTC--2003-05-17 UTC
2003-W20,NA,NA,NA,NA,2,1,1,2,0,9,3,6,9,0,1,23.14814815,70.57407407,2003-05-18 UTC--2003-05-24 UTC
2003-W21,NA,3.137176938,3.568588469,30/05/2003,0,0,0,0,0,0,0,0,0,0,1,24.01607143,62.07142857,NA
2003-W22,NA,NA,NA,NA,0,0,0,0,0,0,0,0,0,0,1,23.16964286,73.10714286,NA
2003-W23,NA,NA,NA,NA,5,1,4,2,3,24,17,7,18,6,1,24.15178571,73.82142857,2003-06-08 UTC--2003-06-14 UTC
2003-W24,NA,NA,NA,NA,3,2,1,3,0,3,2,1,3,0,1,25.70892857,68.25,2003-06-15 UTC--2003-06-21 UTC
2003-W25,NA,NA,NA,NA,2,1,1,1,1,2,1,1,1,1,1,25.76727273,72.41818182,2003-06-22 UTC--2003-06-28 UTC
2003-W26,NA,2.872255489,3.508982036,30/06/2003,0,0,0,0,0,0,0,0,0,0,1,26.71964286,71.98214286,NA
2003-W27,NA,NA,NA,NA,1,1,0,1,0,1,1,0,1,0,1,26.73214286,67.60714286,2003-07-06 UTC--2003-07-12 UTC
2003-W28,NA,NA,NA,NA,1,1,0,1,0,1,1,0,1,0,1,25.754,73.04,2003-07-13 UTC--2003-07-19 UTC
2003-W29,NA,NA,NA,NA,0,0,0,0,0,0,0,0,0,0,1,26.868,72.38,NA
2003-W30,1.938735178,3.001976285,3.450592885,31/07/2003,0,0,0,0,0,0,0,0,0,0,1,27.04107143,73.21428571,NA
2003-W31,NA,NA,NA,NA,1,0,1,0,1,1,0,1,0,1,1,27.40357143,72.73214286,2003-08-03 UTC--2003-08-09 UTC
2003-W32,NA,NA,NA,NA,2,1,1,2,0,3,1,2,3,0,1,27.75178571,71.48214286,2003-08-10 UTC--2003-08-16 UTC
2003-W33,NA,NA,NA,NA,1,1,0,1,0,23,23,0,23,0,1,27.19107143,74.53571429,2003-08-17 UTC--2003-08-23 UTC
2003-W34,NA,NA,NA,NA,1,0,1,1,0,1,0,1,1,0,1,26.96785714,72.85714286,2003-08-24 UTC--2003-08-30 UTC
2003-W35,2.150390625,3.171875,3.9375,31/08/2003,2,0,2,0,2,2,0,2,0,2,1,27.32142857,66.55357143,2003-08-31 UTC--2003-09-06 UTC
2003-W36,NA,NA,NA,NA,2,2,0,2,0,16,16,0,16,0,1,25.72678571,64.5,2003-09-07 UTC--2003-09-13 UTC
2003-W37,NA,NA,NA,NA,0,0,0,0,0,0,0,0,0,0,1,25.36607143,67,NA
2003-W38,NA,NA,NA,NA,2,0,2,1,1,3,0,3,2,1,1,24.34107143,68.91071429,2003-09-21 UTC--2003-09-27 UTC
2003-W39,2.087548638,3.040856031,3.778210117,30/09/2003,1,1,0,1,0,21,21,0,21,0,1,23.8375,68.64285714,2003-09-28 UTC--2003-10-04 UTC
2003-W40,NA,NA,NA,NA,0,0,0,0,0,0,0,0,0,0,1,24.36607143,73.42857143,NA
2003-W41,NA,NA,NA,NA,0,0,0,0,0,0,0,0,0,0,1,21.98571429,69.89285714,NA
2003-W42,NA,NA,NA,NA,2,0,2,0,2,6,0,6,0,6,1,23.56785714,72.25,2003-10-19 UTC--2003-10-25 UTC
2003-W43,2.035714286,3.198412698,3.763888889,30/10/2003,0,0,0,0,0,0,0,0,0,0,1,22.28214286,63.48214286,NA
2003-W44,NA,NA,NA,NA,0,0,0,0,0,0,0,0,0,0,1,21.93571429,74.89285714,NA
2003-W45,NA,NA,NA,NA,0,0,0,0,0,0,0,0,0,0,1,17.825,73.03571429,NA
2003-W46,NA,NA,NA,NA,2,0,2,1,1,4,0,4,2,2,1,17.49821429,69.92857143,2003-11-16 UTC--2003-11-22 UTC
2003-W47,NA,NA,NA,NA,0,0,0,0,0,0,0,0,0,0,1,17.37321429,74.08928571,NA
2003-W48,1.880626223,2.949119374,3.726027397,30/11/2003,0,0,0,0,0,0,0,0,0,0,1,14.58214286,84.33928571,NA
2003-W49,NA,NA,NA,NA,0,0,0,0,0,0,0,0,0,0,1,15.875,71.375,NA
2003-W50,NA,NA,NA,NA,0,0,0,0,0,0,0,0,0,0,1,15.5,69.41071429,NA
2003-W51,NA,NA,NA,NA,2,1,1,1,1,6,4,2,4,2,1,13.15178571,64.66071429,2003-12-21 UTC--2003-12-27 UTC
2003-W52,2.015717092,3.139489194,3.695481336,31/12/2003,0,0,0,0,0,0,0,0,0,0,1,13.484375,71.6875,NA
2004-W00,NA,NA,NA,NA,0,0,0,0,0,0,0,0,0,0,1,12.359375,74.78125,NA
2004-W01,NA,NA,NA,NA,0,0,0,0,0,0,0,0,0,0,1,11.82678571,79.42857143,NA
2004-W02,NA,NA,NA,NA,2,0,2,1,1,5,0,5,1,4,1,13.36607143,81.23214286,2004-01-11 UTC--2004-01-17 UTC
2004-W03,NA,NA,NA,NA,0,0,0,0,0,0,0,0,0,0,1,12.79642857,74.26785714,NA
2004-W04,1.942345924,2.988071571,3.779324056,29/01/2004,1,1,0,1,0,11,11,0,11,0,1,12.85357143,72.58928571,2004-01-25 UTC--2004-01-31 UTC
2004-W05,NA,NA,NA,NA,0,0,0,0,0,0,0,0,0,0,1,12.17857143,80.98214286,NA
2004-W06,NA,NA,NA,NA,0,0,0,0,0,0,0,0,0,0,1,13.46428571,77,NA
2004-W07,NA,NA,NA,NA,0,0,0,0,0,0,0,0,0,0,1,12.35178571,76.57142857,NA
2004-W08,NA,NA,NA,NA,3,2,1,2,1,11,10,1,10,1,1,14.57142857,69.26785714,2004-02-22 UTC--2004-02-28 UTC
2004-W09,2.121568627,3.147058824,3.847058824,29/02/2004,0,0,0,0,0,0,0,0,0,0,1,20.72321429,60.39285714,NA
2004-W10,NA,NA,NA,NA,0,0,0,0,0,0,0,0,0,0,1,13.58571429,72.30357143,NA
2004-W11,NA,NA,NA,NA,2,1,1,2,0,11,10,1,11,0,1,12.92857143,69.01785714,2004-03-14 UTC--2004-03-20 UTC
2004-W12,NA,NA,NA,NA,0,0,0,0,0,0,0,0,0,0,1,17.69285714,63.48214286,NA
2004-W13,2.118577075,2.986166008,3.727272727,31/03/2004,1,0,1,1,0,1,0,1,1,0,1,18.15535714,76.66071429,2004-03-28 UTC--2004-04-03 UTC
2004-W14,NA,NA,NA,NA,0,0,0,0,0,0,0,0,0,0,1,16.32678571,72.53571429,NA
2004-W15,NA,NA,NA,NA,1,1,0,0,1,1,1,0,0,1,1,17.93214286,65.625,2004-04-11 UTC--2004-04-17 UTC
2004-W16,NA,NA,NA,NA,0,0,0,0,0,0,0,0,0,0,1,18.1375,66.875,NA
2004-W17,2.137254902,3.068627451,3.760784314,30/04/2004,1,0,1,0,1,1,0,1,0,1,1,20.28392857,59.30357143,2004-04-25 UTC--2004-05-01 UTC
2004-W18,NA,NA,NA,NA,1,0,1,1,0,5,0,5,5,0,1,21.56607143,64.85714286,2004-05-02 UTC--2004-05-08 UTC
2004-W19,NA,NA,NA,NA,3,0,3,0,3,13,0,13,0,13,1,22.48392857,59.67857143,2004-05-09 UTC--2004-05-15 UTC
2004-W20,NA,NA,NA,NA,0,0,0,0,0,0,0,0,0,0,1,20.48571429,62.83928571,NA
2004-W21,NA,NA,NA,NA,1,0,1,0,1,1,0,1,0,1,1,20.3625,70.44642857,2004-05-23 UTC--2004-05-29 UTC
2004-W22,1.986512524,2.888246628,3.599229287,31/05/2004,0,0,0,0,0,0,0,0,0,0,1,22.275,67.83928571,NA
2004-W23,NA,NA,NA,NA,0,0,0,0,0,0,0,0,0,0,1,23.26964286,70.375,NA
2004-W24,NA,NA,NA,NA,0,0,0,0,0,0,0,0,0,0,1,24.50714286,73.67857143,NA
2004-W25,NA,NA,NA,NA,0,0,0,0,0,0,0,0,0,0,1,24.79636364,71.65454545,NA
2004-W26,1.966601179,2.838899804,3.546168959,30/06/2004,3,1,2,2,1,4,2,2,3,1,1,25.50178571,72.07142857,2004-06-27 UTC--2004-07-03 UTC
2004-W27,NA,NA,NA,NA,2,0,2,1,1,2,0,2,1,1,1,26.50535714,74.5,2004-07-04 UTC--2004-07-10 UTC
2004-W28,NA,NA,NA,NA,1,1,0,1,0,1,1,0,1,0,1,27.27857143,69.35714286,2004-07-11 UTC--2004-07-17 UTC
2004-W29,NA,NA,NA,NA,0,0,0,0,0,0,0,0,0,0,1,26.50535714,71.07142857,NA
2004-W30,2.186138614,3.130693069,3.734653465,31/07/2004,0,0,0,0,0,0,0,0,0,0,1,27.15714286,73.28571429,NA
2004-W31,NA,NA,NA,NA,0,0,0,0,0,0,0,0,0,0,1,27.1,69.19642857,NA
2004-W32,NA,NA,NA,NA,1,0,1,1,0,1,0,1,1,0,1,27.16607143,71.01785714,2004-08-08 UTC--2004-08-14 UTC
2004-W33,NA,NA,NA,NA,0,0,0,0,0,0,0,0,0,0,1,26.58113208,70.83018868,NA
2004-W34,NA,NA,NA,NA,0,0,0,0,0,0,0,0,0,0,1,26.75714286,74.26785714,NA
2004-W35,2.041666667,2.926587302,3.603174603,31/08/2004,1,1,0,1,0,16,16,0,16,0,1,26.27142857,69.17857143,2004-08-29 UTC--2004-09-04 UTC
2004-W36,NA,NA,NA,NA,0,0,0,0,0,0,0,0,0,0,1,26.36964286,69,NA
2004-W37,NA,NA,NA,NA,0,0,0,0,0,0,0,0,0,0,1,24.30357143,66.91071429,NA
2004-W38,NA,NA,NA,NA,3,0,3,2,1,6,0,6,3,3,1,24.91964286,74.39285714,2004-09-19 UTC--2004-09-25 UTC
2004-W39,2.007575758,2.871212121,3.579545455,28/09/2004,3,1,2,2,1,5,2,3,4,1,1,25.40357143,78.39285714,2004-09-26 UTC--2004-10-02 UTC
2004-W40,NA,NA,NA,NA,0,0,0,0,0,0,0,0,0,0,1,23.225,69.96428571,NA
2004-W41,NA,NA,NA,NA,0,0,0,0,0,0,0,0,0,0,1,24.06607143,72.76785714,NA
2004-W42,NA,NA,NA,NA,2,0,2,0,2,2,0,2,0,2,1,23.43571429,77.35714286,2004-10-17 UTC--2004-10-23 UTC
2004-W43,2.003944773,2.966469428,3.599605523,30/10/2004,1,0,1,0,1,1,0,1,0,1,1,23.31607143,74.5,2004-10-24 UTC--2004-10-30 UTC
2004-W44,NA,NA,NA,NA,1,1,0,1,0,3,3,0,3,0,1,23.02545455,58.05454545,2004-10-31 UTC--2004-11-06 UTC
2004-W45,NA,NA,NA,NA,0,0,0,0,0,0,0,0,0,0,1,20.61071429,70.07142857,NA
2004-W46,NA,NA,NA,NA,0,0,0,0,0,0,0,0,0,0,1,20.2625,68.30357143,NA
2004-W47,NA,NA,NA,NA,0,0,0,0,0,0,0,0,0,0,1,15.12641509,61.9245283,NA
2004-W48,1.92745098,3.025490196,3.621568627,30/11/2004,0,0,0,0,0,0,0,0,0,0,1,13.92142857,57.875,NA
2004-W49,NA,NA,NA,NA,1,0,1,1,0,1,0,1,1,0,1,14.50535714,69.42857143,2004-12-05 UTC--2004-12-11 UTC
2004-W50,NA,NA,NA,NA,1,0,1,0,1,5,0,5,0,5,1,10.49821429,68.89285714,2004-12-12 UTC--2004-12-18 UTC
2004-W51,NA,NA,NA,NA,2,1,1,2,0,2,1,1,2,0,1,12.88928571,78.83928571,2004-12-19 UTC--2004-12-25 UTC
2004-W52,1.878612717,2.815028902,3.516377649,29/12/2004,0,0,0,0,0,0,0,0,0,0,1,13.26041667,75.4375,NA
2005-W00,NA,NA,NA,NA,0,0,0,0,0,0,0,0,0,0,1,14.15,81.125,NA
2005-W01,NA,NA,NA,NA,3,2,1,3,0,4,2,2,4,0,1,12.44642857,79.33928571,2005-01-02 UTC--2005-01-08 UTC
2005-W02,NA,NA,NA,NA,3,1,2,3,0,8,1,7,8,0,1,11.80357143,70.10714286,2005-01-09 UTC--2005-01-15 UTC
2005-W03,NA,NA,NA,NA,1,0,1,1,0,1,0,1,1,0,1,11.26530612,75.59183673,2005-01-16 UTC--2005-01-22 UTC
2005-W04,NA,NA,NA,NA,0,0,0,0,0,0,0,0,0,0,1,13.80714286,69.46428571,NA
2005-W05,1.781496063,2.755905512,3.279527559,31/01/2005,0,0,0,0,0,0,0,0,0,0,1,13.69464286,74,NA
2005-W06,NA,NA,NA,NA,0,0,0,0,0,0,0,0,0,0,1,9.723214286,79.48214286,NA
2005-W07,NA,NA,NA,NA,0,0,0,0,0,0,0,0,0,0,0,14.96363636,67.03636364,NA
2005-W08,NA,NA,NA,NA,1,1,0,1,0,5,5,0,5,0,0,14.08392857,79.44642857,2005-02-20 UTC--2005-02-26 UTC
2005-W09,1.848425197,2.767716535,3.295275591,27/02/2005,0,0,0,0,0,0,0,0,0,0,0,17.19642857,59.875,NA
2005-W10,NA,NA,NA,NA,0,0,0,0,0,0,0,0,0,0,0,15.51428571,73.23214286,NA
2005-W11,NA,NA,NA,NA,0,0,0,0,0,0,0,0,0,0,0,13.67142857,73.48214286,NA
2005-W12,NA,NA,NA,NA,0,0,0,0,0,0,0,0,0,0,0,14.57857143,72.03571429,NA
2005-W13,1.861056751,2.733855186,3.33072407,31/03/2005,0,0,0,0,0,0,0,0,0,0,0,17.09107143,70.76785714,NA
2005-W14,NA,NA,NA,NA,0,0,0,0,0,0,0,0,0,0,0,16.775,65.46428571,NA
2005-W15,NA,NA,NA,NA,0,0,0,0,0,0,0,0,0,0,0,20.57083333,59.97916667,NA
2005-W16,NA,NA,NA,NA,0,0,0,0,0,0,0,0,0,0,0,21.30535714,61.94642857,NA
2005-W17,1.952662722,2.822485207,3.337278107,30/04/2005,0,0,0,0,0,0,0,0,0,0,0,18.07678571,74.05357143,NA
2005-W18,NA,NA,NA,NA,1,0,1,0,1,1,0,1,0,1,0,18.74107143,71.10714286,2005-05-01 UTC--2005-05-07 UTC
2005-W19,NA,NA,NA,NA,0,0,0,0,0,0,0,0,0,0,0,19.99272727,73.12727273,NA
2005-W20,NA,NA,NA,NA,0,0,0,0,0,0,0,0,0,0,0,21.91785714,75.46428571,NA
2005-W21,NA,NA,NA,NA,0,0,0,0,0,0,0,0,0,0,0,22.14642857,68.96428571,NA
2005-W22,1.87007874,2.785433071,3.358267717,31/05/2005,0,0,0,0,0,0,0,0,0,0,0,22.6625,70.76785714,NA
2005-W23,NA,NA,NA,NA,0,0,0,0,0,0,0,0,0,0,0,23.43392857,73.08928571,NA
2005-W24,NA,NA,NA,NA,0,0,0,0,0,0,0,0,0,0,0,24.40535714,68.25,NA
2005-W25,NA,NA,NA,NA,3,0,3,2,1,4,0,4,3,1,0,25.61607143,68.42857143,2005-06-19 UTC--2005-06-25 UTC
2005-W26,1.908366534,2.822709163,3.472111554,30/06/2005,0,0,0,0,0,0,0,0,0,0,0,25.025,72.14285714,NA
2005-W27,NA,NA,NA,NA,0,0,0,0,0,0,0,0,0,0,0,25.88392857,71.60714286,NA
2005-W28,NA,NA,NA,NA,2,2,0,2,0,6,6,0,6,0,0,26.5375,73.32142857,2005-07-10 UTC--2005-07-16 UTC
2005-W29,NA,NA,NA,NA,0,0,0,0,0,0,0,0,0,0,0,27.0125,74.39285714,NA
2005-W30,NA,NA,NA,NA,1,0,1,1,0,2,0,2,2,0,0,27.20178571,72.83928571,2005-07-24 UTC--2005-07-30 UTC
2005-W31,2.047524752,2.821782178,3.63960396,31/07/2005,0,0,0,0,0,0,0,0,0,0,0,27.82678571,70.89285714,NA
2005-W32,NA,NA,NA,NA,0,0,0,0,0,0,0,0,0,0,0,27.32142857,65.875,NA
2005-W33,NA,NA,NA,NA,0,0,0,0,0,0,0,0,0,0,0,27.4037037,71.22222222,NA
2005-W34,NA,NA,NA,NA,0,0,0,0,0,0,0,0,0,0,0,27.46,68.14545455,NA
2005-W35,1.966336634,2.847524752,3.542574257,31/08/2005,0,0,0,0,0,0,0,0,0,0,0,27.41964286,70.98214286,NA
2005-W36,NA,NA,NA,NA,0,0,0,0,0,0,0,0,0,0,0,26.17647059,62.70588235,NA
2005-W37,NA,NA,NA,NA,0,0,0,0,0,0,0,0,0,0,0,26.11607143,65.41071429,NA
2005-W38,NA,NA,NA,NA,1,0,1,1,0,1,0,1,1,0,0,26.63392857,65.875,2005-09-18 UTC--2005-09-24 UTC
2005-W39,1.956862745,2.784313725,3.47254902,29/09/2005,0,0,0,0,0,0,0,0,0,0,0,25.3625,59.89285714,NA
2005-W40,NA,NA,NA,NA,0,0,0,0,0,0,0,0,0,0,0,24.3625,64.39285714,NA
2005-W41,NA,NA,NA,NA,0,0,0,0,0,0,0,0,0,0,0,23.87142857,65.98214286,NA
2005-W42,NA,NA,NA,NA,1,0,1,1,0,3,0,3,3,0,0,20.64107143,58.03571429,2005-10-16 UTC--2005-10-22 UTC
2005-W43,NA,NA,NA,NA,1,1,0,1,0,7,7,0,7,0,0,21.20357143,56.48214286,2005-10-23 UTC--2005-10-29 UTC
2005-W44,1.947572816,2.700970874,3.568932039,31/10/2005,1,0,1,0,1,1,0,1,0,1,0,17.80535714,66.75,2005-10-30 UTC--2005-11-05 UTC
2005-W45,NA,NA,NA,NA,0,0,0,0,0,0,0,0,0,0,0,17.20535714,65.125,NA
2005-W46,NA,NA,NA,NA,0,0,0,0,0,0,0,0,0,0,0,17.07857143,69.21428571,NA
2005-W47,NA,NA,NA,NA,0,0,0,0,0,0,0,0,0,0,0,17.14107143,68.76785714,NA
2005-W48,NA,NA,NA,NA,0,0,0,0,0,0,0,0,0,0,0,18.66607143,70.51785714,NA
2005-W49,NA,NA,NA,NA,2,1,1,1,1,6,5,1,5,1,0,17.54464286,79.08928571,2005-12-04 UTC--2005-12-10 UTC
2005-W50,NA,NA,NA,NA,1,0,1,1,0,1,0,1,1,0,0,16.38214286,77.17857143,2005-12-11 UTC--2005-12-17 UTC
2005-W51,NA,NA,NA,NA,0,0,0,0,0,0,0,0,0,0,0,13.18571429,79.71428571,NA
2005-W52,1.938735178,2.729249012,3.296442688,28/12/2005,1,0,1,1,0,1,0,1,1,0,0,12.64107143,65.96428571,2005-12-25 UTC--2005-12-31 UTC
2006-W01,NA,NA,NA,NA,0,0,0,0,0,0,0,0,0,0,0,16.22857143,61.14285714,NA
2006-W02,NA,NA,NA,NA,0,0,0,0,0,0,0,0,0,0,0,11.31964286,86.80357143,NA
2006-W03,NA,NA,NA,NA,0,0,0,0,0,0,0,0,0,0,0,11.27678571,77.91071429,NA
2006-W04,NA,NA,NA,NA,0,0,0,0,0,0,0,0,0,0,0,13.4125,72.625,NA
2006-W05,NA,2.821568627,3.421568627,31/01/2006,0,0,0,0,0,0,0,0,0,0,0,13.3125,72.19642857,NA
2006-W06,NA,NA,NA,NA,1,1,0,1,0,1,1,0,1,0,0,13.31428571,72.58928571,2006-02-05 UTC--2006-02-11 UTC
2006-W07,NA,NA,NA,NA,0,0,0,0,0,0,0,0,0,0,0,12.71785714,72.01785714,NA
2006-W08,NA,NA,NA,NA,0,0,0,0,0,0,0,0,0,0,0,16.3875,61.875,NA
2006-W09,2.149700599,2.874251497,3.550898204,28/02/2006,1,0,1,1,0,1,0,1,1,0,0,15.37678571,73.51785714,2006-02-26 UTC--2006-03-04 UTC
2006-W10,NA,NA,NA,NA,0,0,0,0,0,0,0,0,0,0,0,15.04107143,65.21428571,NA
2006-W11,NA,NA,NA,NA,0,0,0,0,0,0,0,0,0,0,0,15.37678571,65.05357143,NA
2006-W12,NA,NA,NA,NA,0,0,0,0,0,0,0,0,0,0,0,17.59107143,63.58928571,NA
2006-W13,2.003937008,2.712598425,3.484251969,31/03/2006,1,0,1,1,0,4,0,4,4,0,0,16.24642857,69.41071429,2006-03-26 UTC--2006-04-01 UTC
2006-W14,NA,NA,NA,NA,0,0,0,0,0,0,0,0,0,0,0,16.60892857,75.21428571,NA
2006-W15,NA,NA,NA,NA,0,0,0,0,0,0,0,0,0,0,0,18.76071429,70.01785714,NA
2006-W16,NA,NA,NA,NA,1,1,0,1,0,7,7,0,7,0,0,19.01964286,72.75,2006-04-16 UTC--2006-04-22 UTC
2006-W17,NA,NA,NA,NA,0,0,0,0,0,0,0,0,0,0,0,20,65.44642857,NA
2006-W18,2.091633466,2.914342629,3.599601594,30/04/2006,0,0,0,0,0,0,0,0,0,0,0,19.64464286,69.28571429,NA
2006-W19,NA,NA,NA,NA,0,0,0,0,0,0,0,0,0,0,0,20.5375,64.96428571,NA
2006-W20,NA,NA,NA,NA,0,0,0,0,0,0,0,0,0,0,0,20.53035714,69.01785714,NA
2006-W21,NA,NA,NA,NA,0,0,0,0,0,0,0,0,0,0,0,22.94285714,70.07142857,NA
2006-W22,2.139489194,2.825147348,3.701375246,31/05/2006,0,0,0,0,0,0,0,0,0,0,0,23.97678571,74.21428571,NA
2006-W23,NA,NA,NA,NA,0,0,0,0,0,0,0,0,0,0,0,24.95535714,66.875,NA
2006-W24,NA,NA,NA,NA,0,0,0,0,0,0,0,0,0,0,0,23.87678571,63.83928571,NA
2006-W25,NA,NA,NA,NA,0,0,0,0,0,0,0,0,0,0,0,24.9625,70.78571429,NA
2006-W26,2.263779528,3.100393701,3.816929134,30/06/2006,2,1,1,1,1,3,2,1,1,2,0,26.26428571,71.89285714,2006-06-25 UTC--2006-07-01 UTC
2006-W27,NA,NA,NA,NA,0,0,0,0,0,0,0,0,0,0,0,26.70178571,68.85714286,NA
2006-W28,NA,NA,NA,NA,0,0,0,0,0,0,0,0,0,0,0,26.6875,65.30357143,NA
2006-W29,NA,NA,NA,NA,1,0,1,0,1,1,0,1,0,1,0,26.56964286,70.03571429,2006-07-16 UTC--2006-07-22 UTC
2006-W30,NA,NA,NA,NA,1,0,1,1,0,1,0,1,1,0,0,26.81071429,70.41071429,2006-07-23 UTC--2006-07-29 UTC
2006-W31,2.334622824,NA,NA,31/07/2006,0,0,0,0,0,0,0,0,0,0,0,26.71607143,71.07142857,NA
2006-W32,NA,NA,NA,NA,0,0,0,0,0,0,0,0,0,0,0,27.1,68.27272727,NA
2006-W33,NA,NA,NA,NA,1,0,1,0,1,1,0,1,0,1,0,27.47857143,67.67857143,2006-08-13 UTC--2006-08-19 UTC
2006-W34,NA,NA,NA,NA,0,0,0,0,0,0,0,0,0,0,0,28.3625,72.51785714,NA
2006-W35,2.242063492,NA,NA,31/08/2006,0,0,0,0,0,0,0,0,0,0,0,27.64464286,65.14285714,NA
2006-W36,NA,NA,NA,NA,0,0,0,0,0,0,0,0,0,0,0,26.45,64.14285714,NA
2006-W37,NA,NA,NA,NA,1,0,1,0,1,1,0,1,0,1,0,27.0125,70.375,2006-09-10 UTC--2006-09-16 UTC
2006-W38,NA,NA,NA,NA,0,0,0,0,0,0,0,0,0,0,0,26.62857143,64.125,NA
2006-W39,2.264761905,2.874285714,3.813333333,26/09/2006,0,0,0,0,0,0,0,0,0,0,0,25.79107143,58.69642857,NA
2006-W40,NA,NA,NA,NA,0,0,0,0,0,0,0,0,0,0,0,24.775,67.42857143,NA
2006-W41,NA,NA,NA,NA,0,0,0,0,0,0,0,0,0,0,0,24.92678571,57.375,NA
2006-W42,NA,NA,NA,NA,0,0,0,0,0,0,0,0,0,0,0,22.7375,65.44642857,NA
2006-W43,NA,NA,NA,NA,0,0,0,0,0,0,0,0,0,0,0,21.06964286,73.125,NA
2006-W44,NA,2.949392713,3.591093117,31/10/2006,1,0,1,0,1,1,0,1,0,1,0,20.34642857,68.25,2006-10-29 UTC--2006-11-04 UTC
2006-W45,NA,NA,NA,NA,0,0,0,0,0,0,0,0,0,0,0,16.50178571,65.375,NA
2006-W46,NA,NA,NA,NA,1,1,0,1,0,1,1,0,1,0,0,17.24821429,76.66071429,2006-11-12 UTC--2006-11-18 UTC
2006-W47,NA,NA,NA,NA,1,1,0,1,0,1,1,0,1,0,0,16.53928571,64.55357143,2006-11-19 UTC--2006-11-25 UTC
2006-W48,1.972386588,2.75739645,3.680473373,30/11/2006,0,0,0,0,0,0,0,0,0,0,0,14.90357143,54.48214286,NA
2006-W49,NA,NA,NA,NA,0,0,0,0,0,0,0,0,0,0,0,14.65,53.85714286,NA
2006-W50,NA,NA,NA,NA,0,0,0,0,0,0,0,0,0,0,0,14.19642857,60.26785714,NA
2006-W51,NA,NA,NA,NA,0,0,0,0,0,0,0,0,0,0,0,12.80181818,65.96363636,NA
2006-W52,2.00204918,2.901639344,3.668032787,30/12/2006,0,0,0,0,0,0,0,0,0,0,0,10.21607143,75.25,NA
2006-W53,NA,NA,NA,NA,0,0,0,0,0,0,0,0,0,0,0,10.5,88.25,NA
2007-W00,NA,NA,NA,NA,0,0,0,0,0,0,0,0,0,0,0,11.42083333,79.125,NA
2007-W01,NA,NA,NA,NA,0,0,0,0,0,0,0,0,0,0,0,12.19107143,69.30357143,NA
2007-W02,NA,NA,NA,NA,0,0,0,0,0,0,0,0,0,0,0,11.36428571,74.625,NA
2007-W03,NA,NA,NA,NA,0,0,0,0,0,0,0,0,0,0,0,12.76607143,72.53571429,NA
2007-W04,2.099415205,2.746588694,3.576998051,31/01/2007,1,1,0,1,0,3,3,0,3,0,0,12.99821429,72.16071429,2007-01-28 UTC--2007-02-03 UTC
2007-W05,NA,NA,NA,NA,0,0,0,0,0,0,0,0,0,0,0,12.19285714,77.69642857,NA
2007-W06,NA,NA,NA,NA,0,0,0,0,0,0,0,0,0,0,0,14.08571429,75.64285714,NA
2007-W07,NA,NA,NA,NA,0,0,0,0,0,0,0,0,0,0,0,14.975,70.625,NA
2007-W08,2.150793651,2.634920635,3.642857143,28/02/2007,1,0,1,1,0,1,0,1,1,0,0,14.68392857,75.41071429,2007-02-25 UTC--2007-03-03 UTC
2007-W09,NA,NA,NA,NA,0,0,0,0,0,0,0,0,0,0,0,15.175,69.07142857,NA
2007-W10,NA,NA,NA,NA,0,0,0,0,0,0,0,0,0,0,0,14.51607143,74.60714286,NA
2007-W11,NA,NA,NA,NA,0,0,0,0,0,0,0,0,0,0,0,16.66071429,65.41071429,NA
2007-W12,1.988235294,2.521568627,3.474509804,28/03/2007,0,0,0,0,0,0,0,0,0,0,0,15.15,69.32142857,NA
2007-W13,NA,NA,NA,NA,0,0,0,0,0,0,0,0,0,0,0,18.64642857,64.76785714,NA
2007-W14,NA,NA,NA,NA,0,0,0,0,0,0,0,0,0,0,0,17.00892857,71.46428571,NA
2007-W15,NA,NA,NA,NA,0,0,0,0,0,0,0,0,0,0,0,17.83214286,63.23214286,NA
2007-W16,NA,NA,NA,NA,0,0,0,0,0,0,0,0,0,0,0,20.21785714,59.32142857,NA
2007-W17,2.124074074,2.668518519,3.562962963,30/04/2007,0,0,0,0,0,0,0,0,0,0,0,21.28035714,60.375,NA
2007-W18,NA,NA,NA,NA,0,0,0,0,0,0,0,0,0,0,0,24.13571429,63.67857143,NA
2007-W19,NA,NA,NA,NA,0,0,0,0,0,0,0,0,0,0,0,21.49285714,71.08928571,NA
2007-W20,NA,NA,NA,NA,1,1,0,1,0,1,1,0,1,0,0,22.13888889,66.16666667,2007-05-20 UTC--2007-05-26 UTC
2007-W21,2.2421875,2.859375,3.7578125,31/05/2007,1,1,0,1,0,1,1,0,1,0,0,23.87321429,62.75,2007-05-27 UTC--2007-06-02 UTC
2007-W22,NA,NA,NA,NA,0,0,0,0,0,0,0,0,0,0,0,23.44464286,67.19642857,NA
2007-W23,NA,NA,NA,NA,0,0,0,0,0,0,0,0,0,0,0,24.77857143,66.33928571,NA
2007-W24,NA,NA,NA,NA,0,0,0,0,0,0,0,0,0,0,0,25.46964286,70.30357143,NA
2007-W25,2.100790514,2.85770751,3.681818182,30/06/2007,0,0,0,0,0,0,0,0,0,0,0,27.80892857,64.39285714,NA
2007-W26,NA,NA,NA,NA,0,0,0,0,0,0,0,0,0,0,0,25.99821429,68.39285714,NA
2007-W27,NA,NA,NA,NA,1,0,1,0,1,1,0,1,0,1,0,26.59107143,67.30357143,2007-07-08 UTC--2007-07-14 UTC
2007-W28,NA,NA,NA,NA,0,0,0,0,0,0,0,0,0,0,0,27.27678571,67.69642857,NA
2007-W29,NA,NA,NA,NA,0,0,0,0,0,0,0,0,0,0,0,28.50535714,68.32142857,NA
2007-W30,2.157170923,2.960707269,3.683693517,31/07/2007,0,0,0,0,0,0,0,0,0,0,0,28.59642857,68.25,NA
2007-W31,NA,NA,NA,NA,0,0,0,0,0,0,0,0,0,0,0,27.42142857,61.10714286,NA
2007-W32,NA,NA,NA,NA,0,0,0,0,0,0,0,0,0,0,0,27.23571429,67.25,NA
2007-W33,NA,NA,NA,NA,0,0,0,0,0,0,0,0,0,0,0,27.82678571,71.03571429,NA
2007-W34,2.216269841,3.121031746,3.954365079,31/08/2007,0,0,0,0,0,0,0,0,0,0,0,28.09464286,70.30357143,NA
2007-W35,NA,NA,NA,NA,0,0,0,0,0,0,0,0,0,0,0,28.10535714,67.08928571,NA
2007-W36,NA,NA,NA,NA,0,0,0,0,0,0,0,0,0,0,0,25.72321429,61.42857143,NA
2007-W37,NA,NA,NA,NA,1,0,1,0,1,1,0,1,0,1,0,25.6125,67.75,2007-09-16 UTC--2007-09-22 UTC
2007-W38,NA,NA,NA,NA,0,0,0,0,0,0,0,0,0,0,0,25.98214286,65.89285714,NA
2007-W39,2.026422764,3,3.778455285,30/09/2007,0,0,0,0,0,0,0,0,0,0,0,25.51071429,70,NA
2007-W40,NA,NA,NA,NA,0,0,0,0,0,0,0,0,0,0,0,24.7125,70.55357143,NA
2007-W41,NA,NA,NA,NA,1,0,1,0,1,1,0,1,0,1,0,24.14821429,60.75,2007-10-14 UTC--2007-10-20 UTC
2007-W42,NA,NA,NA,NA,0,0,0,0,0,0,0,0,0,0,0,23.39107143,69.69642857,NA
2007-W43,2.091816367,2.648702595,3.46506986,31/10/2007,1,0,1,0,1,1,0,1,0,1,0,21.99285714,70.85714286,2007-10-28 UTC--2007-11-03 UTC
2007-W44,NA,NA,NA,NA,0,0,0,0,0,0,0,0,0,0,0,22.04285714,55.30357143,NA
2007-W45,NA,NA,NA,NA,0,0,0,0,0,0,0,0,0,0,0,18.84642857,66.69642857,NA
2007-W46,NA,NA,NA,NA,1,0,1,1,0,1,0,1,1,0,0,16.5875,77.89285714,2007-11-18 UTC--2007-11-24 UTC
2007-W47,2.04,2.756,3.534,30/11/2007,0,0,0,0,0,0,0,0,0,0,0,16.40535714,67.92857143,NA
2007-W48,NA,NA,NA,NA,0,0,0,0,0,0,0,0,0,0,0,16.26785714,76.25,NA
2007-W49,NA,NA,NA,NA,0,0,0,0,0,0,0,0,0,0,0,15.19642857,70.39285714,NA
2007-W50,NA,NA,NA,NA,0,0,0,0,0,0,0,0,0,0,0,13.6875,77.07142857,NA
2007-W51,NA,NA,NA,NA,1,0,1,1,0,2,0,2,2,0,0,12.81785714,65.98214286,2007-12-23 UTC--2007-12-29 UTC
2007-W52,2.015873016,2.811507937,3.507936508,31/12/2007,0,0,0,0,0,0,0,0,0,0,0,10.3125,59.375,NA
2008-W00,NA,NA,NA,NA,0,0,0,0,0,0,0,0,0,0,0,13.55,73.9,NA
2008-W01,NA,NA,NA,NA,0,0,0,0,0,0,0,0,0,0,0,10.87321429,74.66071429,NA
2008-W02,NA,NA,NA,NA,0,0,0,0,0,0,0,0,0,0,0,8.489285714,50.42857143,NA
2008-W03,NA,NA,NA,NA,1,0,1,0,1,1,0,1,0,1,0,11.1875,74.60714286,2008-01-20 UTC--2008-01-26 UTC
2008-W04,2.299009901,2.942574257,3.691089109,31/01/2008,0,0,0,0,0,0,0,0,0,0,0,11.17636364,74.29090909,NA
2008-W05,NA,NA,NA,NA,1,1,0,1,0,1,1,0,1,0,0,12.64464286,67.41071429,2008-02-03 UTC--2008-02-09 UTC
2008-W06,NA,NA,NA,NA,0,0,0,0,0,0,0,0,0,0,0,12.90892857,76.78571429,NA
2008-W07,NA,NA,NA,NA,0,0,0,0,0,0,0,0,0,0,0,11.98392857,68.44642857,NA
2008-W08,2.289421158,3.033932136,3.754491018,29/02/2008,2,1,1,1,1,3,1,2,1,2,0,14.33392857,76.32142857,2008-02-24 UTC--2008-03-01 UTC
2008-W09,NA,NA,NA,NA,2,1,1,1,1,10,8,2,8,2,0,17.55714286,68.125,2008-03-02 UTC--2008-03-08 UTC
2008-W10,NA,NA,NA,NA,0,0,0,0,0,0,0,0,0,0,0,16.65535714,68.91071429,NA
2008-W11,NA,NA,NA,NA,0,0,0,0,0,0,0,0,0,0,0,18.49821429,54.48214286,NA
2008-W12,NA,NA,NA,NA,0,0,0,0,0,0,0,0,0,0,0,20.76607143,48.57142857,NA
2008-W13,2.106854839,NA,NA,31/03/2008,0,0,0,0,0,0,0,0,0,0,0,17.03214286,66.03571429,NA
2008-W14,NA,NA,NA,NA,2,1,1,1,1,3,2,1,2,1,0,18.7125,63.46428571,2008-04-06 UTC--2008-04-12 UTC
2008-W15,NA,NA,NA,NA,1,1,0,0,1,3,3,0,0,3,0,21.55535714,55.66071429,2008-04-13 UTC--2008-04-19 UTC
2008-W16,NA,NA,NA,NA,1,0,1,1,0,2,0,2,2,0,0,23.04642857,55.19642857,2008-04-20 UTC--2008-04-26 UTC
2008-W17,2.116981132,NA,NA,30/04/2008,0,0,0,0,0,0,0,0,0,0,0,18.41785714,63.625,NA
2008-W18,NA,NA,NA,NA,1,1,0,1,0,1,1,0,1,0,0,19.75357143,59.92857143,2008-05-04 UTC--2008-05-10 UTC
2008-W19,NA,NA,NA,NA,1,1,0,1,0,1,1,0,1,0,0,21.73392857,58.16071429,2008-05-11 UTC--2008-05-17 UTC
2008-W20,NA,NA,NA,NA,0,0,0,0,0,0,0,0,0,0,0,21.86428571,70.83928571,NA
2008-W21,2.063116371,NA,0.003944773,31/05/2008,0,0,0,0,0,0,0,0,0,0,0,22.56964286,69.80357143,NA
2008-W22,NA,NA,NA,NA,1,1,0,1,0,1,1,0,1,0,0,24.64285714,63.85714286,2008-06-01 UTC--2008-06-07 UTC
2008-W23,NA,NA,NA,NA,0,0,0,0,0,0,0,0,0,0,0,25.04285714,60.28571429,NA
2008-W24,NA,NA,NA,NA,0,0,0,0,0,0,0,0,0,0,0,25.23928571,64.75,NA
2008-W25,NA,NA,NA,NA,0,0,0,0,0,0,0,0,0,0,0,26.48571429,69.71428571,NA
2008-W26,2.186878728,2.833001988,3.666003976,30/06/2008,1,1,0,1,0,2,2,0,2,0,0,26.84107143,70.26785714,2008-06-29 UTC--2008-07-05 UTC
2008-W27,NA,NA,NA,NA,1,0,1,0,1,1,0,1,0,1,0,26.96071429,66.23214286,2008-07-06 UTC--2008-07-12 UTC
2008-W28,NA,NA,NA,NA,0,0,0,0,0,0,0,0,0,0,0,27.33035714,68.125,NA
2008-W29,NA,NA,NA,NA,0,0,0,0,0,0,0,0,0,0,0,27.45535714,65.17857143,NA
2008-W30,2.176237624,NA,NA,31/07/2008,0,0,0,0,0,0,0,0,0,0,0,27.30178571,65.41071429,NA
2008-W31,NA,NA,NA,NA,0,0,0,0,0,0,0,0,0,0,0,27.2,67.10714286,NA
2008-W32,NA,NA,NA,NA,0,0,0,0,0,0,0,0,0,0,0,27.27321429,67.48214286,NA
2008-W33,NA,NA,NA,NA,0,0,0,0,0,0,0,0,0,0,0,28.0125,70.48214286,NA
2008-W34,NA,NA,NA,NA,0,0,0,0,0,0,0,0,0,0,0,28.31785714,71.91071429,NA
2008-W35,2.190944882,NA,NA,31/08/2008,0,0,0,0,0,0,0,0,0,0,0,27.97857143,66.89285714,NA
2008-W36,NA,NA,NA,NA,0,0,0,0,0,0,0,0,0,0,0,26.53035714,66.19642857,NA
2008-W37,NA,NA,NA,NA,0,0,0,0,0,0,0,0,0,0,0,26.43214286,66.57142857,NA
2008-W38,NA,NA,NA,NA,0,0,0,0,0,0,0,0,0,0,0,26.28928571,55.98214286,NA
2008-W39,2.073705179,NA,NA,30/09/2008,0,0,0,0,0,0,0,0,0,0,0,24.66071429,57.10714286,NA
2008-W40,NA,NA,NA,NA,0,0,0,0,0,0,0,0,0,0,0,23.95178571,62.82142857,NA
2008-W41,NA,NA,NA,NA,0,0,0,0,0,0,0,0,0,0,0,23.26428571,67.5,NA
2008-W42,NA,NA,NA,NA,1,0,1,1,0,1,0,1,1,0,0,22.96607143,69.33928571,2008-10-19 UTC--2008-10-25 UTC
2008-W43,2.197211155,NA,NA,31/10/2008,0,0,0,0,0,0,0,0,0,0,0,19.375,79.60714286,NA
2008-W44,NA,NA,NA,NA,0,0,0,0,0,0,0,0,0,0,0,20.48928571,51.82142857,NA
2008-W45,NA,NA,NA,NA,0,0,0,0,0,0,0,0,0,0,0,19.21607143,70.85714286,NA
2008-W46,NA,NA,NA,NA,0,0,0,0,0,0,0,0,0,0,0,18.62857143,67.85714286,NA
2008-W47,NA,NA,NA,NA,0,0,0,0,0,0,0,0,0,0,0,17.45535714,66.35714286,NA
2008-W48,2.032,NA,NA,30/11/2008,0,0,0,0,0,0,0,0,0,0,0,16.70178571,45.33928571,NA
2008-W49,NA,NA,NA,NA,0,0,0,0,0,0,0,0,0,0,0,16.55714286,61.44642857,NA
2008-W50,NA,NA,NA,NA,0,0,0,0,0,0,0,0,0,0,0,15.30178571,61.32142857,NA
2008-W51,NA,NA,NA,NA,0,0,0,0,0,0,0,0,0,0,0,14.33928571,71.08928571,NA
2008-W52,2.244532803,NA,NA,31/12/2008,0,0,0,0,0,0,0,0,0,0,0,13.634375,75.40625,NA
2009-W00,NA,NA,NA,NA,0,0,0,0,0,0,0,0,0,0,0,10.4,64.16666667,NA
2009-W01,NA,NA,NA,NA,0,0,0,0,0,0,0,0,0,0,0,12.84464286,72.89285714,NA
2009-W02,NA,NA,NA,NA,0,0,0,0,0,0,0,0,0,0,0,12.55892857,53.21428571,NA
2009-W03,NA,NA,NA,NA,0,0,0,0,0,0,0,0,0,0,0,15.00178571,64.875,NA
2009-W04,2.033464567,NA,NA,31/01/2009,1,0,1,0,1,1,0,1,0,1,0,14.64285714,60.14285714,2009-01-25 UTC--2009-01-31 UTC
2009-W05,NA,NA,NA,NA,0,0,0,0,0,0,0,0,0,0,0,14.80178571,68.625,NA
2009-W06,NA,NA,NA,NA,0,0,0,0,0,0,0,0,0,0,0,15.20535714,67.375,NA
2009-W07,NA,NA,NA,NA,0,0,0,0,0,0,0,0,0,0,0,13.99464286,67.21428571,NA
2009-W08,NA,NA,NA,NA,0,0,0,0,0,0,0,0,0,0,0,12.78214286,70.66071429,NA
2009-W09,NA,NA,NA,NA,0,0,0,0,0,0,0,0,0,0,0,16.47321429,64.16071429,NA
2009-W10,NA,NA,NA,NA,0,0,0,0,0,0,0,0,0,0,0,15.9,68.92857143,NA
2009-W11,NA,NA,NA,NA,0,0,0,0,0,0,0,0,0,0,0,14.15535714,63.57142857,NA
2009-W12,NA,NA,NA,NA,0,0,0,0,0,0,0,0,0,0,0,14.81964286,64.17857143,NA
2009-W13,2.037623762,NA,NA,31/03/2009,1,0,1,1,0,1,0,1,1,0,0,16.54821429,71,2009-03-29 UTC--2009-04-04 UTC
2009-W14,NA,NA,NA,NA,0,0,0,0,0,0,0,0,0,0,0,17.81785714,67.05357143,NA
2009-W15,NA,NA,NA,NA,0,0,0,0,0,0,0,0,0,0,0,19.76785714,59.14285714,NA
2009-W16,NA,NA,NA,NA,0,0,0,0,0,0,0,0,0,0,0,19.50181818,57.50909091,NA
2009-W17,1.988235294,NA,NA,30/04/2009,0,0,0,0,0,0,0,0,0,0,0,18.60178571,65.07142857,NA
2009-W18,NA,NA,NA,NA,0,0,0,0,0,0,0,0,0,0,0,20.825,58.41071429,NA
2009-W19,NA,NA,NA,NA,1,1,0,1,0,1,1,0,1,0,0,20.97857143,66.08928571,2009-05-10 UTC--2009-05-16 UTC
2009-W20,NA,NA,NA,NA,0,0,0,0,0,0,0,0,0,0,0,24.02142857,56.57142857,NA
2009-W21,NA,NA,NA,NA,0,0,0,0,0,0,0,0,0,0,0,22.59642857,65.625,NA
2009-W22,1.942528736,NA,NA,31/05/2009,0,0,0,0,0,0,0,0,0,0,0,23.83571429,66.08928571,NA
2009-W23,NA,NA,NA,NA,0,0,0,0,0,0,0,0,0,0,0,24.95892857,67.75,NA
2009-W24,NA,NA,NA,NA,0,0,0,0,0,0,0,0,0,0,0,25.59821429,67.46428571,NA
2009-W25,NA,NA,NA,NA,0,0,0,0,0,0,0,0,0,0,0,26.73392857,66.80357143,NA
2009-W26,1.951276102,NA,NA,30/06/2009,0,0,0,0,0,0,0,0,0,0,0,27.24107143,59.71428571,NA
2009-W27,NA,NA,NA,NA,0,0,0,0,0,0,0,0,0,0,0,27.23392857,66.375,NA
2009-W28,NA,NA,NA,NA,0,0,0,0,0,0,0,0,0,0,0,27.54642857,61.75,NA
2009-W29,NA,NA,NA,NA,0,0,0,0,0,0,0,0,0,0,0,28.0875,69.10714286,NA
2009-W30,1.944315545,NA,NA,31/07/2009,0,0,0,0,0,0,0,0,0,0,0,28.175,66.75,NA
2009-W31,NA,NA,NA,NA,0,0,0,0,0,0,0,0,0,0,0,28.16785714,65.03571429,NA
2009-W32,NA,NA,NA,NA,0,0,0,0,0,0,0,0,0,0,0,28.21428571,63.85714286,NA
2009-W33,NA,NA,NA,NA,0,0,0,0,0,0,0,0,0,0,0,28.69821429,68.96428571,NA
2009-W34,NA,NA,NA,NA,0,0,0,0,0,0,0,0,0,0,0,27.52678571,63.25,NA
2009-W35,1.89569161,NA,NA,31/08/2009,0,0,0,0,0,0,0,0,0,0,0,27.30535714,64.10714286,NA
2009-W36,NA,NA,NA,NA,0,0,0,0,0,0,0,0,0,0,0,27.37678571,61.60714286,NA
2009-W37,NA,NA,NA,NA,0,0,0,0,0,0,0,0,0,0,0,27.19107143,66.41071429,NA
2009-W38,NA,NA,NA,NA,0,0,0,0,0,0,0,0,0,0,0,25.27678571,62.66071429,NA
2009-W39,1.879907621,NA,NA,30/09/2009,0,0,0,0,0,0,0,0,0,0,0,25.15178571,66.10714286,NA
2009-W40,NA,NA,NA,NA,0,0,0,0,0,0,0,0,0,0,0,24.81964286,73.42857143,NA
2009-W41,NA,NA,NA,NA,0,0,0,0,0,0,0,0,0,0,0,24.90357143,66.94642857,NA
2009-W42,NA,NA,NA,NA,0,0,0,0,0,0,0,0,0,0,0,25.55535714,53.80357143,NA
2009-W43,1.902325581,NA,NA,31/10/2009,0,0,0,0,0,0,0,0,0,0,0,23.30535714,66.25,NA
2009-W44,NA,NA,NA,NA,0,0,0,0,0,0,0,0,0,0,0,20.26071429,63.94642857,NA
2009-W45,NA,NA,NA,NA,0,0,0,0,0,0,0,0,0,0,0,20.61785714,70.96428571,NA
2009-W46,NA,NA,NA,NA,0,0,0,0,0,0,0,0,0,0,0,17.18392857,70.39285714,NA
2009-W47,NA,NA,NA,NA,0,0,0,0,0,0,0,0,0,0,0,16.89464286,69.57142857,NA
2009-W48,1.947004608,NA,NA,30/11/2009,0,0,0,0,0,0,0,0,0,0,0,17.08214286,65.76785714,NA
2009-W49,NA,NA,NA,NA,0,0,0,0,0,0,0,0,0,0,0,15.9875,73.33928571,NA
2009-W50,NA,NA,NA,NA,0,0,0,0,0,0,0,0,0,0,0,15.51071429,68.92857143,NA
2009-W51,NA,NA,NA,NA,1,0,1,1,0,1,0,1,1,0,0,15.68035714,78.83928571,2009-12-20 UTC--2009-12-26 UTC
2009-W52,1.826185102,NA,NA,31/12/2009,0,0,0,0,0,0,0,0,0,0,0,16.1175,81.325,NA
2010-W00,NA,NA,NA,NA,0,0,0,0,0,0,0,0,0,0,0,16.16875,81.375,NA
2010-W01,NA,NA,NA,NA,0,0,0,0,0,0,0,0,0,0,0,15.8875,76.17857143,NA
2010-W02,NA,NA,NA,NA,0,0,0,0,0,0,0,0,0,0,0,15.20535714,75.69642857,NA
2010-W03,NA,NA,NA,NA,0,0,0,0,0,0,0,0,0,0,0,14.78035714,79.80357143,NA
2010-W04,NA,NA,NA,NA,0,0,0,0,0,0,0,0,0,0,0,14.30892857,65.51785714,NA
2010-W05,1.850117096,NA,NA,31/01/2010,0,0,0,0,0,0,0,0,0,0,0,12.72142857,73.78571429,NA
2010-W06,NA,NA,NA,NA,1,0,1,0,1,1,0,1,0,1,0,15.5125,63.25,2010-02-07 UTC--2010-02-13 UTC
2010-W07,NA,NA,NA,NA,0,0,0,0,0,0,0,0,0,0,0,20.27857143,64.08928571,NA
2010-W08,NA,NA,NA,NA,1,1,0,1,0,1,1,0,1,0,0,16.2625,74.08928571,2010-02-21 UTC--2010-02-27 UTC
2010-W09,1.697399527,NA,NA,28/02/2010,0,0,0,0,0,0,0,0,0,0,0,17.10714286,77.58928571,NA
2010-W10,NA,NA,NA,NA,0,0,0,0,0,0,0,0,0,0,0,21.50178571,68.96428571,NA
2010-W11,NA,NA,NA,NA,0,0,0,0,0,0,0,0,0,0,0,17.59285714,60.92857143,NA
2010-W12,NA,NA,NA,NA,1,0,1,0,1,2,0,2,0,2,0,17.81071429,58.89285714,2010-03-21 UTC--2010-03-27 UTC
2010-W13,NA,NA,NA,NA,0,0,0,0,0,0,0,0,0,0,0,17.53928571,61.75,NA
2010-W14,NA,NA,NA,NA,0,0,0,0,0,0,0,0,0,0,0,18.06785714,66.98214286,NA
2010-W15,NA,NA,NA,NA,0,0,0,0,0,0,0,0,0,0,0,19.08392857,64.82142857,NA
2010-W16,NA,NA,NA,NA,0,0,0,0,0,0,0,0,0,0,0,20.3125,60.625,NA
2010-W17,1.684210526,NA,NA,30/04/2010,0,0,0,0,0,0,0,0,0,0,0,20.14285714,63.71428571,NA
2010-W18,NA,NA,NA,NA,0,0,0,0,0,0,0,0,0,0,0,20.26785714,65.92857143,NA
2010-W19,NA,NA,NA,NA,0,0,0,0,0,0,0,0,0,0,0,23.16964286,58.60714286,NA
2010-W20,NA,NA,NA,NA,0,0,0,0,0,0,0,0,0,0,0,22.61785714,59.14285714,NA
2010-W21,NA,NA,NA,NA,0,0,0,0,0,0,0,0,0,0,0,22.95892857,62.75,NA
2010-W22,2.064202335,NA,NA,30/05/2010,0,0,0,0,0,0,0,0,0,0,0,24.58571429,66.82142857,NA
2010-W23,1.906066536,NA,NA,08/06/2010,0,0,0,0,0,0,0,0,0,0,0,24.85,62.21428571,NA
2010-W24,NA,NA,NA,NA,1,0,1,1,0,1,0,1,1,0,0,25.92678571,68.41071429,2010-06-13 UTC--2010-06-19 UTC
2010-W25,NA,NA,NA,NA,0,0,0,0,0,0,0,0,0,0,0,27.11964286,56.14285714,NA
2010-W26,NA,NA,NA,NA,0,0,0,0,0,0,0,0,0,0,0,25.9125,60.875,NA
2010-W27,2,NA,NA,07/07/2010,0,0,0,0,0,0,0,0,0,0,0,26.44821429,69.17857143,NA
2010-W28,NA,NA,NA,NA,0,0,0,0,0,0,0,0,0,0,0,27.36607143,69.19642857,NA
2010-W29,NA,NA,NA,NA,0,0,0,0,0,0,0,0,0,0,0,27.54642857,68.10714286,NA
2010-W30,NA,NA,NA,NA,0,0,0,0,0,0,0,0,0,0,0,28.37142857,65.80357143,NA
2010-W31,NA,NA,NA,NA,0,0,0,0,0,0,0,0,0,0,0,29.45178571,67.08928571,NA
2010-W32,NA,NA,NA,NA,0,0,0,0,0,0,0,0,0,0,0,28.54285714,67.26785714,NA
2010-W33,NA,NA,NA,NA,0,0,0,0,0,0,0,0,0,0,0,29.66071429,72.33928571,NA
2010-W34,NA,NA,NA,NA,0,0,0,0,0,0,0,0,0,0,0,29.15714286,70.55357143,NA
2010-W35,NA,NA,NA,NA,1,0,1,1,0,4,0,4,4,0,0,28.46428571,64.89285714,2010-08-29 UTC--2010-09-04 UTC
2010-W36,NA,NA,NA,NA,0,0,0,0,0,0,0,0,0,0,0,28.0875,67.28571429,NA
2010-W37,1.89860835,NA,NA,14/09/2010,0,0,0,0,0,0,0,0,0,0,0,27.64642857,61.53571429,NA
2010-W38,NA,NA,NA,NA,0,0,0,0,0,0,0,0,0,0,0,27.95178571,73.14285714,NA
2010-W39,NA,NA,NA,NA,0,0,0,0,0,0,0,0,0,0,0,28.00357143,66.64285714,NA
2010-W40,NA,NA,NA,NA,0,0,0,0,0,0,0,0,0,0,0,25.61964286,63.28571429,NA
2010-W41,NA,NA,NA,NA,0,0,0,0,0,0,0,0,0,0,0,25.64107143,55.48214286,NA
2010-W42,1.919765166,NA,NA,20/10/2010,0,0,0,0,0,0,0,0,0,0,0,26.32321429,62.51785714,NA
2010-W43,NA,NA,NA,NA,0,0,0,0,0,0,0,0,0,0,0,23.34464286,66.83928571,NA
2010-W44,NA,NA,NA,NA,0,0,0,0,0,0,0,0,0,0,0,23.19821429,47.41071429,NA
2010-W45,NA,NA,NA,NA,0,0,0,0,0,0,0,0,0,0,0,21.19464286,70.625,NA
2010-W46,1.962745098,NA,NA,16/11/2010,0,0,0,0,0,0,0,0,0,0,0,21.79464286,78,NA
2010-W47,NA,NA,NA,NA,0,0,0,0,0,0,0,0,0,0,0,18.90535714,70.28571429,NA
2010-W48,NA,NA,NA,NA,0,0,0,0,0,0,0,0,0,0,0,17.93571429,48.91071429,NA
2010-W49,NA,NA,NA,NA,0,0,0,0,0,0,0,0,0,0,0,18.01071429,65.89285714,NA
2010-W50,1.935420744,NA,NA,13/12/2010,0,0,0,0,0,0,0,0,0,0,0,14.43571429,65.08928571,NA
2010-W51,NA,NA,NA,NA,0,0,0,0,0,0,0,0,0,0,0,15.45892857,70.51785714,NA
2010-W52,NA,NA,NA,NA,0,0,0,0,0,0,0,0,0,0,0,17.61458333,45.47916667,NA
2011-W00,NA,NA,NA,NA,0,0,0,0,0,0,0,0,0,0,0,15.9875,77.625,NA
2011-W01,NA,NA,NA,NA,0,0,0,0,0,0,0,0,0,0,0,14.56428571,78.01785714,NA
2011-W02,NA,NA,NA,NA,0,0,0,0,0,0,0,0,0,0,0,14.0875,72.05357143,NA
2011-W03,1.968627451,NA,NA,19/01/2011,0,0,0,0,0,0,0,0,0,0,0,13.92321429,67.69642857,NA
2011-W04,NA,NA,NA,NA,0,0,0,0,0,0,0,0,0,0,0,15.04107143,73.73214286,NA
2011-W05,NA,NA,NA,NA,0,0,0,0,0,0,0,0,0,0,0,14.06785714,76.17857143,NA
2011-W06,NA,NA,NA,NA,0,0,0,0,0,0,0,0,0,0,0,14.34285714,78.85714286,NA
2011-W07,NA,NA,NA,NA,0,0,0,0,0,0,0,0,0,0,0,15.79285714,71.14285714,NA
2011-W08,1.952941176,NA,NA,22/02/2011,0,0,0,0,0,0,0,0,0,0,0,16.48928571,68.16071429,NA
2011-W09,NA,NA,NA,NA,0,0,0,0,0,0,0,0,0,0,0,15.5125,72.03571429,NA
2011-W10,NA,NA,NA,NA,1,0,1,1,0,5,0,5,5,0,0,14.7625,72.53571429,2011-03-06 UTC--2011-03-12 UTC
2011-W11,NA,NA,NA,NA,0,0,0,0,0,0,0,0,0,0,0,16.07321429,61.75,NA
2011-W12,2.145098039,NA,NA,24/03/2011,1,1,0,1,0,2,2,0,2,0,0,16.57678571,74.26785714,2011-03-20 UTC--2011-03-26 UTC
2011-W13,NA,NA,NA,NA,0,0,0,0,0,0,0,0,0,0,0,17.48035714,70.625,NA
2011-W14,NA,NA,NA,NA,1,1,0,1,0,1,1,0,1,0,0,17.15892857,75.33928571,2011-04-03 UTC--2011-04-09 UTC
2011-W15,NA,NA,NA,NA,0,0,0,0,0,0,0,0,0,0,0,18.79107143,59.375,NA
2011-W16,NA,NA,NA,NA,0,0,0,0,0,0,0,0,0,0,0,20.875,58.48214286,NA
2011-W17,NA,NA,NA,NA,1,0,1,1,0,1,0,1,1,0,0,19.78214286,65.30357143,2011-04-24 UTC--2011-04-30 UTC
2011-W18,NA,NA,NA,NA,0,0,0,0,0,0,0,0,0,0,0,22.60892857,58.39285714,NA
2011-W19,NA,NA,NA,NA,0,0,0,0,0,0,0,0,0,0,0,20.31964286,64.625,NA
2011-W20,NA,NA,NA,NA,0,0,0,0,0,0,0,0,0,0,0,22.24642857,65.375,NA
2011-W21,NA,NA,NA,NA,0,0,0,0,0,0,0,0,0,0,0,24.14285714,63.94642857,NA
2011-W22,2.121568627,NA,NA,30/05/2011,0,0,0,0,0,0,0,0,0,0,0,23.30714286,70.55357143,NA
2011-W23,NA,NA,NA,NA,0,0,0,0,0,0,0,0,0,0,0,25.52142857,68.08928571,NA
2011-W24,NA,NA,NA,NA,0,0,0,0,0,0,0,0,0,0,0,25,66.42857143,NA
2011-W25,NA,NA,NA,NA,0,0,0,0,0,0,0,0,0,0,0,26.18571429,71.39285714,NA
2011-W26,1.984313725,NA,NA,28/06/2011,0,0,0,0,0,0,0,0,0,0,0,25.70178571,64.19642857,NA
2011-W27,NA,NA,NA,NA,0,0,0,0,0,0,0,0,0,0,0,26.60535714,69.64285714,NA
2011-W28,NA,NA,NA,NA,0,0,0,0,0,0,0,0,0,0,0,27.45535714,72.01785714,NA
2011-W29,NA,NA,NA,NA,0,0,0,0,0,0,0,0,0,0,0,28.1625,69.85714286,NA
2011-W30,2.062745098,NA,NA,27/07/2011,0,0,0,0,0,0,0,0,0,0,0,29.02321429,69.07142857,NA
2011-W31,NA,NA,NA,NA,0,0,0,0,0,0,0,0,0,0,0,28.81428571,69.5,NA
2011-W32,NA,NA,NA,NA,0,0,0,0,0,0,0,0,0,0,0,28.44285714,69.55357143,NA
2011-W33,NA,NA,NA,NA,1,1,0,1,0,1,1,0,1,0,0,27.62857143,68.35714286,2011-08-14 UTC--2011-08-20 UTC
2011-W34,2.040076336,NA,NA,24/08/2011,0,0,0,0,0,0,0,0,0,0,0,27.96607143,70.71428571,NA
2011-W35,NA,NA,NA,NA,0,0,0,0,0,0,0,0,0,0,0,27.36607143,65.08928571,NA
2011-W36,NA,NA,NA,NA,0,0,0,0,0,0,0,0,0,0,0,27.14642857,69.14285714,NA
2011-W37,NA,NA,NA,NA,0,0,0,0,0,0,0,0,0,0,0,26.90535714,70.96428571,NA
2011-W38,NA,NA,NA,NA,1,0,1,1,0,2,0,2,2,0,0,26.42142857,68.82142857,2011-09-18 UTC--2011-09-24 UTC
2011-W39,NA,NA,NA,NA,0,0,0,0,0,0,0,0,0,0,0,26.02142857,67.67857143,NA
2011-W40,1.935294118,NA,NA,02/10/2011,0,0,0,0,0,0,0,0,0,0,0,24.59285714,63.96428571,NA
2011-W41,NA,NA,NA,NA,0,0,0,0,0,0,0,0,0,0,0,25.03928571,57.07142857,NA
2011-W42,NA,NA,NA,NA,0,0,0,0,0,0,0,0,0,0,0,22.95535714,58.64285714,NA
2011-W43,NA,NA,NA,NA,1,1,0,1,0,1,1,0,1,0,0,22.21071429,64.32142857,2011-10-23 UTC--2011-10-29 UTC
2011-W44,1.920542636,NA,NA,01/11/2011,0,0,0,0,0,0,0,0,0,0,0,19.25714286,64.33928571,NA
2011-W45,NA,NA,NA,NA,0,0,0,0,0,0,0,0,0,0,0,18,60.35714286,NA
2011-W46,NA,NA,NA,NA,0,0,0,0,0,0,0,0,0,0,0,16.53214286,75.58928571,NA
2011-W47,NA,NA,NA,NA,0,0,0,0,0,0,0,0,0,0,0,15.05178571,73.32142857,NA
2011-W48,NA,NA,NA,NA,0,0,0,0,0,0,0,0,0,0,0,12.91964286,57.96428571,NA
2011-W49,2.017175573,NA,NA,06/12/2011,0,0,0,0,0,0,0,0,0,0,0,14.21428571,58.14285714,NA
2011-W50,NA,NA,NA,NA,0,0,0,0,0,0,0,0,0,0,0,13.60357143,70.60714286,NA
2011-W51,NA,NA,NA,NA,0,0,0,0,0,0,0,0,0,0,0,16.77857143,60.98214286,NA
2011-W52,2.064705882,NA,NA,28/12/2011,0,0,0,0,0,0,0,0,0,0,0,13.17142857,71.33928571,NA
2012-W01,NA,NA,NA,NA,0,0,0,0,0,0,0,0,0,0,0,13.0125,74.69642857,NA
2012-W02,NA,NA,NA,NA,0,0,0,0,0,0,0,0,0,0,0,11.59285714,72.05357143,NA
2012-W03,NA,NA,NA,NA,0,0,0,0,0,0,0,0,0,0,0,11.74285714,71.33928571,NA
2012-W04,NA,NA,NA,NA,0,0,0,0,0,0,0,0,0,0,0,13.25535714,74.92857143,NA
2012-W05,2.009784736,NA,NA,31/01/2012,0,0,0,0,0,0,0,0,0,0,0,12.66071429,75.23214286,NA
2012-W06,NA,NA,NA,NA,0,0,0,0,0,0,0,0,0,0,0,13.17142857,57.57142857,NA
2012-W07,NA,NA,NA,NA,0,0,0,0,0,0,0,0,0,0,0,14.03392857,63.41071429,NA
2012-W08,NA,NA,NA,NA,0,0,0,0,0,0,0,0,0,0,0,12.94107143,64.08928571,NA
2012-W09,2.005882353,NA,NA,29/02/2012,0,0,0,0,0,0,0,0,0,0,0,11.97678571,76.16071429,NA
2012-W10,NA,NA,NA,NA,0,0,0,0,0,0,0,0,0,0,0,14.11428571,76.39285714,NA
2012-W11,NA,NA,NA,NA,0,0,0,0,0,0,0,0,0,0,0,16.07142857,62.41071429,NA
2012-W12,NA,NA,NA,NA,0,0,0,0,0,0,0,0,0,0,0,14.51607143,59.64285714,NA
2012-W13,NA,NA,NA,NA,0,0,0,0,0,0,0,0,0,0,0,15.50892857,73.26785714,NA
2012-W14,NA,NA,NA,NA,0,0,0,0,0,0,0,0,0,0,0,18.91428571,66.69642857,NA
2012-W15,NA,NA,NA,NA,0,0,0,0,0,0,0,0,0,0,0,19.55178571,63.32142857,NA
2012-W16,NA,NA,NA,NA,0,0,0,0,0,0,0,0,0,0,0,19.92678571,61.5,NA
2012-W17,NA,NA,NA,NA,0,0,0,0,0,0,0,0,0,0,0,18.91071429,70.67857143,NA
2012-W18,1.994117647,NA,NA,02/05/2012,0,0,0,0,0,0,0,0,0,0,0,21.39285714,68.55357143,NA
2012-W19,NA,NA,NA,NA,0,0,0,0,0,0,0,0,0,0,0,21.86964286,67.98214286,NA
2012-W20,NA,NA,NA,NA,0,0,0,0,0,0,0,0,0,0,0,22.75535714,65.33928571,NA
2012-W21,NA,NA,NA,NA,0,0,0,0,0,0,0,0,0,0,0,22.87857143,62.64285714,NA
2012-W22,1.98627451,NA,NA,31/05/2012,1,0,1,0,1,1,0,1,0,1,0,24.37678571,59.30357143,2012-05-27 UTC--2012-06-02 UTC
2012-W23,2.011764706,NA,NA,05/06/2012,0,0,0,0,0,0,0,0,0,0,0,23.98571429,69.17857143,NA
2012-W24,NA,NA,NA,NA,0,0,0,0,0,0,0,0,0,0,0,25.56785714,72.41071429,NA
2012-W25,NA,NA,NA,NA,0,0,0,0,0,0,0,0,0,0,0,27.29107143,68.78571429,NA
2012-W26,NA,NA,NA,NA,0,0,0,0,0,0,0,0,0,0,0,27.23035714,71.75,NA
2012-W27,NA,NA,NA,NA,0,0,0,0,0,0,0,0,0,0,0,27.86607143,69.01785714,NA
2012-W28,NA,NA,NA,NA,0,0,0,0,0,0,0,0,0,0,0,28.4,70.55357143,NA
2012-W29,NA,NA,NA,NA,0,0,0,0,0,0,0,0,0,0,0,29.49642857,70.89285714,NA
2012-W30,NA,NA,NA,NA,0,0,0,0,0,0,0,0,0,0,0,29.525,69.125,NA
2012-W31,NA,NA,NA,NA,0,0,0,0,0,0,0,0,0,0,0,29.71785714,64.26785714,NA
2012-W32,2.070588235,NA,NA,06/08/2012,0,0,0,0,0,0,0,0,0,0,0,29.39107143,68.64285714,NA
2012-W32,2.019379845,NA,NA,08/08/2012,0,0,0,0,0,0,0,0,0,0,0,29.39107143,68.64285714,NA
2012-W33,NA,NA,NA,NA,0,0,0,0,0,0,0,0,0,0,0,29.01071429,67.67857143,NA
2012-W34,NA,NA,NA,NA,0,0,0,0,0,0,0,0,0,0,0,28.99285714,67.5,NA
2012-W35,NA,NA,NA,NA,0,0,0,0,0,0,0,0,0,0,0,28.13928571,66.85714286,NA
2012-W36,NA,NA,NA,NA,0,0,0,0,0,0,0,0,0,0,0,28.24464286,67.89285714,NA
2012-W37,NA,NA,NA,NA,0,0,0,0,0,0,0,0,0,0,0,27.27321429,64.23214286,NA
2012-W38,NA,NA,NA,NA,0,0,0,0,0,0,0,0,0,0,0,26.73571429,66.92857143,NA
2012-W39,NA,NA,NA,NA,0,0,0,0,0,0,0,0,0,0,0,26.075,67.58928571,NA
2012-W40,NA,NA,NA,NA,0,0,0,0,0,0,0,0,0,0,0,26.92857143,70.125,NA
2012-W41,NA,NA,NA,NA,0,0,0,0,0,0,0,0,0,0,0,24.9625,65.01785714,NA
2012-W42,NA,NA,NA,NA,0,0,0,0,0,0,0,0,0,0,0,25.31071429,72.17857143,NA
2012-W43,2.001919386,NA,NA,24/10/2012,0,0,0,0,0,0,0,0,0,0,0,23.17142857,68.55357143,NA
2012-W44,NA,NA,NA,NA,0,0,0,0,0,0,0,0,0,0,0,23.40357143,66.33928571,NA
2012-W45,NA,NA,NA,NA,0,0,0,0,0,0,0,0,0,0,0,22.71428571,69.23214286,NA
2012-W46,NA,NA,NA,NA,1,1,0,1,0,3,3,0,3,0,0,20.01428571,67.67857143,2012-11-11 UTC--2012-11-17 UTC
2012-W47,NA,NA,NA,NA,2,2,0,2,0,3,3,0,3,0,0,19.00535714,77.44642857,2012-11-18 UTC--2012-11-24 UTC
2012-W48,NA,NA,NA,NA,0,0,0,0,0,0,0,0,0,0,0,17.6125,71.51785714,NA
2012-W49,2.035225049,NA,NA,02/12/2012,0,0,0,0,0,0,0,0,0,0,0,17.82321429,73.32142857,NA
2012-W50,NA,NA,NA,NA,0,0,0,0,0,0,0,0,0,0,0,15.68214286,76.05357143,NA
2012-W51,NA,NA,NA,NA,0,0,0,0,0,0,0,0,0,0,0,14.9875,69.98214286,NA
2012-W52,NA,NA,NA,NA,0,0,0,0,0,0,0,0,0,0,0,14.38035714,78.17857143,NA
2012-W53,NA,NA,NA,NA,0,0,0,0,0,0,0,0,0,0,0,14.51875,76.4375,NA
2013-W00,1.93957115,NA,NA,02/01/2013,0,0,0,0,0,0,0,0,0,0,0,14.1725,79.625,NA
2013-W00,1.953488372,NA,NA,04/01/2013,0,0,0,0,0,0,0,0,0,0,0,14.1725,79.625,NA
2013-W01,NA,NA,NA,NA,0,0,0,0,0,0,0,0,0,0,0,11.10892857,72.53571429,NA
2013-W02,NA,NA,NA,NA,0,0,0,0,0,0,0,0,0,0,0,13.15,65.33928571,NA
2013-W03,NA,NA,NA,NA,0,0,0,0,0,0,0,0,0,0,0,15.1625,72.75,NA
2013-W04,NA,NA,NA,NA,0,0,0,0,0,0,0,0,0,0,0,13.58928571,81.66071429,NA
2013-W05,NA,NA,NA,NA,0,0,0,0,0,0,0,0,0,0,0,15.1625,70.32142857,NA
2013-W06,NA,NA,NA,NA,0,0,0,0,0,0,0,0,0,0,0,14.42619048,72,NA
2013-W07,NA,NA,NA,NA,0,0,0,0,0,0,0,0,0,0,0,15.22321429,70.03571429,NA
2013-W08,NA,NA,NA,NA,0,0,0,0,0,0,0,0,0,0,0,16.94642857,69.30357143,NA
2013-W09,NA,NA,NA,NA,0,0,0,0,0,0,0,0,0,0,0,17.62857143,53.28571429,NA
2013-W10,NA,NA,NA,NA,0,0,0,0,0,0,0,0,0,0,0,21.05357143,56.67857143,NA
2013-W11,NA,NA,NA,NA,0,0,0,0,0,0,0,0,0,0,0,17.41607143,61.41071429,NA
2013-W12,NA,NA,NA,NA,0,0,0,0,0,0,0,0,0,0,0,18.39821429,62.41071429,NA
2013-W13,1.984282908,NA,NA,31/03/2013,0,0,0,0,0,0,0,0,0,0,0,19.9625,63.73214286,NA
2013-W14,NA,NA,NA,NA,0,0,0,0,0,0,0,0,0,0,0,19.21428571,63.53571429,NA
2013-W15,NA,NA,NA,NA,0,0,0,0,0,0,0,0,0,0,0,17.29464286,71.375,NA
2013-W16,NA,NA,NA,NA,0,0,0,0,0,0,0,0,0,0,0,20.42678571,57.69642857,NA
2013-W17,1.834331337,NA,NA,30/04/2013,1,0,1,1,0,1,0,1,1,0,0,24.88928571,46.14285714,2013-04-28 UTC--2013-05-04 UTC
2013-W18,NA,NA,NA,NA,0,0,0,0,0,0,0,0,0,0,0,22.53392857,73.16071429,NA
2013-W19,NA,NA,NA,NA,0,0,0,0,0,0,0,0,0,0,0,21.74821429,66.10714286,NA
2013-W20,NA,NA,NA,NA,0,0,0,0,0,0,0,0,0,0,0,23.99285714,67.05357143,NA
2013-W21,1.994129159,NA,NA,30/05/2013,0,0,0,0,0,0,0,0,0,0,0,24.49464286,61.10714286,NA
2013-W22,NA,NA,NA,NA,0,0,0,0,0,0,0,0,0,0,0,25.40714286,57.46428571,NA
2013-W23,NA,NA,NA,NA,0,0,0,0,0,0,0,0,0,0,0,25.14821429,63.03571429,NA
2013-W24,NA,NA,NA,NA,0,0,0,0,0,0,0,0,0,0,0,25.96428571,66.25,NA
2013-W25,NA,NA,NA,NA,0,0,0,0,0,0,0,0,0,0,0,26.60357143,70.19642857,NA
2013-W26,2.444174757,NA,NA,03/07/2013,0,0,0,0,0,0,0,0,0,0,0,26.44285714,63.33928571,NA
2013-W27,NA,NA,NA,NA,0,0,0,0,0,0,0,0,0,0,0,26.85535714,65.71428571,NA
2013-W28,NA,NA,NA,NA,0,0,0,0,0,0,0,0,0,0,0,27.1625,68.80357143,NA
2013-W29,NA,NA,NA,NA,0,0,0,0,0,0,0,0,0,0,0,27.28928571,70.64285714,NA
2013-W30,2.001992032,NA,NA,30/07/2013,0,0,0,0,0,0,0,0,0,0,0,27.54642857,70,NA
2013-W31,NA,NA,NA,NA,0,0,0,0,0,0,0,0,0,0,0,27.77321429,70.42857143,NA
2013-W32,NA,NA,NA,NA,0,0,0,0,0,0,0,0,0,0,0,28.18392857,69.60714286,NA
2013-W33,NA,NA,NA,NA,0,0,0,0,0,0,0,0,0,0,0,27.89821429,68.42857143,NA
2013-W34,2.005964215,NA,NA,28/08/2013,0,0,0,0,0,0,0,0,0,0,0,27.77678571,68.71428571,NA
2013-W35,NA,NA,NA,NA,0,0,0,0,0,0,0,0,0,0,0,27.33392857,63.26785714,NA
2013-W36,NA,NA,NA,NA,0,0,0,0,0,0,0,0,0,0,0,26.73214286,65.19642857,NA
2013-W37,NA,NA,NA,NA,1,0,1,1,0,1,0,1,1,0,0,26.81071429,61.98214286,2013-09-15 UTC--2013-09-21 UTC
2013-W38,NA,NA,NA,NA,1,0,1,0,1,1,0,1,0,1,0,24.82142857,61.25,2013-09-22 UTC--2013-09-28 UTC
2013-W39,2.093625498,NA,NA,01/10/2013,0,0,0,0,0,0,0,0,0,0,0,24.39464286,60.39285714,NA
2013-W40,NA,NA,NA,NA,1,0,1,1,0,1,0,1,1,0,0,22.22857143,45.76785714,2013-10-06 UTC--2013-10-12 UTC
2013-W41,NA,NA,NA,NA,0,0,0,0,0,0,0,0,0,0,0,22.1375,68.375,NA
2013-W42,NA,NA,NA,NA,0,0,0,0,0,0,0,0,0,0,0,21.20178571,57.28571429,NA
2013-W43,2.066,NA,NA,29/10/2013,0,0,0,0,0,0,0,0,0,0,0,21.15535714,58.71428571,NA
2013-W44,NA,NA,NA,NA,0,0,0,0,0,0,0,0,0,0,0,22.21964286,60.44642857,NA
2013-W45,NA,NA,NA,NA,1,1,0,1,0,1,1,0,1,0,0,20.65357143,64.85714286,2013-11-10 UTC--2013-11-16 UTC
2013-W46,NA,NA,NA,NA,0,0,0,0,0,0,0,0,0,0,0,18.30178571,67.21428571,NA
2013-W47,2.004,NA,NA,28/11/2013,0,0,0,0,0,0,0,0,0,0,0,21.02321429,55.08928571,NA
2013-W48,NA,NA,NA,NA,0,0,0,0,0,0,0,0,0,0,0,19.56607143,63.08928571,NA
2013-W49,NA,NA,NA,NA,0,0,0,0,0,0,0,0,0,0,0,10.73928571,78.92857143,NA
2013-W50,NA,NA,NA,NA,0,0,0,0,0,0,0,0,0,0,0,9.996428571,68.51785714,NA
2013-W51,NA,NA,NA,NA,1,1,0,1,0,1,1,0,1,0,0,13.89464286,49.46428571,2013-12-22 UTC--2013-12-28 UTC
2013-W52,2.083499006,NA,NA,31/12/2013,0,0,0,0,0,0,0,0,0,0,0,12.525,75.25,NA
2014-W00,NA,NA,NA,NA,0,0,0,0,0,0,0,0,0,0,0,12.425,77.34375,NA
2014-W01,NA,NA,NA,NA,0,0,0,0,0,0,0,0,0,0,0,12.74285714,64.625,NA
2014-W02,NA,NA,NA,NA,0,0,0,0,0,0,0,0,0,0,0,14.36964286,74.875,NA
2014-W03,NA,NA,NA,NA,0,0,0,0,0,0,0,0,0,0,0,13.68035714,75.66071429,NA
2014-W04,1.98816568,NA,NA,29/01/2014,0,0,0,0,0,0,0,0,0,0,0,14.76607143,67.07142857,NA
2014-W05,NA,NA,NA,NA,0,0,0,0,0,0,0,0,0,0,0,12.16428571,55.05357143,NA
2014-W06,NA,NA,NA,NA,0,0,0,0,0,0,0,0,0,0,0,14.18214286,61.75,NA
2014-W07,NA,NA,NA,NA,0,0,0,0,0,0,0,0,0,0,0,15.33571429,69.07142857,NA
2014-W08,NA,NA,NA,NA,0,0,0,0,0,0,0,0,0,0,0,15.2875,72.16071429,NA
2014-W09,2,NA,NA,04/03/2014,0,0,0,0,0,0,0,0,0,0,0,18.95357143,57.53571429,NA
2014-W10,NA,NA,NA,NA,0,0,0,0,0,0,0,0,0,0,0,14.31607143,76.80357143,NA
2014-W11,NA,NA,NA,NA,0,0,0,0,0,0,0,0,0,0,0,16.98571429,73.875,NA
2014-W12,NA,NA,NA,NA,0,0,0,0,0,0,0,0,0,0,0,17.83928571,72.07142857,NA
2014-W13,2.128,NA,NA,31/03/2014,0,0,0,0,0,0,0,0,0,0,0,16.82857143,61.76785714,NA
2014-W14,NA,NA,NA,NA,0,0,0,0,0,0,0,0,0,0,0,18.8875,63.91071429,NA
2014-W15,NA,NA,NA,NA,1,0,1,1,0,2,0,2,2,0,0,21.63214286,53.14285714,2014-04-13 UTC--2014-04-19 UTC
2014-W16,NA,NA,NA,NA,0,0,0,0,0,0,0,0,0,0,0,21.56428571,64.89285714,NA
2014-W17,2.078,NA,NA,29/04/2014,0,0,0,0,0,0,0,0,0,0,0,21.55892857,59.80357143,NA
2014-W18,NA,NA,NA,NA,0,0,0,0,0,0,0,0,0,0,0,23.78035714,55.58928571,NA
2014-W19,NA,NA,NA,NA,0,0,0,0,0,0,0,0,0,0,0,21.08214286,65.14285714,NA
2014-W20,NA,NA,NA,NA,0,0,0,0,0,0,0,0,0,0,0,22.3375,64.41071429,NA
2014-W21,1.893069307,NA,NA,29/05/2014,0,0,0,0,0,0,0,0,0,0,0,24.44464286,60.57142857,NA
2014-W22,NA,NA,NA,NA,0,0,0,0,0,0,0,0,0,0,0,24.85090909,56.14545455,NA
2014-W23,NA,NA,NA,NA,1,0,1,1,0,3,0,3,3,0,0,24.09107143,67.66071429,2014-06-08 UTC--2014-06-14 UTC
2014-W24,NA,NA,NA,NA,0,0,0,0,0,0,0,0,0,0,0,26.21071429,62.42857143,NA
2014-W25,NA,NA,NA,NA,0,0,0,0,0,0,0,0,0,0,0,26.1375,66.55357143,NA
2014-W26,2.023904382,NA,NA,30/06/2014,0,0,0,0,0,0,0,0,0,0,0,27.15,68.875,NA
2014-W27,NA,NA,NA,NA,0,0,0,0,0,0,0,0,0,0,0,27.12321429,66.96428571,NA
2014-W28,NA,NA,NA,NA,4,3,1,2,2,6,4,2,2,4,0,27.18928571,62.5,2014-07-13 UTC--2014-07-19 UTC
2014-W29,2.24537037,NA,NA,23/07/2014,13,2,11,0,13,36,5,31,0,36,0,27.20892857,67.03571429,2014-07-20 UTC--2014-07-26 UTC
2014-W30,NA,NA,NA,NA,6,3,3,0,6,21,14,7,0,21,0,27.42678571,68.375,2014-07-27 UTC--2014-08-02 UTC
2014-W31,NA,NA,NA,NA,1,1,0,1,0,1,1,0,1,0,0,27.93928571,65.78571429,2014-08-03 UTC--2014-08-09 UTC
2014-W32,1.3,NA,NA,12/08/2014,0,0,0,0,0,0,0,0,0,0,0,27.99285714,69.10714286,NA
2014-W33,NA,NA,NA,NA,2,2,0,2,0,2,2,0,2,0,0,28.11964286,67.19642857,2014-08-17 UTC--2014-08-23 UTC
2014-W34,NA,NA,NA,NA,1,1,0,1,0,2,2,0,2,0,0,28.09285714,70.33928571,2014-08-24 UTC--2014-08-30 UTC
2014-W35,NA,NA,NA,NA,0,0,0,0,0,0,0,0,0,0,0,27.8125,63.80357143,NA
2014-W36,NA,NA,NA,NA,0,0,0,0,0,0,0,0,0,0,0,27.03928571,61.98214286,NA
2014-W37,2.142034549,NA,NA,18/09/2014,0,0,0,0,0,0,0,0,0,0,0,27.0625,60.5,NA
2014-W38,NA,NA,NA,NA,0,0,0,0,0,0,0,0,0,0,0,26.40357143,62.58928571,NA
2014-W39,NA,NA,NA,NA,0,0,0,0,0,0,0,0,0,0,0,24.45357143,62.625,NA
2014-W40,NA,NA,NA,NA,0,0,0,0,0,0,0,0,0,0,0,23.975,68.67857143,NA
2014-W41,NA,NA,NA,NA,0,0,0,0,0,0,0,0,0,0,0,23.02678571,66.82142857,NA
2014-W42,NA,NA,NA,NA,1,0,1,1,0,2,0,2,2,0,0,21.18392857,62.26785714,2014-10-19 UTC--2014-10-25 UTC
2014-W43,NA,NA,NA,NA,0,0,0,0,0,0,0,0,0,0,0,21.47678571,67.51785714,NA
2014-W44,2.001988072,NA,NA,05/11/2014,1,1,0,1,0,4,4,0,4,0,0,20.27678571,55.76785714,2014-11-02 UTC--2014-11-08 UTC
2014-W45,NA,NA,NA,NA,2,1,1,2,0,2,1,1,2,0,0,19.18392857,67.85714286,2014-11-09 UTC--2014-11-15 UTC
2014-W46,NA,NA,NA,NA,1,1,0,1,0,6,6,0,6,0,0,19.10714286,67.80357143,2014-11-16 UTC--2014-11-22 UTC
2014-W47,NA,NA,NA,NA,0,0,0,0,0,0,0,0,0,0,0,15.175,80.73214286,NA
2014-W48,2.079681275,NA,NA,03/12/2014,0,0,0,0,0,0,0,0,0,0,0,17.49285714,75.19642857,NA
2014-W49,NA,NA,NA,NA,0,0,0,0,0,0,0,0,0,0,0,17.66785714,70.71428571,NA
2014-W50,NA,NA,NA,NA,0,0,0,0,0,0,0,0,0,0,0,15.01785714,77.44642857,NA
2014-W51,NA,NA,NA,NA,0,0,0,0,0,0,0,0,0,0,0,14.30714286,76.53571429,NA
2014-W52,1.908183633,NA,NA,31/12/2014,0,0,0,0,0,0,0,0,0,0,0,13.49375,72.1875,NA
2015-W00,NA,NA,NA,NA,0,0,0,0,0,0,0,0,0,0,0,13.2625,69.95833333,NA
2015-W01,NA,NA,NA,NA,0,0,0,0,0,0,0,0,0,0,0,10.49642857,71.39285714,NA
2015-W02,NA,NA,NA,NA,0,0,0,0,0,0,0,0,0,0,0,10.43035714,78.82142857,NA
2015-W03,NA,NA,NA,NA,0,0,0,0,0,0,0,0,0,0,0,12.82857143,72.41071429,NA
2015-W04,NA,NA,NA,NA,0,0,0,0,0,0,0,0,0,0,0,13.47857143,71.08928571,NA
2015-W05,NA,NA,NA,NA,0,0,0,0,0,0,0,0,0,0,0,14.19272727,70.14545455,NA
2015-W06,NA,NA,NA,NA,0,0,0,0,0,0,0,0,0,0,0,12.99107143,62.05357143,NA
2015-W07,NA,NA,NA,NA,0,0,0,0,0,0,0,0,0,0,0,11.57857143,73.58928571,NA
2015-W08,NA,NA,NA,NA,0,0,0,0,0,0,0,0,0,0,0,15.95714286,62.96428571,NA
2015-W09,1.928143713,NA,NA,03/03/2015,0,0,0,0,0,0,0,0,0,0,0,16.83214286,62.96428571,NA
2015-W10,NA,NA,NA,NA,0,0,0,0,0,0,0,0,0,0,0,17.67678571,69.64285714,NA
2015-W11,NA,NA,NA,NA,0,0,0,0,0,0,0,0,0,0,0,15.22857143,66.44642857,NA
2015-W12,NA,NA,NA,NA,0,0,0,0,0,0,0,0,0,0,0,19.03214286,52.57142857,NA
2015-W13,1.984063745,NA,NA,30/03/2015,0,0,0,0,0,0,0,0,0,0,0,18.03035714,67.53571429,NA
2015-W14,NA,NA,NA,NA,0,0,0,0,0,0,0,0,0,0,0,18.28571429,61.53571429,NA
2015-W15,NA,NA,NA,NA,1,0,1,1,0,1,0,1,1,0,0,16.42142857,71.82142857,2015-04-12 UTC--2015-04-18 UTC
2015-W16,NA,NA,NA,NA,0,0,0,0,0,0,0,0,0,0,0,18.25357143,58.14285714,NA
2015-W17,NA,NA,NA,NA,0,0,0,0,0,0,0,0,0,0,0,20.57857143,64,NA
2015-W18,2.019685039,NA,NA,05/05/2015,0,0,0,0,0,0,0,0,0,0,0,20.99107143,64.48214286,NA
2015-W19,NA,NA,NA,NA,0,0,0,0,0,0,0,0,0,0,0,21.53571429,64.71428571,NA
2015-W20,NA,NA,NA,NA,0,0,0,0,0,0,0,0,0,0,0,25.14285714,54.41071429,NA
2015-W21,NA,NA,NA,NA,0,0,0,0,0,0,0,0,0,0,0,26.18214286,50.46428571,NA
2015-W22,2.02745098,NA,NA,04/06/2015,0,0,0,0,0,0,0,0,0,0,0,22.76964286,64.23214286,NA
2015-W23,NA,NA,NA,NA,0,0,0,0,0,0,0,0,0,0,0,24.68035714,63.89285714,NA
2015-W24,NA,NA,NA,NA,1,0,1,1,0,1,0,1,1,0,0,25.15,66.55357143,2015-06-14 UTC--2015-06-20 UTC
2015-W25,NA,NA,NA,NA,0,0,0,0,0,0,0,0,0,0,0,25.29464286,60.69642857,NA
2015-W26,2.126459144,NA,NA,01/07/2015,1,0,1,1,0,1,0,1,1,0,0,25.4125,65.69642857,2015-06-28 UTC--2015-07-04 UTC
2015-W27,NA,NA,NA,NA,0,0,0,0,0,0,0,0,0,0,0,25.65535714,67.58928571,NA
2015-W28,NA,NA,NA,NA,0,0,0,0,0,0,0,0,0,0,0,26.77857143,70.10714286,NA
2015-W29,NA,NA,NA,NA,0,0,0,0,0,0,0,0,0,0,0,27.62142857,68.73214286,NA
2015-W30,2.112621359,NA,NA,30/07/2015,0,0,0,0,0,0,0,0,0,0,0,27.97678571,67.51785714,NA
2015-W31,NA,NA,NA,NA,0,0,0,0,0,0,0,0,0,0,0,30.18035714,66,NA
2015-W32,NA,NA,NA,NA,0,0,0,0,0,0,0,0,0,0,0,29.03214286,67.44642857,NA
2015-W33,NA,NA,NA,NA,0,0,0,0,0,0,0,0,0,0,0,29.64464286,65.92857143,NA
2015-W34,NA,NA,NA,NA,0,0,0,0,0,0,0,0,0,0,0,28.58571429,64.14285714,NA
2015-W35,2.005882353,NA,NA,31/08/2015,0,0,0,0,0,0,0,0,0,0,0,28.48928571,66.33928571,NA
2015-W36,NA,NA,NA,NA,0,0,0,0,0,0,0,0,0,0,0,29.68392857,71.42857143,NA
2015-W37,NA,NA,NA,NA,1,0,1,1,0,1,0,1,1,0,0,28.22857143,67.71428571,2015-09-13 UTC--2015-09-19 UTC
2015-W38,NA,NA,NA,NA,0,0,0,0,0,0,0,0,0,0,0,27.79107143,55.08928571,NA
2015-W39,NA,NA,NA,NA,2,0,2,2,0,5,0,5,5,0,0,26.7,67.01785714,2015-09-27 UTC--2015-10-03 UTC
2015-W40,2.100196464,NA,NA,08/10/2015,0,0,0,0,0,0,0,0,0,0,0,25.11071429,70.07142857,NA
2015-W41,NA,NA,NA,NA,2,1,1,2,0,4,1,3,4,0,0,25.25714286,69.91071429,2015-10-11 UTC--2015-10-17 UTC
2015-W42,NA,NA,NA,NA,1,0,1,1,0,1,0,1,1,0,0,25.0875,66.5,2015-10-18 UTC--2015-10-24 UTC
2015-W43,2.044921875,NA,NA,29/10/2015,0,0,0,0,0,0,0,0,0,0,0,20.62678571,78.05357143,NA
2015-W44,NA,NA,NA,NA,1,0,1,0,1,1,0,1,0,1,0,21.92857143,64,2015-11-01 UTC--2015-11-07 UTC
2015-W45,NA,NA,NA,NA,1,0,1,1,0,2,0,2,2,0,0,19.21785714,68.48214286,2015-11-08 UTC--2015-11-14 UTC
2015-W46,NA,NA,NA,NA,2,1,1,2,0,3,2,1,3,0,0,19.42678571,70.14285714,2015-11-15 UTC--2015-11-21 UTC
2015-W47,NA,NA,NA,NA,2,0,2,2,0,2,0,2,2,0,0,18.98214286,58.46428571,2015-11-22 UTC--2015-11-28 UTC
2015-W48,2.150943396,NA,NA,01/12/2015,0,0,0,0,0,0,0,0,0,0,0,15.31071429,67.30357143,NA
2015-W49,NA,NA,NA,NA,1,0,1,1,0,1,0,1,1,0,0,12.15178571,67.75,2015-12-06 UTC--2015-12-12 UTC
2015-W50,NA,NA,NA,NA,0,0,0,0,0,0,0,0,0,0,0,13.65892857,81.89285714,NA
2015-W51,NA,NA,NA,NA,1,0,1,1,0,1,0,1,1,0,0,12.78392857,71.21428571,2015-12-20 UTC--2015-12-26 UTC
2015-W52,2.052,NA,NA,29/12/2015,0,0,0,0,0,0,0,0,0,0,0,15.375,62.05,NA
2015-W52,2.059760956,NA,NA,30/12/2015,0,0,0,0,0,0,0,0,0,0,0,15.375,62.05,NA
2016-W00,NA,NA,NA,NA,0,0,0,0,0,0,0,0,0,0,0,11.1375,71.1875,NA
2016-W01,NA,NA,NA,NA,0,0,0,0,0,0,0,0,0,0,0,14.47678571,68.51785714,NA
2016-W02,NA,NA,NA,NA,0,0,0,0,0,0,0,0,0,0,0,13.14642857,78.07142857,NA
2016-W03,NA,NA,NA,NA,1,0,1,1,0,1,0,1,1,0,0,12.79285714,73.17857143,2016-01-17 UTC--2016-01-23 UTC
2016-W04,2.17,NA,NA,28/01/2016,1,0,1,1,0,1,0,1,1,0,0,8.5375,75.71428571,2016-01-24 UTC--2016-01-30 UTC
2016-W05,NA,NA,NA,NA,1,0,1,0,1,1,0,1,0,1,0,12.79821429,71.55357143,2016-01-31 UTC--2016-02-06 UTC
2016-W06,NA,NA,NA,NA,0,0,0,0,0,0,0,0,0,0,0,12.875,77.01785714,NA
2016-W07,NA,NA,NA,NA,1,0,1,1,0,1,0,1,1,0,0,18.10178571,63.80357143,2016-02-14 UTC--2016-02-20 UTC
2016-W08,NA,NA,NA,NA,0,0,0,0,0,0,0,0,0,0,0,14.87142857,80.76785714,NA
2016-W09,2.169660679,NA,NA,01/03/2016,0,0,0,0,0,0,0,0,0,0,0,18.60892857,61.28571429,NA
2016-W10,NA,NA,NA,NA,0,0,0,0,0,0,0,0,0,0,0,17.34107143,66.91071429,NA
2016-W11,NA,NA,NA,NA,0,0,0,0,0,0,0,0,0,0,0,17.43392857,63.91071429,NA
2016-W12,NA,NA,NA,NA,0,0,0,0,0,0,0,0,0,0,0,19.15357143,54.375,NA
2016-W13,2.138,NA,NA,30/03/2016,0,0,0,0,0,0,0,0,0,0,0,17.26964286,58.82142857,NA
2016-W14,NA,NA,NA,NA,0,0,0,0,0,0,0,0,0,0,0,21.05535714,59.23214286,NA
2016-W15,NA,NA,NA,NA,0,0,0,0,0,0,0,0,0,0,0,19.39107143,69.23214286,NA
2016-W16,NA,NA,NA,NA,0,0,0,0,0,0,0,0,0,0,0,22.05535714,58.5,NA
2016-W17,NA,NA,NA,NA,0,0,0,0,0,0,0,0,0,0,0,22.78214286,54.58928571,NA
2016-W18,2.092,NA,NA,03/05/2016,0,0,0,0,0,0,0,0,0,0,0,22.24464286,58.69642857,NA
2016-W19,NA,NA,NA,NA,0,0,0,0,0,0,0,0,0,0,0,22.25892857,58.94642857,NA
2016-W20,NA,NA,NA,NA,0,0,0,0,0,0,0,0,0,0,0,24.67678571,55.44642857,NA
2016-W21,NA,NA,NA,NA,0,0,0,0,0,0,0,0,0,0,0,23.30178571,58.25,NA
2016-W22,2.13,NA,NA,01/06/2016,0,0,0,0,0,0,0,0,0,0,0,25.10714286,52.75,NA
2016-W23,NA,NA,NA,NA,1,1,0,1,0,3,3,0,3,0,0,25.27142857,55.96428571,2016-06-05 UTC--2016-06-11 UTC
2016-W24,NA,NA,NA,NA,0,0,0,0,0,0,0,0,0,0,0,26.01785714,61.82142857,NA
2016-W25,NA,NA,NA,NA,0,0,0,0,0,0,0,0,0,0,0,27.5,68.32142857,NA
2016-W26,2.282,NA,NA,29/06/2016,2,0,2,2,0,2,0,2,2,0,0,27.47857143,71.41071429,2016-06-26 UTC--2016-07-02 UTC
2016-W27,NA,NA,NA,NA,0,0,0,0,0,0,0,0,0,0,0,27.6625,69.46428571,NA
2016-W28,NA,NA,NA,NA,0,0,0,0,0,0,0,0,0,0,0,27.87321429,70.83928571,NA
2016-W29,NA,NA,NA,NA,0,0,0,0,0,0,0,0,0,0,0,27.84464286,63.625,NA
2016-W30,2.112,NA,NA,27/07/2016,0,0,0,0,0,0,0,0,0,0,0,28.04821429,70.64285714,NA
2016-W31,NA,NA,NA,NA,0,0,0,0,0,0,0,0,0,0,0,28.50714286,70.69642857,NA
2016-W32,NA,NA,NA,NA,0,0,0,0,0,0,0,0,0,0,0,28.4625,68.30357143,NA
2016-W33,NA,NA,NA,NA,0,0,0,0,0,0,0,0,0,0,0,28.24285714,66.78571429,NA
2016-W34,NA,NA,NA,NA,0,0,0,0,0,0,0,0,0,0,0,28.44464286,67,NA
2016-W35,2.06,NA,NA,31/08/2016,0,0,0,0,0,0,0,0,0,0,0,27.90535714,63.53571429,NA
2016-W36,NA,NA,NA,NA,0,0,0,0,0,0,0,0,0,0,0,27.10535714,66.46428571,NA
2016-W37,NA,NA,NA,NA,0,0,0,0,0,0,0,0,0,0,0,27.13571429,66.60714286,NA
2016-W38,NA,NA,NA,NA,0,0,0,0,0,0,0,0,0,0,0,26.68571429,65.05357143,NA
2016-W39,NA,NA,NA,NA,0,0,0,0,0,0,0,0,0,0,0,24.87142857,58.10714286,NA
2016-W40,NA,NA,NA,NA,0,0,0,0,0,0,0,0,0,0,0,25.0375,61.08928571,NA
2016-W41,2.07797271,NA,NA,09/10/2016,1,0,1,1,0,2,0,2,2,0,0,24.16607143,69.25,2016-10-09 UTC--2016-10-15 UTC
2016-W42,NA,NA,NA,NA,0,0,0,0,0,0,0,0,0,0,0,22.98035714,64.76785714,NA
2016-W43,NA,NA,NA,NA,0,0,0,0,0,0,0,0,0,0,0,23.06428571,67.23214286,NA
2016-W44,2.14,NA,NA,31/10/2016,0,0,0,0,0,0,0,0,0,0,0,21.21071429,64.85714286,NA
2016-W45,NA,NA,NA,NA,0,0,0,0,0,0,0,0,0,0,0,20.00178571,64.41071429,NA
2016-W46,NA,NA,NA,NA,0,0,0,0,0,0,0,0,0,0,0,20.06964286,63.19642857,NA
2016-W47,NA,NA,NA,NA,0,0,0,0,0,0,0,0,0,0,0,18.63035714,14.83928571,NA
2016-W48,2.072,NA,NA,01/12/2016,0,0,0,0,0,0,0,0,0,0,0,16.13214286,55.91071429,NA
2016-W49,NA,NA,NA,NA,0,0,0,0,0,0,0,0,0,0,0,13.95178571,69.66071429,NA
2016-W50,NA,NA,NA,NA,0,0,0,0,0,0,0,0,0,0,0,14.63392857,71.76785714,NA
2016-W51,NA,NA,NA,NA,0,0,0,0,0,0,0,0,0,0,0,12.15892857,72.21428571,NA
2016-W52,NA,NA,NA,NA,0,0,0,0,0,0,0,0,0,0,0,11.57321429,74.42857143,NA
2017-W01,2.01996008,NA,NA,03/01/2017,0,0,0,0,0,0,0,0,0,0,0,11.68928571,75,NA
2017-W02,NA,NA,NA,NA,1,0,1,1,0,4,0,4,4,0,0,11.81428571,65.625,2017-01-08 UTC--2017-01-14 UTC
2017-W03,NA,NA,NA,NA,0,0,0,0,0,0,0,0,0,0,0,13,77.19642857,NA
2017-W04,NA,NA,NA,NA,0,0,0,0,0,0,0,0,0,0,0,12.97321429,65.35714286,NA
2017-W05,2.072,NA,NA,01/02/2017,0,0,0,0,0,0,0,0,0,0,0,9.828571429,69.78571429,NA
2017-W06,NA,NA,NA,NA,0,0,0,0,0,0,0,0,0,0,0,13.92142857,66.5,NA
2017-W07,NA,NA,NA,NA,0,0,0,0,0,0,0,0,0,0,0,10.48571429,79.21428571,NA
2017-W08,NA,NA,NA,NA,0,0,0,0,0,0,0,0,0,0,0,12.25714286,68.96428571,NA
2017-W09,2.004,NA,NA,27/02/2017,0,0,0,0,0,0,0,0,0,0,0,15.56428571,72.14285714,NA
2017-W10,NA,NA,NA,NA,0,0,0,0,0,0,0,0,0,0,0,16.49464286,67.73214286,NA
2017-W11,NA,NA,NA,NA,0,0,0,0,0,0,0,0,0,0,0,15.43035714,68.82142857,NA
2017-W12,NA,NA,NA,NA,0,0,0,0,0,0,0,0,0,0,0,15.90535714,71.19642857,NA
2017-W13,2.066,NA,NA,29/03/2017,0,0,0,0,0,0,0,0,0,0,0,17.19821429,66.21428571,NA
2017-W14,NA,NA,NA,NA,1,0,1,1,0,1,0,1,1,0,0,18.75,64.85714286,2017-04-02 UTC--2017-04-08 UTC
2017-W15,NA,NA,NA,NA,0,0,0,0,0,0,0,0,0,0,0,19.33928571,63.23214286,NA
2017-W16,NA,NA,NA,NA,0,0,0,0,0,0,0,0,0,0,0,20.99821429,56.01785714,NA
2017-W17,2.082,NA,NA,26/04/2017,0,0,0,0,0,0,0,0,0,0,0,18.95535714,64.80357143,NA
2017-W18,NA,NA,NA,NA,0,0,0,0,0,0,0,0,0,0,0,20.56428571,69.82142857,NA
2017-W19,NA,NA,NA,NA,0,0,0,0,0,0,0,0,0,0,0,23.44821429,58.16071429,NA
2017-W20,NA,NA,NA,NA,0,0,0,0,0,0,0,0,0,0,0,23.48214286,63.89285714,NA
2017-W21,NA,NA,NA,NA,0,0,0,0,0,0,0,0,0,0,0,22.70535714,57.05357143,NA
2017-W22,NA,NA,NA,NA,1,1,0,1,0,1,1,0,1,0,0,23.63928571,63.91071429,2017-05-28 UTC--2017-06-03 UTC
2017-W23,NA,NA,NA,NA,0,0,0,0,0,0,0,0,0,0,0,24.98571429,65.35714286,NA
2017-W24,NA,NA,NA,NA,1,0,1,1,0,1,0,1,1,0,0,24.98035714,67.75,2017-06-11 UTC--2017-06-17 UTC
2017-W25,NA,NA,NA,NA,0,0,0,0,0,0,0,0,0,0,0,25.52857143,66.44642857,NA
2017-W26,NA,NA,NA,NA,0,0,0,0,0,0,0,0,0,0,0,26.86785714,71.16071429,NA
